date,cloud_cover_in_country,cloud_cover_in_east_of_country,fires_per_day,war_fires_per_day,fires_per_day_in_ukraine_held_area,war_fires_per_day_in_ukraine_held_area,fires_per_day_in_russia_held_area,war_fires_per_day_in_russia_held_area,fires_per_day_non_cloud_days_7dma,fires_per_day_7dma,war_fires_per_day_non_cloud_days_7dma,war_fires_per_day_7dma,fires_per_day_in_ukraine_held_area_non_cloud_days_7dma,fires_per_day_in_ukraine_held_area_7dma,war_fires_per_day_in_ukraine_held_area_non_cloud_days_7dma,war_fires_per_day_in_ukraine_held_area_7dma,fires_per_day_in_russia_held_area_non_cloud_days_7dma,fires_per_day_in_russia_held_area_7dma,war_fires_per_day_in_russia_held_area_non_cloud_days_7dma,war_fires_per_day_in_russia_held_area_7dma
2022-02-23,0.555,0.403,0,0,0,0,0,0,0,82.25,0,12.5,0,47.5,0,0,0,34.75,0,12.5
2022-02-24,0.795,0.737,100,30,48,0,52,30,0,78.2,0,11.8,0,46.8,0,1,0,31.4,0,10.8
2022-02-25,0.591,0.622,125,1,96,0,29,1,0,84.5,0,11,0,50.666666666666664,0,1.5,0,33.833333333333336,0,9.5
2022-02-26,0.649,0.702,104,19,46,0,58,19,0,73,0,9.428571428571429,0,43.714285714285715,0,1.2857142857142858,0,29.285714285714285,0,8.142857142857142
2022-02-27,0.741,0.751,62,9,44,5,18,4,NA,73.14285714285714,NA,9.428571428571429,NA,43.857142857142854,NA,1.2857142857142858,NA,29.285714285714285,NA,8.142857142857142
2022-02-28,0.608,0.66,116,7,70,4,46,3,NA,59.28571428571429,NA,5.142857142857143,NA,37.42857142857143,NA,1.2857142857142858,NA,21.857142857142858,NA,3.8571428571428568
2022-03-01,0.971,0.999,4,0,2,0,2,0,NA,42.28571428571429,NA,5,NA,24.571428571428573,NA,1.2857142857142858,NA,17.714285714285715,NA,3.714285714285714
2022-03-02,0.983,0.979,1,0,1,0,0,0,NA,27.428571428571427,NA,2.2857142857142856,NA,18,NA,1.2857142857142858,NA,9.428571428571429,NA,1
2022-03-03,0.975,1,3,0,3,0,0,0,NA,23.142857142857142,NA,1.142857142857143,NA,16.285714285714285,NA,0.7142857142857142,NA,6.857142857142858,NA,0.4285714285714286
2022-03-04,0.964,0.963,6,0,6,0,0,0,NA,7.142857142857143,NA,0.28571428571428575,NA,6.857142857142857,NA,0.28571428571428575,NA,0.28571428571428575,NA,0
2022-03-05,0.986,0.997,0,0,0,0,0,0,NA,8.285714285714286,NA,0.5714285714285714,NA,8.142857142857142,NA,0.5714285714285714,NA,0.14285714285714288,NA,0
2022-03-06,0.876,0.85,32,1,32,1,0,0,NA,18.857142857142858,NA,1.2857142857142858,NA,18,NA,1.2857142857142858,NA,0.8571428571428572,NA,0
2022-03-07,0.986,0.983,4,1,4,1,0,0,NA,25.142857142857142,NA,2,NA,24,NA,2,NA,1.142857142857143,NA,0
2022-03-08,0.967,0.974,12,2,11,2,1,0,NA,69.85714285714286,NA,9,NA,61.42857142857142,NA,8.142857142857144,NA,8.428571428571427,NA,0.8571428571428572
2022-03-09,0.778,0.872,75,5,70,5,5,0,176,95,13,10.857142857142856,152,83.14285714285714,13,10,24,11.857142857142856,0,0.8571428571428572
2022-03-10,0.784,0.725,47,5,45,5,2,0,179,116.42857142857144,20.5,14.714285714285714,133,94.85714285714286,13.5,11.857142857142858,46,21.571428571428573,7,2.8571428571428568
2022-03-11,0.514,0.641,319,49,268,43,51,6,179,193,20.5,26,133,165.71428571428572,13.5,22.714285714285715,46,27.285714285714285,7,3.2857142857142856
2022-03-12,0.376,0.343,176,13,152,13,24,0,422.6666666666667,321.28571428571433,39,36.57142857142857,366.6666666666667,283.28571428571433,27,30.142857142857142,56,38,12,6.428571428571429
2022-03-13,0.634,0.469,182,28,114,14,68,14,417.25,367.8571428571428,37.5,40.57142857142857,359,321.2857142857143,25.25,32.285714285714285,58.25,46.57142857142857,12.25,8.285714285714285
2022-03-14,0.522,0.681,540,80,500,77,40,3,502,481.2857142857143,50.6,54.57142857142857,445.6,428,37,43.57142857142857,56.4,53.285714285714285,13.6,11
2022-03-15,0.162,0.214,910,76,834,54,76,22,502,575.8571428571429,50.6,58.42857142857143,445.6,519.7142857142857,37,47.142857142857146,56.4,56.142857142857146,13.6,11.285714285714285
2022-03-16,0.489,0.35,401,33,336,20,65,13,825,806.5714285714286,95.2,90.28571428571428,702.4,703.1428571428571,67.6,69,122.6,103.42857142857142,27.6,21.285714285714285
2022-03-17,0.409,0.448,841,103,792,84,49,19,1080.4,989,159.4,136.14285714285714,899.4,843.8571428571429,107.2,97.28571428571428,181,145.14285714285714,52.2,38.857142857142854
2022-03-18,0.394,0.579,981,76,910,68,71,8,1266.1666666666667,1225.428571428571,169.16666666666666,155.85714285714286,1020.3333333333334,1004.5714285714286,111,104.85714285714286,245.83333333333331,220.85714285714283,58.16666666666667,51
2022-03-19,0.103,0.146,1791,236,1436,166,355,70,1426.5,1362.857142857143,183.83333333333337,168.42857142857144,1114.1666666666667,1085,116.66666666666669,109.71428571428572,312.3333333333333,277.85714285714283,67.16666666666667,58.714285714285715
2022-03-20,0.288,0.312,1459,349,1099,212,360,137,1826.5,1705.7142857142858,237.83333333333337,214.71428571428572,1403,1332.571428571429,148.66666666666666,137.14285714285714,423.5,373.1428571428572,89.16666666666667,77.57142857142857
2022-03-21,0.036,0.056,2195,218,1625,130,570,88,2012.5,1865.142857142857,279.8333333333333,250.71428571428572,1495,1411.428571428571,160,146.85714285714286,517.5,453.7142857142857,119.83333333333331,103.85714285714286
2022-03-22,0.025,0.039,1872,164,1397,88,475,76,1909.2857142857144,1909.2857142857144,263,263,1384.7142857142858,1384.7142857142858,142,142,524.5714285714286,524.5714285714286,121,121
2022-03-23,0.004,0.003,2801,357,2069,212,732,145,1898.571428571429,1898.571428571429,275.42857142857144,275.42857142857144,1311.142857142857,1311.142857142857,130.57142857142858,130.57142857142858,587.4285714285714,587.4285714285714,144.85714285714286,144.85714285714286
2022-03-24,0.073,0.039,1957,355,1344,152,613,203,1971.8333333333333,1727.571428571429,263.1666666666667,229.57142857142856,1346.5,1187.857142857143,117,103.71428571428572,625.3333333333334,539.7142857142857,146.16666666666666,125.85714285714286
2022-03-25,0.285,0.184,1290,162,723,34,567,128,1843.8333333333333,1617.857142857143,249.16666666666663,217.57142857142856,1284.5,1134.7142857142858,111.83333333333331,99.28571428571428,559.3333333333334,483.1428571428572,137.33333333333334,118.28571428571428
2022-03-26,0.206,0.195,1716,323,921,86,795,237,1746.6666666666667,1534.571428571429,273.3333333333333,238.28571428571428,1211,1071.7142857142858,137.66666666666666,121.42857142857144,535.6666666666666,462.8571428571428,135.66666666666666,116.85714285714286
2022-03-27,0.656,0.797,262,28,236,24,26,4,1535.8,1197.2857142857142,256.6,196,1039.4,815.7142857142857,122.8,94.57142857142856,496.4,381.57142857142856,133.8,101.42857142857142
2022-03-28,0.28,0.315,1427,134,1253,99,174,35,1430.5,939.4285714285714,232,148.85714285714286,963.25,635.5714285714286,115.5,75.28571428571429,467.25,303.85714285714283,116.5,73.57142857142858
2022-03-29,0.412,0.294,1289,309,956,243,333,66,1477.3333333333333,791.2857142857143,255.33333333333337,129.71428571428572,1043.3333333333333,555.2857142857143,142.66666666666666,71.85714285714286,434,236,112.66666666666669,57.857142857142854
2022-03-30,0.678,0.605,440,61,277,24,163,37,1358,590.2857142857143,221.5,97.71428571428572,1104.5,443.42857142857144,171,66.71428571428571,253.5,146.85714285714286,50.5,31
2022-03-31,0.884,0.846,152,25,83,17,69,8,1358,566.1428571428571,221.5,94.57142857142858,1104.5,411.1428571428572,171,63.57142857142858,253.5,155,50.5,31
2022-04-01,0.679,0.599,253,28,161,10,92,18,1289,365.28571428571433,309,75.85714285714286,956,233.7142857142857,243,49.857142857142854,333,131.57142857142858,66,26
2022-04-02,0.779,0.663,309,99,138,50,171,49,NA,189.57142857142856,NA,32.42857142857143,NA,99.42857142857142,NA,15.142857142857142,NA,90.14285714285714,NA,17.285714285714285
2022-04-03,0.938,0.915,93,6,10,2,83,4,NA,150.71428571428572,NA,26.857142857142858,NA,73,NA,12.857142857142856,NA,77.71428571428571,NA,14
2022-04-04,0.779,0.756,21,3,11,3,10,0,523,203.71428571428572,48,30.142857142857142,206,90.57142857142856,13,12.285714285714286,317,113.14285714285714,35,17.857142857142858
2022-04-05,0.78,0.705,59,5,16,0,43,5,523,210.57142857142856,48,35.57142857142857,206,85.57142857142857,13,14.714285714285714,317,125,35,20.857142857142858
2022-04-06,0.648,0.613,168,22,92,8,76,14,523,186.8571428571429,48,26,206,72.57142857142857,13,8,317,114.28571428571428,35,18
2022-04-07,0.317,0.155,523,48,206,13,317,35,523,183.1428571428571,48,25.571428571428573,206,72.71428571428571,13,7.714285714285714,317,110.42857142857144,35,17.857142857142858
2022-04-08,0.692,0.753,301,66,126,27,175,39,523,202.28571428571428,48,26.714285714285715,206,76,13,7.428571428571429,317,126.28571428571428,35,19.285714285714285
2022-04-09,0.723,0.639,143,32,47,3,96,29,523,195.28571428571428,48,26,206,75.14285714285714,13,7.428571428571429,317,120.14285714285714,35,18.571428571428573
2022-04-10,0.805,0.706,67,3,11,0,56,3,523,186.14285714285717,48,23.428571428571427,206,76.85714285714286,13,6.857142857142857,317,109.28571428571428,35,16.571428571428573
2022-04-11,0.818,0.762,155,11,34,1,121,10,NA,148.71428571428572,NA,19.714285714285715,NA,82.71428571428571,NA,7.7142857142857135,NA,66,NA,12
2022-04-12,0.927,0.917,10,0,10,0,0,0,263,143.28571428571428,8,11.428571428571429,242,99.28571428571428,7,4.857142857142857,21,44,1,6.571428571428572
2022-04-13,0.781,0.987,104,4,104,4,0,0,263,126,8,6.857142857142857,242,93.85714285714286,7,4.428571428571429,21,32.142857142857146,1,2.4285714285714284
2022-04-14,0.75,0.95,261,22,247,19,14,3,263,117.71428571428572,8,6.428571428571429,242,93.28571428571428,7,4.428571428571429,21,24.428571428571427,1,2
2022-04-15,0.309,0.351,263,8,242,7,21,1,263,96.57142857142856,8,5.285714285714286,242,88.71428571428571,7,4.285714285714286,21,7.857142857142857,1,1
2022-04-16,0.869,0.823,22,0,9,0,13,0,263,110,8,5.7142857142857135,242,100.28571428571428,7,4.2857142857142865,21,9.714285714285714,1,1.4285714285714286
2022-04-17,0.973,0.996,9,0,7,0,2,0,263,104.14285714285714,8,6.2857142857142865,242,90.42857142857142,7,4.428571428571429,21,13.714285714285714,1,1.8571428571428572
2022-04-18,0.98,0.99,7,3,2,0,5,3,263,68.57142857142857,8,3.5714285714285716,242,56.42857142857142,7,2,21,12.142857142857142,1,1.5714285714285714
2022-04-19,0.75,0.849,104,3,91,0,13,3,NA,32.857142857142854,NA,3,NA,23,NA,1.5714285714285716,NA,9.857142857142858,NA,1.4285714285714286
2022-04-20,0.917,0.951,63,8,35,5,28,3,NA,32.42857142857143,NA,3,NA,23.571428571428573,NA,1.5714285714285714,NA,8.857142857142858,NA,1.4285714285714286
2022-04-21,0.92,0.933,12,3,9,2,3,1,NA,42,NA,5.428571428571429,NA,28.428571428571427,NA,2.7142857142857144,NA,13.571428571428571,NA,2.7142857142857144
2022-04-22,0.942,0.914,13,4,8,4,5,0,113,57.142857142857146,13,6.857142857142857,67,37.714285714285715,11,4.285714285714286,46,19.428571428571427,2,2.5714285714285716
2022-04-23,0.847,0.848,19,0,13,0,6,0,159.5,71.71428571428571,16.5,9.285714285714286,78.5,37.57142857142857,6,4.428571428571429,81,34.142857142857146,10.5,4.857142857142857
2022-04-24,0.518,0.558,76,17,41,8,35,9,155,83.57142857142857,15.333333333333334,10,78,43.57142857142857,4,3.7142857142857144,77,40,11.333333333333334,6.285714285714286
2022-04-25,0.394,0.261,113,13,67,11,46,2,142.5,96.85714285714286,11.75,9.714285714285714,76,52.285714285714285,3,3.4285714285714284,66.5,44.57142857142857,8.75,6.285714285714286
2022-04-26,0.502,0.292,206,20,90,1,116,19,142.5,102.71428571428572,11.75,10,76,58.285714285714285,3,3.7142857142857144,66.5,44.42857142857143,8.75,6.285714285714286
2022-04-27,0.622,0.472,146,13,77,0,69,13,142.5,107.85714285714286,11.75,10.857142857142858,76,62.42857142857143,3,4.142857142857143,66.5,45.42857142857143,8.75,6.714285714285714
2022-04-28,0.469,0.371,105,1,70,0,35,1,131.6,109.57142857142856,11.2,9.714285714285715,74.2,66.14285714285714,3.8,4,57.4,43.42857142857143,7.4,5.7142857142857135
2022-04-29,0.669,0.706,54,6,50,6,4,0,128,107,9.2,8.285714285714286,75,66.71428571428571,1.8,2.5714285714285716,53,40.28571428571429,7.4,5.7142857142857135
2022-04-30,0.559,0.591,55,6,42,3,13,3,131.8,109.71428571428572,13,11,89.4,77,6.6,6,42.4,32.714285714285715,6.4,5
2022-05-01,0.414,0.475,88,9,67,7,21,2,135.2,112.14285714285714,16.2,13.285714285714286,97,82.42857142857143,10.6,8.857142857142858,38.2,29.714285714285715,5.6,4.428571428571429
2022-05-02,0.389,0.392,95,3,71,1,24,2,280.8,216.14285714285717,35.6,27.142857142857142,196.6,153.57142857142858,23.4,18,84.2,62.57142857142858,12.2,9.142857142857142
2022-05-03,0.484,0.479,225,39,162,25,63,14,352.6666666666667,310.14285714285717,53,46.28571428571429,245.66666666666669,216.57142857142856,31.666666666666664,27.571428571428573,107,93.57142857142856,21.333333333333336,18.714285714285715
2022-05-04,0.562,0.453,163,29,115,20,48,9,392.2857142857143,392.2857142857143,60.57142857142857,60.57142857142857,252.8571428571429,252.8571428571429,30.857142857142858,30.857142857142858,139.42857142857142,139.42857142857142,29.71428571428571,29.71428571428571
2022-05-05,0.115,0.128,833,98,568,64,265,34,434.42857142857144,434.42857142857144,62.714285714285715,62.714285714285715,268.85714285714283,268.85714285714283,32.142857142857146,32.142857142857146,165.57142857142858,165.57142857142858,30.571428571428573,30.571428571428573
2022-05-06,0.119,0.093,712,140,491,73,221,67,490,490,74.42857142857143,74.42857142857143,285.85714285714283,285.85714285714283,38,38,204.1428571428571,204.1428571428571,36.42857142857143,36.42857142857143
2022-05-07,0.358,0.107,630,106,296,26,334,80,518.4285714285714,518.4285714285714,77.85714285714286,77.85714285714286,299.14285714285717,299.14285714285717,35.57142857142857,35.57142857142857,219.28571428571428,219.28571428571428,42.285714285714285,42.285714285714285
2022-05-08,0.221,0.169,383,24,179,16,204,8,526.5714285714286,526.5714285714286,79.71428571428571,79.71428571428571,306.14285714285717,306.14285714285717,36,36,220.42857142857144,220.42857142857144,43.714285714285715,43.714285714285715
2022-05-09,0.421,0.359,484,85,190,42,294,43,526.8571428571429,526.8571428571429,91.57142857142856,91.57142857142856,312,312,38,38,214.8571428571429,214.8571428571429,53.57142857142857,53.57142857142857
2022-05-10,0.28,0.389,424,63,255,8,169,55,449,449,79.71428571428571,79.71428571428571,255.71428571428572,255.71428571428572,31.714285714285715,31.714285714285715,193.28571428571428,193.28571428571428,48,48
2022-05-11,0.263,0.38,220,42,164,23,56,19,418.8333333333333,361.8571428571428,75.33333333333333,64.57142857142857,249,215.8571428571429,32.666666666666664,28,169.83333333333334,146,42.666666666666664,36.57142857142857
2022-05-12,0.033,0.045,835,181,609,78,226,103,426,314.7142857142857,85.6,62.285714285714285,263,196.8571428571429,36,26.428571428571427,163,117.85714285714286,49.6,35.857142857142854
2022-05-13,0.535,0.378,167,57,97,29,70,28,366,271.85714285714283,76.6,55.857142857142854,252.6,189.42857142857144,33.8,24.857142857142858,113.4,82.42857142857143,42.8,31
2022-05-14,0.831,0.843,20,0,17,0,3,0,351.5,263,80,59,252,200.85714285714283,40.25,35.714285714285715,99.5,62.142857142857146,39.75,23.28571428571429
2022-05-15,0.729,0.747,53,8,46,5,7,3,395.3333333333333,243.85714285714283,92.66666666666669,56.71428571428571,281.3333333333333,189.28571428571428,46,36,114,54.57142857142858,46.666666666666664,20.71428571428571
2022-05-16,0.442,0.354,184,40,138,31,46,9,175.5,139.14285714285714,48.5,33.714285714285715,117.5,114.42857142857144,30,27.428571428571427,58,24.714285714285715,18.5,6.2857142857142865
2022-05-17,0.428,0.591,362,85,335,84,27,1,174,138.71428571428572,37,30.428571428571427,117,114.28571428571428,24,25.714285714285715,57,24.428571428571427,13,4.7142857142857135
2022-05-18,0.839,0.926,86,26,83,25,3,1,174,147.71428571428572,37,33.142857142857146,117,122.28571428571428,24,28.285714285714285,57,25.428571428571427,13,4.857142857142857
2022-05-19,0.344,0.512,102,20,85,18,17,2,174,144,37,32.285714285714285,117,117.85714285714286,24,27.714285714285715,57,26.142857142857142,13,4.571428571428571
2022-05-20,0.328,0.303,164,34,96,17,68,17,164,128.57142857142858,34,27.714285714285715,96,105.71428571428572,17,23.714285714285715,68,22.857142857142858,17,4
2022-05-21,0.761,0.698,83,19,73,18,10,1,164,91.42857142857144,34,18.571428571428573,96,69.71428571428571,17,14.428571428571429,68,21.714285714285715,17,4.142857142857143
2022-05-22,0.9,0.91,27,2,15,1,12,1,118.5,89.57142857142857,22,16.285714285714285,73,65,10.5,11.428571428571429,45.5,24.571428571428573,11.5,4.857142857142857
2022-05-23,0.828,0.744,76,8,53,3,23,5,118.5,88.14285714285714,22,17,73,59.42857142857143,10.5,9.857142857142858,45.5,28.714285714285715,11.5,7.142857142857143
2022-05-24,0.393,0.518,102,21,83,19,19,2,105,84.28571428571429,29.5,19.142857142857142,67,57.714285714285715,14,10.857142857142858,38,26.571428571428573,15.5,8.285714285714286
2022-05-25,0.512,0.371,73,10,50,4,23,6,105,77.71428571428571,29.5,17,67,49.42857142857143,14,8.428571428571429,38,28.285714285714285,15.5,8.571428571428571
2022-05-26,0.757,0.845,92,25,46,7,46,18,105,81.57142857142857,29.5,18,67,52.285714285714285,14,9.285714285714286,38,29.285714285714285,15.5,8.714285714285714
2022-05-27,0.509,0.337,137,49,84,24,53,25,105,87.14285714285714,29.5,19.428571428571427,67,52.285714285714285,14,9.714285714285714,38,34.857142857142854,15.5,9.714285714285714
2022-05-28,0.576,0.508,37,4,15,1,22,3,102.33333333333331,86.42857142857143,23,17.857142857142858,61.333333333333336,47.57142857142857,11,7.714285714285714,41,38.857142857142854,12,10.142857142857142
2022-05-29,0.73,0.658,54,9,35,7,19,2,115.33333333333331,92,29.666666666666668,20.714285714285715,66.33333333333333,49.714285714285715,15.333333333333334,9.571428571428571,49,42.285714285714285,14.333333333333334,11.142857142857142
2022-05-30,0.701,0.57,115,18,53,6,62,12,99,86,24.25,18.285714285714285,55.5,46.42857142857143,12.75,9.285714285714286,43.5,39.57142857142857,11.5,9
2022-05-31,0.482,0.415,97,10,50,5,47,5,92,82,15.5,13.285714285714286,47.75,42,8.75,7,44.25,40,6.75,6.285714285714286
2022-06-01,0.278,0.131,112,30,65,17,47,13,101.4,96.57142857142856,15.6,15,51.2,49.142857142857146,10.2,9.142857142857142,50.2,47.42857142857143,5.4,5.857142857142857
2022-06-02,0.299,0.193,50,8,23,5,27,3,101.4,93.57142857142856,15.6,14.857142857142858,51.2,46.42857142857143,10.2,9.285714285714286,50.2,47.142857142857146,5.4,5.571428571428571
2022-06-03,0.347,0.363,109,14,53,8,56,6,116.5,104.57142857142856,14.166666666666666,13.285714285714286,61.166666666666664,54.714285714285715,9.666666666666666,9.428571428571429,55.333333333333336,49.857142857142854,4.5,3.8571428571428568
2022-06-04,0.295,0.144,139,16,65,16,74,0,129.83333333333334,116,20.833333333333332,19,63.333333333333336,56.57142857142857,10.833333333333334,10.428571428571429,66.5,59.42857142857143,10,8.571428571428573
2022-06-05,0.8,0.753,33,8,16,8,17,0,139.5,124.28571428571428,21.166666666666668,19.285714285714285,65.83333333333333,58.714285714285715,9.5,9.285714285714286,73.66666666666667,65.57142857142857,11.666666666666668,10
2022-06-06,0.45,0.333,192,7,111,7,81,0,185.16666666666663,163.42857142857142,28,25.142857142857142,91.33333333333331,80.57142857142857,12.5,11.857142857142858,93.83333333333331,82.85714285714286,15.5,13.285714285714286
2022-06-07,0.372,0.425,177,50,63,12,114,38,236.16666666666663,207.1428571428571,41.833333333333336,37,111.83333333333331,98.14285714285714,21,19.142857142857142,124.33333333333331,109,20.833333333333332,17.857142857142858
2022-06-08,0.233,0.208,170,32,80,9,90,23,281.3333333333333,245.8571428571429,51.5,45.285714285714285,130.83333333333334,114.42857142857144,25.166666666666664,22.714285714285715,150.5,131.42857142857142,26.333333333333332,22.571428571428573
2022-06-09,0.342,0.417,324,49,176,23,148,26,271.7142857142857,271.7142857142857,50,50,124,124,23.285714285714285,23.285714285714285,147.71428571428572,147.71428571428572,26.714285714285715,26.714285714285715
2022-06-10,0.296,0.168,415,97,176,59,239,38,262.57142857142856,262.57142857142856,51.285714285714285,51.285714285714285,119.42857142857144,119.42857142857144,22.857142857142858,22.857142857142858,143.14285714285714,143.14285714285714,28.428571428571427,28.428571428571427
2022-06-11,0.262,0.12,410,74,179,41,231,33,251.28571428571428,251.28571428571428,48.285714285714285,48.285714285714285,118,118,22.285714285714285,22.285714285714285,133.28571428571428,133.28571428571428,26,26
2022-06-12,0.247,0.125,214,41,83,12,131,29,235.71428571428572,235.71428571428572,44.142857142857146,44.142857142857146,113.42857142857144,113.42857142857144,21.428571428571427,21.428571428571427,122.28571428571428,122.28571428571428,22.714285714285715,22.714285714285715
2022-06-13,0.253,0.209,128,16,79,4,49,12,221,200.1428571428571,43.333333333333336,39,103,94.42857142857144,21.166666666666664,18.428571428571427,118,105.71428571428572,22.166666666666668,20.57142857142857
2022-06-14,0.493,0.418,98,29,53,8,45,21,179.33333333333334,164.42857142857144,36.5,33.142857142857146,82.83333333333333,77.14285714285714,11.666666666666668,10.285714285714286,96.5,87.28571428571429,24.833333333333332,22.857142857142858
2022-06-15,0.628,0.492,61,3,48,3,13,0,133.2,119.57142857142856,29,26.428571428571427,63.6,59.285714285714285,5.8,4.571428571428571,69.6,60.285714285714285,23.2,21.857142857142858
2022-06-16,0.687,0.8,75,13,43,2,32,11,130.8,117.85714285714286,28.2,25.857142857142858,72.8,65.85714285714286,4.6,3.7142857142857144,58,52,23.6,22.142857142857142
2022-06-17,0.603,0.464,165,56,55,2,110,54,173.6,148.42857142857142,45.8,38.42857142857143,88.8,77.28571428571429,10,7.571428571428572,84.8,71.14285714285714,35.8,30.857142857142858
2022-06-18,0.652,0.737,96,27,54,1,42,26,212.2,176,60.2,48.714285714285715,107.6,90.71428571428572,16.8,12.428571428571429,104.6,85.28571428571429,43.4,36.285714285714285
2022-06-19,0.084,0.121,202,37,129,6,73,31,250,186.8571428571429,74.5,55.142857142857146,122.5,90.28571428571428,20.25,12.857142857142858,127.5,96.57142857142856,54.25,42.285714285714285
2022-06-20,0.003,0.004,342,104,159,31,183,73,250,182.57142857142856,74.5,54.42857142857143,122.5,87.57142857142857,20.25,12.571428571428571,127.5,95,54.25,41.857142857142854
2022-06-21,0.346,0.153,291,101,147,42,144,59,278.3333333333333,168.14285714285714,80.66666666666667,50.285714285714285,145,83.71428571428571,26.333333333333332,12.428571428571429,133.33333333333334,84.42857142857143,54.333333333333336,37.857142857142854
2022-06-22,0.774,0.734,137,48,45,6,92,42,278.3333333333333,164.71428571428572,80.66666666666667,49.857142857142854,145,82,26.333333333333332,12.857142857142858,133.33333333333334,82.71428571428571,54.333333333333336,37
2022-06-23,0.854,0.935,45,8,24,0,21,8,316.5,144.85714285714286,102.5,46.857142857142854,153,67.42857142857143,36.5,12.428571428571429,163.5,77.42857142857143,66,34.42857142857143
2022-06-24,0.681,0.749,64,27,28,1,36,26,270.5,131.71428571428572,80,40.42857142857143,122.5,58.714285714285715,22.5,8.428571428571427,148,73,57.5,32
2022-06-25,0.605,0.812,72,24,42,4,30,20,282.5,135.14285714285714,54.5,33.142857142857146,133.5,61.857142857142854,5,3.4285714285714284,149,73.28571428571429,49.5,29.714285714285715
2022-06-26,0.616,0.55,63,16,27,3,36,13,282.6666666666667,156,44.666666666666664,29.857142857142858,139.33333333333334,77,7.333333333333333,4.285714285714286,143.33333333333334,79,37.333333333333336,25.571428571428573
2022-06-27,0.473,0.448,250,59,98,3,152,56,247.75,170,45.5,35.57142857142857,121.25,83.14285714285714,7.25,5.285714285714286,126.5,86.85714285714286,38.25,30.285714285714285
2022-06-28,0.311,0.314,315,50,169,7,146,43,282.4,221,59.6,48.28571428571429,131.2,103.57142857142856,8.6,7.142857142857143,151.2,117.42857142857144,51,41.142857142857146
2022-06-29,0.125,0.126,283,25,151,12,132,13,320,283.2857142857143,70.66666666666667,62.857142857142854,137.16666666666666,121.42857142857144,10.333333333333334,9.285714285714286,182.83333333333337,161.85714285714286,60.333333333333336,53.57142857142857
2022-06-30,0.345,0.493,143,48,67,7,76,41,385.42857142857144,385.42857142857144,95.71428571428572,95.71428571428572,162.71428571428572,162.71428571428572,18.428571428571427,18.428571428571427,222.71428571428572,222.71428571428572,77.28571428571429,77.28571428571429
2022-07-01,0.139,0.076,421,116,171,14,250,102,417.42857142857144,417.42857142857144,117,117,180.14285714285714,180.14285714285714,28.428571428571427,28.428571428571427,237.28571428571428,237.28571428571428,88.57142857142857,88.57142857142857
2022-07-02,0.101,0.036,508,126,167,19,341,107,419.42857142857144,419.42857142857144,131.57142857142858,131.57142857142858,174.42857142857142,174.42857142857142,34.714285714285715,34.714285714285715,245,245,96.85714285714286,96.85714285714286
2022-07-03,0.34,0.054,778,246,316,67,462,179,458.57142857142856,458.57142857142856,163.28571428571428,163.28571428571428,198,198,51,51,260.57142857142856,260.57142857142856,112.28571428571428,112.28571428571428
2022-07-04,0.224,0.242,474,208,220,73,254,135,556.2857142857143,556.2857142857143,203.57142857142856,203.57142857142856,248.8571428571429,248.8571428571429,73.71428571428571,73.71428571428571,307.42857142857144,307.42857142857144,129.85714285714286,129.85714285714286
2022-07-05,0.199,0.177,329,152,129,51,200,101,628.4285714285714,628.4285714285714,235.1428571428571,235.1428571428571,290.57142857142856,290.57142857142856,94.14285714285714,94.14285714285714,337.85714285714283,337.85714285714283,141,141
2022-07-06,0.304,0.072,557,247,316,126,241,121,622.4285714285714,622.4285714285714,241.42857142857144,241.42857142857144,297.57142857142856,297.57142857142856,105,105,324.85714285714283,324.85714285714283,136.42857142857142,136.42857142857142
2022-07-07,0.522,0.393,827,330,423,166,404,164,596.5,522.5714285714286,240.66666666666663,210,294.5,255.71428571428572,111.33333333333331,95.71428571428572,302,266.85714285714283,129.33333333333334,114.28571428571428
2022-07-08,0.288,0.15,926,337,463,157,463,180,621,465,247.2,185.28571428571428,309.4,230.28571428571428,119,88.57142857142857,311.6,234.71428571428572,128.2,96.71428571428572
2022-07-09,0.534,0.403,466,170,216,95,250,75,585.4,439.57142857142856,226.2,170.28571428571428,300.2,223.71428571428572,112,83.57142857142857,285.2,215.8571428571429,114.2,86.71428571428571
2022-07-10,0.724,0.665,79,26,23,2,56,24,592.5,391.42857142857144,221,142.85714285714286,296.25,197.71428571428572,108.5,68.71428571428571,296.25,193.71428571428572,112.5,74.14285714285714
2022-07-11,0.881,0.921,71,35,42,23,29,12,514.3333333333334,321.7142857142857,184.66666666666663,108.42857142857142,254,162.85714285714286,89.33333333333333,49.142857142857146,260.3333333333333,158.85714285714283,95.33333333333331,59.28571428571429
2022-07-12,0.608,0.425,151,47,83,16,68,31,360.3333333333333,255.71428571428572,117.33333333333331,79.57142857142857,170,126.85714285714286,59.666666666666664,36.42857142857143,190.33333333333337,128.85714285714286,57.666666666666664,43.142857142857146
2022-07-13,0.681,0.55,220,55,134,22,86,33,318,237.57142857142856,94.33333333333331,69.71428571428571,148.33333333333334,117.57142857142856,42,28.857142857142858,169.66666666666666,120,52.333333333333336,40.857142857142854
2022-07-14,0.652,0.744,339,89,179,29,160,60,279.5,249.71428571428572,82.25,72.57142857142857,134.75,127.71428571428572,36.75,31.571428571428573,144.75,122,45.5,41
2022-07-15,0.421,0.237,464,135,211,68,253,67,264.8,269,72,72,130.2,137.71428571428572,31.6,29.857142857142858,134.6,131.28571428571428,40.4,42.142857142857146
2022-07-16,0.41,0.33,339,101,151,42,188,59,304.4,297.2857142857143,76,74.85714285714286,148,150.42857142857142,33.4,31.142857142857142,156.4,146.85714285714286,42.6,43.714285714285715
2022-07-17,0.581,0.497,164,46,94,21,70,25,304.4,313,76,75.85714285714286,148,158.28571428571428,33.4,32.42857142857143,156.4,154.71428571428572,42.6,43.42857142857143
2022-07-18,0.484,0.483,206,31,112,11,94,20,303,306.85714285714283,72.5,71,152.5,157.71428571428572,31.333333333333336,31.285714285714285,150.5,149.14285714285714,41.166666666666664,39.714285714285715
2022-07-19,0.525,0.391,349,67,172,25,177,42,270.8,295.14285714285717,60,61.714285714285715,140.8,155.71428571428572,24,25,130,139.42857142857142,36,36.714285714285715
2022-07-20,0.424,0.603,330,62,189,31,141,31,253.75,301.42857142857144,49.75,61.57142857142857,138.25,165.14285714285714,19.5,24.857142857142858,115.5,136.28571428571428,30.25,36.714285714285715
2022-07-21,0.326,0.492,296,55,175,21,121,34,390.75,379.7142857142857,77.75,77.57142857142857,188.25,193.71428571428572,29,30.285714285714285,202.5,186,48.75,47.285714285714285
2022-07-22,0.439,0.625,382,70,197,24,185,46,452.3333333333333,367.57142857142856,93.33333333333331,75.42857142857143,213.66666666666663,189.1428571428571,35,29.857142857142858,238.66666666666663,178.42857142857142,58.333333333333336,45.57142857142857
2022-07-23,0.372,0.568,383,100,217,41,166,59,504,385.7142857142857,106.5,77.14285714285714,234.5,209.57142857142856,40,31.714285714285715,269.5,176.14285714285714,66.5,45.42857142857143
2022-07-24,0.41,0.177,712,158,294,59,418,99,510.6666666666667,413.42857142857144,127.33333333333331,92.42857142857144,263.6666666666667,228.57142857142856,55.666666666666664,39.714285714285715,247,184.8571428571429,71.66666666666667,52.714285714285715
2022-07-25,0.745,0.849,121,16,80,8,41,8,603.3333333333334,453.1428571428572,145.33333333333334,100.14285714285714,272.3333333333333,232.28571428571428,57.666666666666664,40.57142857142857,331,220.8571428571429,87.66666666666667,59.57142857142857
2022-07-26,0.437,0.628,476,79,315,38,161,41,645.5,508.8571428571428,145.75,111.14285714285714,274.75,244.42857142857144,54.25,43.42857142857143,370.75,264.42857142857144,91.5,67.71428571428571
2022-07-27,0.595,0.45,524,169,322,87,202,82,758.2,626.8571428571429,171.2,135.85714285714286,320.8,285.57142857142856,57,47.285714285714285,437.4,341.2857142857143,114.2,88.57142857142857
2022-07-28,0.381,0.326,574,109,201,27,373,82,873,708.8571428571429,205.4,160.28571428571428,372.8,322.7142857142857,62.8,51.42857142857143,500.2,386.1428571428572,142.6,108.85714285714286
2022-07-29,0.288,0.165,772,147,282,44,490,103,873,746,205.4,172.85714285714286,372.8,331.42857142857144,62.8,52.285714285714285,500.2,414.57142857142856,142.6,120.57142857142856
2022-07-30,0.3,0.233,1209,273,505,68,704,205,873,700.5714285714286,205.4,167.14285714285714,372.8,292.2857142857143,62.8,48.42857142857143,500.2,408.2857142857143,142.6,118.71428571428572
2022-07-31,0.329,0.013,1286,329,554,88,732,241,960.25,641.4285714285714,214.5,145.14285714285714,385.5,250.1428571428571,56.75,36.714285714285715,574.75,391.2857142857143,157.75,108.42857142857144
2022-08-01,0.787,0.734,381,104,141,14,240,90,1089,584,249.66666666666663,133.57142857142858,447,229.42857142857144,66.66666666666667,33.57142857142857,642,354.57142857142856,183,100
2022-08-02,0.735,0.681,158,39,41,11,117,28,1247.5,492.71428571428567,301,116.28571428571428,529.5,200.28571428571428,78,28.142857142857142,718,292.42857142857144,223,88.14285714285714
2022-08-03,0.719,0.823,110,15,27,5,83,10,824,371.71428571428567,195.5,86.14285714285714,362,152.42857142857142,51,20.428571428571427,462,219.2857142857143,144.5,65.71428571428571
2022-08-04,0.748,0.736,172,28,56,5,116,23,490,276.2857142857143,94,57.142857142857146,206.5,108,15,10.142857142857142,283.5,168.28571428571428,79,47
2022-08-05,0.69,0.752,133,26,78,6,55,20,640,356.14285714285717,115,64.71428571428571,236.33333333333337,130.14285714285714,19.333333333333332,12.142857142857142,403.6666666666667,226,95.66666666666669,52.57142857142858
2022-08-06,0.232,0.056,362,62,170,14,192,48,688.25,452.57142857142856,133.75,86.28571428571429,245.5,163.28571428571428,29,18.857142857142858,442.75,289.2857142857143,104.75,67.42857142857143
2022-08-07,0.283,0.056,618,126,243,16,375,110,688.25,527.7142857142857,133.75,105.85714285714286,245.5,185.8571428571429,29,23,442.75,341.85714285714283,104.75,82.85714285714286
2022-08-08,0.461,0.331,940,157,296,28,644,129,688.25,547.7142857142857,133.75,110.42857142857144,245.5,205.8571428571429,29,28.285714285714285,442.75,341.85714285714283,104.75,82.14285714285714
2022-08-09,0.459,0.241,833,190,273,58,560,132,688.25,540.1428571428571,133.75,109.57142857142856,245.5,201.1428571428571,29,29.571428571428573,442.75,339,104.75,80
2022-08-10,0.638,0.594,636,152,185,34,451,118,676.25,533.2857142857143,133.25,109.28571428571428,227.75,191,27.75,28.857142857142858,448.5,342.2857142857143,105.5,80.42857142857143
2022-08-11,0.731,0.698,312,60,196,42,116,18,695.6666666666666,506,135.66666666666666,109.71428571428572,222.66666666666663,185.71428571428572,31.666666666666668,36.142857142857146,473,320.2857142857143,104,73.57142857142857
2022-08-12,0.755,0.686,80,20,45,15,35,5,573.5,436.57142857142856,125,102.85714285714286,186,170.14285714285714,33.5,39.714285714285715,387.5,266.42857142857144,91.5,63.142857142857146
2022-08-13,0.658,0.498,314,60,99,9,215,51,314,323.85714285714283,60,75.71428571428571,99,134.14285714285714,9,31.428571428571427,215,189.71428571428572,51,44.285714285714285
2022-08-14,0.591,0.688,427,129,206,67,221,62,282,268.7142857142857,38.5,56.42857142857143,103,123,8.5,27.714285714285715,179,145.71428571428572,30,28.714285714285715
2022-08-15,0.777,0.7,454,109,187,53,267,56,274,261,39,53.57142857142857,108,111.85714285714286,13,24.857142857142858,166,149.14285714285714,26,28.714285714285715
2022-08-16,0.798,0.78,44,0,21,0,23,0,240,269.2857142857143,33.5,53.142857142857146,99.75,116.14285714285714,11.75,23.857142857142858,140.25,153.14285714285714,21.75,29.285714285714285
2022-08-17,0.592,0.437,250,17,107,8,143,9,191.25,241.42857142857144,19.75,45.28571428571429,92.5,112,10.25,23,98.75,129.42857142857142,9.5,22.285714285714285
2022-08-18,0.222,0.192,258,40,118,22,140,18,182.2,201.28571428571428,17.6,28.142857142857142,86.8,91.71428571428572,8.4,13.571428571428571,95.4,109.57142857142856,9.2,14.571428571428571
2022-08-19,0.296,0.451,138,17,75,8,63,9,225.16666666666663,199.28571428571428,19.166666666666668,16.428571428571427,103.33333333333331,91.57142857142856,7.666666666666666,6.571428571428571,121.83333333333334,107.71428571428572,11.5,9.857142857142858
2022-08-20,0.494,0.481,119,5,70,3,49,2,316.28571428571433,316.28571428571433,54.42857142857142,54.42857142857142,131,131,11.428571428571429,11.428571428571429,185.28571428571428,185.28571428571428,43,43
2022-08-21,0.477,0.34,146,9,64,1,82,8,415.8571428571428,415.8571428571428,79.42857142857143,79.42857142857143,164,164,14.428571428571429,14.428571428571429,251.85714285714283,251.85714285714283,65,65
2022-08-22,0.19,0.068,440,27,186,4,254,23,560.2857142857143,560.2857142857143,124.85714285714285,124.85714285714285,226.14285714285717,226.14285714285717,17.714285714285715,17.714285714285715,334.14285714285717,334.14285714285717,107.14285714285715,107.14285714285715
2022-08-23,0.105,0.051,863,266,297,34,566,232,630.6666666666666,586,142.83333333333334,125.57142857142856,251.33333333333331,248.57142857142856,19.333333333333332,17,379.3333333333333,337.42857142857144,123.5,108.57142857142856
2022-08-24,0.064,0.022,947,192,338,29,609,163,733,615.5714285714286,170.4,131.28571428571428,287.6,260.57142857142856,22.6,18.285714285714285,445.4,355,147.8,113
2022-08-25,0.079,0.115,1269,358,553,45,716,313,782.2,650.7142857142857,185.6,142.14285714285714,312,278,29,22.857142857142858,470.2,372.7142857142857,156.6,119.28571428571428
2022-08-26,0.415,0.592,318,22,232,3,86,19,781.6,650.2857142857142,195,148.85714285714286,311.6,277.7142857142857,29.8,23.42857142857143,470,372.57142857142856,165.2,125.42857142857142
2022-08-27,0.386,0.507,326,45,154,12,172,33,709.6,598.8571428571429,155.2,120.42857142857142,307.2,274.57142857142856,25.8,20.571428571428573,402.4,324.2857142857143,129.4,99.85714285714286
2022-08-28,0.191,0.261,392,85,186,33,206,52,584,509.1428571428572,131.8,103.71428571428572,255.8,237.8571428571429,20.2,16.571428571428573,328.2,271.2857142857143,111.6,87.14285714285714
2022-08-29,0.215,0.104,437,74,184,8,253,66,412.75,349.42857142857144,75.25,55,181.5,173.57142857142858,14,10.714285714285714,231.25,175.85714285714286,61.25,44.285714285714285
2022-08-30,0.264,0.115,503,67,275,14,228,53,427.2,373.2857142857143,83,68.14285714285714,183.6,167.85714285714286,12.6,11.285714285714286,243.6,205.42857142857144,70.4,56.857142857142854
2022-08-31,0.496,0.337,319,75,81,1,238,74,427.2,354,83,67.28571428571429,183.6,159.42857142857142,12.6,9.857142857142858,243.6,194.57142857142856,70.4,57.42857142857143
2022-09-01,0.646,0.66,151,17,103,4,48,13,436,310.85714285714283,82.5,56.142857142857146,183,143.85714285714286,7.5,5.142857142857143,253,167,75,51
2022-09-02,0.345,0.119,485,114,192,7,293,107,369.75,273,68.75,48.285714285714285,165,133.57142857142858,5.5,4,204.75,139.42857142857142,63.25,44.285714285714285
2022-09-03,0.714,0.611,191,39,95,2,96,37,325.3333333333333,220.28571428571428,69.33333333333333,42.57142857142857,128.33333333333334,103.14285714285714,2.666666666666667,2.2857142857142856,197,117.14285714285714,66.66666666666667,40.285714285714285
2022-09-04,0.682,0.704,90,7,77,0,13,7,328.5,217.57142857142856,66.5,36.142857142857146,152,116.85714285714286,3.5,2.7142857142857144,176.5,100.71428571428572,63,33.42857142857143
2022-09-05,0.445,0.465,172,19,112,0,60,19,304.3333333333333,232.57142857142856,52.666666666666664,37.285714285714285,163.33333333333334,128.71428571428572,4,2.857142857142857,141,103.85714285714286,48.666666666666664,34.42857142857143
2022-09-06,0.647,0.798,134,27,62,2,72,25,214,187,22,27,149,113.85714285714286,2.5,3.285714285714286,65,73.14285714285714,19.5,23.714285714285715
2022-09-07,0.487,0.612,300,30,177,4,123,26,214,186,22,27.142857142857142,149,105.28571428571428,2.5,3.142857142857143,65,80.71428571428571,19.5,24
2022-09-08,0.33,0.445,256,25,186,5,70,20,214,176.14285714285714,22,26.142857142857142,149,95.85714285714286,2.5,3.142857142857143,65,80.28571428571429,19.5,23
2022-09-09,0.705,0.541,166,42,88,10,78,32,256,152,25,23.428571428571427,186,80,5,3.142857142857143,70,72,20,20.285714285714285
2022-09-10,0.829,0.733,184,40,35,1,149,39,256,134,25,20.142857142857142,186,71.28571428571429,5,2.8571428571428568,70,62.714285714285715,20,17.285714285714285
2022-09-11,0.901,0.963,21,0,11,0,10,0,256,94,25,17,186,46.857142857142854,5,2.2857142857142856,70,47.142857142857146,20,14.714285714285714
2022-09-12,0.897,0.874,3,0,1,0,2,0,NA,60.142857142857146,NA,13.428571428571429,NA,22.428571428571427,NA,1.5714285714285716,NA,37.71428571428571,NA,11.857142857142858
2022-09-13,0.963,0.96,8,4,1,0,7,4,NA,39.71428571428571,NA,7.857142857142857,NA,11.571428571428571,NA,0.14285714285714288,NA,28.142857142857142,NA,7.7142857142857135
2022-09-14,0.825,0.818,20,8,6,0,14,8,NA,18.142857142857142,NA,2.5714285714285716,NA,6.857142857142857,NA,0,NA,11.285714285714286,NA,2.5714285714285716
2022-09-15,0.935,0.907,19,0,15,0,4,0,NA,21.428571428571427,NA,2.5714285714285716,NA,7.571428571428571,NA,0,NA,13.857142857142858,NA,2.5714285714285716
2022-09-16,0.839,0.821,23,3,12,0,11,3,107,36.28571428571429,2,2.857142857142857,25,11,0,0,82,25.285714285714285,2,2.857142857142857
2022-09-17,0.698,0.6,33,3,2,0,31,3,107,38.285714285714285,2,2.5714285714285716,25,11.571428571428571,0,0,82,26.714285714285715,2,2.5714285714285716
2022-09-18,0.805,0.709,44,0,16,0,28,0,107,47.57142857142857,2,1.7142857142857142,25,16,0,0,82,31.571428571428573,2,1.7142857142857142
2022-09-19,0.619,0.464,107,2,25,0,82,2,107,47.142857142857146,2,1.7142857142857142,25,14.714285714285714,0,0,82,32.42857142857143,2,1.7142857142857142
2022-09-20,0.858,0.801,22,2,5,0,17,2,107,45.57142857142857,2,1.2857142857142858,25,13.714285714285714,0,0,82,31.857142857142858,2,1.2857142857142858
2022-09-21,0.731,0.611,85,2,37,0,48,2,107,43.857142857142854,2,1,25,15.142857142857142,0,0,82,28.714285714285715,2,1
2022-09-22,0.861,0.802,16,0,6,0,10,0,66,41.142857142857146,1,1,18.5,14.571428571428571,0,0,47.5,26.571428571428573,1,1
2022-09-23,0.852,0.801,12,0,5,0,7,0,25,28.714285714285715,0,0.7142857142857142,12,12.571428571428571,0,0,13,16.142857142857142,0,0.7142857142857142
2022-09-24,0.838,0.901,21,1,12,0,9,1,25,25.857142857142858,0,0.42857142857142855,12,12.142857142857142,0,0,13,13.714285714285714,0,0.42857142857142855
2022-09-25,0.317,0.218,25,0,12,0,13,0,25,20.285714285714285,0,1,12,10.571428571428571,0,0,13,9.714285714285714,0,1
2022-09-26,0.766,0.758,20,0,11,0,9,0,25,30.571428571428573,0,2.714285714285714,12,19.571428571428573,0,0.4285714285714286,13,11,0,2.285714285714286
2022-09-27,0.975,0.997,2,0,2,0,0,0,25,46.28571428571429,0,3.5714285714285716,12,34.142857142857146,0,0.5714285714285715,13,12.142857142857142,0,3
2022-09-28,0.896,0.914,46,6,26,0,20,6,25,56,0,4.428571428571429,12,42.285714285714285,0,0.7142857142857143,13,13.714285714285715,0,3.7142857142857144
2022-09-29,0.649,0.65,88,12,69,3,19,9,NA,55.285714285714285,NA,5.142857142857142,NA,42.42857142857143,NA,1.4285714285714284,NA,12.857142857142858,NA,3.7142857142857144
2022-09-30,0.72,0.689,122,6,107,1,15,5,NA,58.42857142857143,NA,5.714285714285714,NA,44.57142857142857,NA,1.7142857142857142,NA,13.857142857142858,NA,4
2022-10-01,0.7,0.602,89,7,69,1,20,6,NA,63.42857142857143,NA,6.857142857142857,NA,47,NA,2,NA,16.428571428571427,NA,4.857142857142857
2022-10-02,0.989,0.989,20,5,13,5,7,0,NA,62.42857142857143,NA,7.428571428571429,NA,45.857142857142854,NA,2.7142857142857144,NA,16.571428571428573,NA,4.714285714285714
2022-10-03,0.77,0.694,42,4,26,2,16,2,56,57.857142857142854,7,6.714285714285714,45,42.42857142857143,7,3.2857142857142856,11,15.428571428571429,0,3.4285714285714284
2022-10-04,0.768,0.671,37,8,19,2,18,6,89,57.857142857142854,10,7.714285714285714,68.5,40.285714285714285,4,3.2857142857142856,20.5,17.571428571428573,6,4.428571428571429
2022-10-05,0.555,0.501,39,10,18,5,21,5,100.66666666666669,62.857142857142854,10.333333333333334,8.285714285714286,74.66666666666667,42.857142857142854,4.666666666666667,4,26,20,5.666666666666667,4.285714285714286
2022-10-06,0.133,0.203,56,7,45,7,11,0,85.75,65.85714285714286,8,7.714285714285714,66,46.714285714285715,3.75,3.4285714285714284,19.75,19.142857142857142,4.25,4.285714285714286
2022-10-07,0.077,0.004,122,13,92,1,30,12,85.75,67.42857142857143,8,7.142857142857143,66,50,3.75,3.142857142857143,19.75,17.428571428571427,4.25,4
2022-10-08,0.045,0.06,124,11,87,6,37,5,80.4,70.57142857142857,6.4,6,64,55.285714285714285,3,2.8571428571428568,16.4,15.285714285714286,3.4,3.142857142857143
2022-10-09,0.459,0.293,41,1,40,1,1,0,87.16666666666667,82.28571428571429,6.166666666666667,5.285714285714286,69.33333333333333,66.42857142857143,2.5,2.142857142857143,17.833333333333332,15.857142857142858,3.666666666666667,3.1428571428571432
2022-10-10,0.504,0.727,53,0,49,0,4,0,93.4,86.14285714285714,6,5.142857142857142,74.2,67,1.6,1.142857142857143,19.2,19.142857142857142,4.4,4
2022-10-11,0.486,0.444,59,0,56,0,3,0,86.2,81,4.8,4.285714285714286,69.8,63.857142857142854,1.4,1,16.4,17.142857142857142,3.4,3.2857142857142856
2022-10-12,0.53,0.493,121,5,96,0,25,5,84.6,79.85714285714286,3.8,3.5714285714285716,67.2,62,0.2,0.14285714285714288,17.4,17.857142857142858,3.6,3.4285714285714284
2022-10-13,0.58,0.681,83,6,49,0,34,6,91.8,85,4,3.7142857142857144,69.2,63.42857142857143,0,0,22.6,21.57142857142857,4,3.7142857142857144
2022-10-14,0.295,0.247,86,7,70,0,16,7,96.66666666666669,94.71428571428572,5,5.142857142857143,71.5,68.28571428571429,0.33333333333333337,0.28571428571428575,25.166666666666668,26.428571428571427,4.666666666666667,4.857142857142857
2022-10-15,0.27,0.276,116,6,74,0,42,6,109,105.28571428571428,5,5.142857142857143,77.5,73.42857142857143,0.33333333333333337,0.28571428571428575,31.5,31.857142857142858,4.666666666666667,4.857142857142857
2022-10-16,0.327,0.322,77,2,50,0,27,2,106.6,96.42857142857144,5,4.428571428571429,73.8,63.142857142857146,0.4,0.28571428571428575,32.8,33.285714285714285,4.6,4.142857142857143
2022-10-17,0.294,0.218,121,10,83,2,38,8,106.6,89.57142857142857,5,3.5714285714285716,73.8,61,0.4,0.28571428571428575,32.8,28.571428571428573,4.6,3.2857142857142856
2022-10-18,0.463,0.407,133,0,92,0,41,0,100.6,85.28571428571429,4.2,3,70.8,58.857142857142854,1,0.7142857142857142,29.8,26.428571428571427,3.2,2.2857142857142856
2022-10-19,0.728,0.738,59,0,24,0,35,0,96.75,71,3.75,2.1428571428571432,70,50,1.25,0.7142857142857143,26.75,21,2.5,1.4285714285714284
2022-10-20,0.642,0.83,35,0,34,0,1,0,103.33333333333331,61.71428571428571,4.333333333333333,1.857142857142857,76.66666666666667,44.57142857142857,1.6666666666666667,0.7142857142857143,26.666666666666668,17.142857142857142,2.666666666666667,1.142857142857143
2022-10-21,0.457,0.453,56,3,55,3,1,0,94.5,49,1.5,0.4285714285714286,73.5,36.857142857142854,1.5,0.4285714285714286,21,12.142857142857142,0,0
2022-10-22,0.93,0.91,16,0,12,0,4,0,56,33,3,0.42857142857142855,55,26.714285714285715,3,0.42857142857142855,1,6.2857142857142865,0,0
2022-10-23,0.897,0.938,12,0,12,0,0,0,56,27.428571428571427,3,0.4285714285714286,55,26.142857142857142,3,0.4285714285714286,1,1.2857142857142858,0,0
2022-10-24,0.815,0.792,32,0,29,0,3,0,56,24.571428571428573,3,0.4285714285714286,55,23.428571428571427,3,0.4285714285714286,1,1.1428571428571428,0,0
2022-10-25,0.91,0.913,21,0,21,0,0,0,NA,18,NA,0,NA,16.857142857142858,NA,0,NA,1.1428571428571428,NA,0
2022-10-26,0.731,0.86,20,0,20,0,0,0,NA,19.285714285714285,NA,0,NA,18.571428571428573,NA,0,NA,0.7142857142857143,NA,0
2022-10-27,0.624,0.711,15,0,15,0,0,0,NA,18.285714285714285,NA,0,NA,17.428571428571427,NA,0,NA,0.8571428571428571,NA,0
2022-10-28,0.74,0.759,10,0,9,0,1,0,66,23.142857142857142,2,0.28571428571428575,52,20.714285714285715,0,0,14,2.4285714285714284,2,0.28571428571428575
2022-10-29,0.76,0.78,25,0,24,0,1,0,58,27.285714285714285,2,0.5714285714285715,46.5,23.571428571428573,0,0,11.5,3.714285714285714,2,0.5714285714285715
2022-10-30,0.77,0.828,5,0,4,0,1,0,58,31.428571428571427,2,1,46.5,26.142857142857142,0,0,11.5,5.285714285714286,2,1
2022-10-31,0.278,0.348,66,2,52,0,14,2,58,31.857142857142858,2,1.1428571428571428,46.5,26.42857142857143,0,0.14285714285714288,11.5,5.428571428571429,2,1
2022-11-01,0.455,0.37,50,2,41,0,9,2,58,34.142857142857146,2,1.1428571428571428,46.5,28.571428571428573,0,0.14285714285714288,11.5,5.571428571428571,2,1
2022-11-02,0.74,0.741,49,3,38,0,11,3,58,32.57142857142857,2,1.1428571428571428,46.5,26.714285714285715,0,0.14285714285714288,11.5,5.857142857142857,2,1
2022-11-03,0.669,0.74,18,1,17,1,1,0,58,32.14285714285714,2,1.1428571428571428,46.5,26.285714285714285,0,0.14285714285714288,11.5,5.857142857142857,2,1
2022-11-04,0.695,0.715,26,0,24,0,2,0,50,26.285714285714285,2,1.2857142857142856,41,19.857142857142858,0,0.14285714285714288,9,6.428571428571429,2,1.1428571428571428
2022-11-05,0.686,0.562,14,0,11,0,3,0,NA,24.571428571428573,NA,1,NA,18.571428571428573,NA,0.14285714285714288,NA,6,NA,0.8571428571428571
2022-11-06,0.86,0.807,2,0,1,0,1,0,23,20.857142857142858,0,0.5714285714285715,21,16.142857142857142,0,0.14285714285714288,2,4.714285714285714,0,0.4285714285714286
2022-11-07,0.729,0.777,25,3,7,0,18,3,20,20.714285714285715,0,0.4285714285714286,19,16.142857142857142,0,0,1,4.571428571428571,0,0.4285714285714286
2022-11-08,0.581,0.581,38,0,32,0,6,0,20,17.285714285714285,0,0.42857142857142855,19,13,0,0,1,4.285714285714286,0,0.42857142857142855
2022-11-09,0.405,0.343,23,0,21,0,2,0,20,16.571428571428573,0,0.4285714285714286,19,12.428571428571429,0,0,1,4.142857142857143,0,0.4285714285714286
2022-11-10,0.576,0.482,17,0,17,0,0,0,34,25.142857142857142,2,1.2857142857142858,29.666666666666668,19.571428571428573,2,0.8571428571428572,4.333333333333333,5.571428571428571,0,0.4285714285714286
2022-11-11,0.686,0.615,2,0,2,0,0,0,35.5,27.285714285714285,1.5,0.8571428571428572,28.75,22.285714285714285,1.5,0.8571428571428572,6.75,5,0,0
2022-11-12,0.603,0.572,9,0,7,0,2,0,35.5,24.428571428571427,1.5,0.8571428571428572,28.75,18.285714285714285,1.5,0.8571428571428572,6.75,6.142857142857143,0,0
2022-11-13,0.444,0.379,62,6,51,6,11,0,39.666666666666664,21.142857142857142,2,0.8571428571428572,31.333333333333332,15.285714285714286,2,0.8571428571428572,8.333333333333334,5.857142857142857,0,0
2022-11-14,0.518,0.421,40,0,26,0,14,0,51,18.714285714285715,3,0.8571428571428571,38.5,12.857142857142858,3,0.8571428571428571,12.5,5.857142857142857,0,0
2022-11-15,0.631,0.629,18,0,4,0,14,0,51,18.428571428571427,3,0.8571428571428572,38.5,12.571428571428571,3,0.8571428571428572,12.5,5.857142857142857,0,0
2022-11-16,0.949,0.94,0,0,0,0,0,0,51,17.142857142857146,3,0.8571428571428572,38.5,11.571428571428571,3,0.8571428571428572,12.5,5.571428571428571,0,0
2022-11-17,0.97,0.968,0,0,0,0,0,0,40,8.285714285714286,0,0,26,4.2857142857142865,0,0,14,4,0,0
2022-11-18,0.96,0.956,0,0,0,0,0,0,NA,2.5714285714285716,NA,0,NA,0.5714285714285715,NA,0,NA,2,NA,0
2022-11-19,0.871,0.901,0,0,0,0,0,0,NA,0,NA,0,NA,0,NA,0,NA,0,NA,0
2022-11-20,0.958,0.965,0,0,0,0,0,0,NA,0.14285714285714288,NA,0,NA,0.14285714285714288,NA,0,NA,0,NA,0
2022-11-21,0.985,0.985,0,0,0,0,0,0,NA,0.42857142857142855,NA,0,NA,0.14285714285714288,NA,0,NA,0.28571428571428575,NA,0
2022-11-22,0.911,0.93,0,0,0,0,0,0,NA,0.42857142857142855,NA,0,NA,0.14285714285714288,NA,0,NA,0.28571428571428575,NA,0
2022-11-23,0.873,0.826,1,0,1,0,0,0,NA,0.42857142857142855,NA,0,NA,0.14285714285714288,NA,0,NA,0.28571428571428575,NA,0
2022-11-24,0.986,0.985,2,0,0,0,2,0,NA,0.42857142857142855,NA,0,NA,0.14285714285714288,NA,0,NA,0.28571428571428575,NA,0
2022-11-25,0.986,0.996,0,0,0,0,0,0,NA,0.42857142857142855,NA,0,NA,0.14285714285714288,NA,0,NA,0.28571428571428575,NA,0
2022-11-26,0.976,0.996,0,0,0,0,0,0,NA,1.5714285714285716,NA,0,NA,0.2857142857142857,NA,0,NA,1.2857142857142858,NA,0
2022-11-27,0.973,0.986,0,0,0,0,0,0,NA,1.857142857142857,NA,0,NA,0.5714285714285715,NA,0,NA,1.2857142857142858,NA,0
2022-11-28,0.951,0.973,0,0,0,0,0,0,NA,3.714285714285714,NA,0,NA,1.2857142857142858,NA,0,NA,2.4285714285714284,NA,0
2022-11-29,0.891,0.884,8,0,1,0,7,0,NA,7.2857142857142865,NA,1,NA,3.5714285714285716,NA,1,NA,3.7142857142857144,NA,0
2022-11-30,0.908,0.886,3,0,3,0,0,0,NA,9.714285714285714,NA,1.2857142857142858,NA,5.142857142857143,NA,1.2857142857142858,NA,4.571428571428571,NA,0
2022-12-01,0.852,0.852,15,0,5,0,10,0,20,12.571428571428571,0,1.2857142857142858,8,6.285714285714286,0,1.2857142857142858,12,6.285714285714286,0,0
2022-12-02,0.948,0.945,25,7,16,7,9,0,20,15.428571428571429,0,1.2857142857142858,8,8.142857142857142,0,1.2857142857142858,12,7.285714285714286,0,0
2022-12-03,0.869,0.824,17,2,11,2,6,0,20,21,0,1.2857142857142858,8,11.428571428571429,0,1.2857142857142858,12,9.571428571428571,0,0
2022-12-04,0.628,0.463,20,0,8,0,12,0,20,21.285714285714285,0,1.2857142857142858,8,11.714285714285714,0,1.2857142857142858,12,9.571428571428571,0,0
2022-12-05,0.653,0.513,20,0,13,0,7,0,20,19.142857142857142,0,1.2857142857142858,8,11,0,1.2857142857142858,12,8.142857142857142,0,0
2022-12-06,0.686,0.538,47,0,24,0,23,0,20,15.571428571428571,0,0.28571428571428575,8,8.714285714285714,0,0.28571428571428575,12,6.857142857142857,0,0
2022-12-07,0.916,0.897,5,0,5,0,0,0,20,13.142857142857142,0,0,8,7.142857142857143,0,0,12,6,0,0
2022-12-08,0.893,0.98,0,0,0,0,0,0,NA,11,NA,0,NA,6,NA,0,NA,5,NA,0
2022-12-09,0.962,0.962,0,0,0,0,0,0,NA,8.142857142857144,NA,0,NA,4.142857142857143,NA,0,NA,4,NA,0
2022-12-10,0.972,0.971,0,0,0,0,0,0,NA,1.4285714285714284,NA,0,NA,0.7142857142857142,NA,0,NA,0.7142857142857143,NA,0
2022-12-11,0.966,0.954,5,0,0,0,5,0,NA,1.1428571428571428,NA,0,NA,0.4285714285714286,NA,0,NA,0.7142857142857143,NA,0
2022-12-12,0.975,0.986,0,0,0,0,0,0,NA,1.5714285714285714,NA,0,NA,0.4285714285714286,NA,0,NA,1.1428571428571428,NA,0
2022-12-13,0.869,0.914,0,0,0,0,0,0,NA,1.7142857142857142,NA,0,NA,0.4285714285714286,NA,0,NA,1.2857142857142858,NA,0
2022-12-14,0.679,0.638,3,0,3,0,0,0,NA,2.142857142857143,NA,0,NA,0.4285714285714286,NA,0,NA,1.7142857142857142,NA,0
2022-12-15,0.95,0.95,3,0,0,0,3,0,NA,1.4285714285714286,NA,0,NA,0.42857142857142855,NA,0,NA,1,NA,0
2022-12-16,0.951,0.932,1,0,0,0,1,0,1,1.5714285714285714,0,0,0,0.4285714285714286,0,0,1,1.1428571428571428,0,0
2022-12-17,0.952,0.944,3,0,0,0,3,0,1,4,0,0,0,2.285714285714286,0,0,1,1.7142857142857142,0,0
2022-12-18,0.912,0.929,0,0,0,0,0,0,1,4,0,0,0,2.285714285714286,0,0,1,1.7142857142857142,0,0
2022-12-19,0.503,0.498,1,0,0,0,1,0,1,4,0,0,0,2.285714285714286,0,0,1,1.7142857142857142,0,0
2022-12-20,0.668,0.576,17,0,13,0,4,0,1,3.857142857142857,0,0,0,2.285714285714286,0,0,1,1.5714285714285714,0,0
2022-12-21,0.815,0.83,3,0,3,0,0,0,1,3.4285714285714284,0,0,0,2.285714285714286,0,0,1,1.1428571428571428,0,0
2022-12-22,0.863,0.827,3,0,0,0,3,0,1,3.5714285714285716,0,0,0,2.4285714285714284,0,0,1,1.1428571428571428,0,0
2022-12-23,0.881,0.871,0,0,0,0,0,0,NA,3.4285714285714284,NA,0,NA,2.4285714285714284,NA,0,NA,1,NA,0
2022-12-24,0.934,0.925,0,0,0,0,0,0,NA,1,NA,0,NA,0.5714285714285715,NA,0,NA,0.4285714285714286,NA,0
2022-12-25,0.965,0.981,1,0,1,0,0,0,NA,1.2857142857142858,NA,0,NA,0.8571428571428572,NA,0,NA,0.4285714285714286,NA,0
2022-12-26,0.96,0.957,0,0,0,0,0,0,NA,2,NA,0,NA,1.857142857142857,NA,0,NA,0.14285714285714288,NA,0
2022-12-27,0.915,0.968,0,0,0,0,0,0,NA,2.2857142857142856,NA,0,NA,1.857142857142857,NA,0,NA,0.42857142857142855,NA,0
2022-12-28,0.588,0.596,5,0,5,0,0,0,NA,3.5714285714285716,NA,0,NA,3,NA,0,NA,0.5714285714285714,NA,0
2022-12-29,0.71,0.744,8,0,7,0,1,0,NA,6.142857142857143,NA,0.28571428571428575,NA,4.285714285714286,NA,0,NA,1.857142857142857,NA,0.28571428571428575
2022-12-30,0.698,0.7,2,0,0,0,2,0,19,8.857142857142858,7,1.2857142857142858,10,5.714285714285714,0,0,9,3.1428571428571432,7,1.2857142857142858
2022-12-31,0.629,0.568,9,0,8,0,1,0,19,10.285714285714286,7,1.4285714285714286,10,6.571428571428571,0,0,9,3.7142857142857144,7,1.4285714285714286
2023-01-01,0.601,0.622,19,2,10,0,9,2,19,9.857142857142858,7,1.4285714285714286,10,6.142857142857143,0,0,9,3.7142857142857144,7,1.4285714285714286
2023-01-02,0.442,0.431,19,7,10,0,9,7,19,9.142857142857142,7,1.4285714285714286,10,5.428571428571429,0,0,9,3.7142857142857144,7,1.4285714285714286
2023-01-03,0.592,0.532,10,1,6,0,4,1,19,9.857142857142858,7,1.5714285714285716,10,6.142857142857143,0,0,9,3.7142857142857144,7,1.5714285714285716
2023-01-04,0.622,0.623,2,0,2,0,0,0,19,9.285714285714285,7,1.7142857142857142,10,5.428571428571429,0,0,9,3.8571428571428568,7,1.7142857142857142
2023-01-05,0.942,0.936,3,0,2,0,1,0,12,7.2857142857142865,4.5,1.7142857142857142,6.5,4.428571428571429,0,0,5.5,2.8571428571428568,4.5,1.7142857142857142
2023-01-06,0.874,0.838,7,1,5,0,2,1,5,4.714285714285714,2,0.7142857142857143,3,3,0,0,2,1.7142857142857142,2,0.7142857142857143
2023-01-07,0.713,0.607,5,1,3,0,2,1,5,4,2,0.8571428571428571,3,2.5714285714285716,0,0,2,1.4285714285714286,2,0.8571428571428571
2023-01-08,0.628,0.462,5,2,3,0,2,2,5,4.571428571428571,2,0.8571428571428571,3,3,0,0,2,1.5714285714285714,2,0.8571428571428571
2023-01-09,0.683,0.547,1,0,0,0,1,0,5,4.142857142857143,2,0.8571428571428571,3,2.7142857142857144,0,0,2,1.4285714285714286,2,0.8571428571428571
2023-01-10,0.751,0.635,5,2,3,0,2,2,5,3.142857142857143,2,0.7142857142857142,3,2,0,0,2,1.1428571428571428,2,0.7142857142857142
2023-01-11,0.735,0.646,6,0,5,0,1,0,5,2.4285714285714284,2,0.5714285714285714,3,1.5714285714285714,0,0,2,0.8571428571428571,2,0.5714285714285714
2023-01-12,0.869,0.831,0,0,0,0,0,0,NA,1.7142857142857142,NA,0.28571428571428575,NA,1.1428571428571428,NA,0,NA,0.5714285714285714,NA,0.28571428571428575
2023-01-13,0.898,0.869,0,0,0,0,0,0,NA,2.142857142857143,NA,0.28571428571428575,NA,1.5714285714285716,NA,0,NA,0.5714285714285714,NA,0.28571428571428575
2023-01-14,0.91,0.912,0,0,0,0,0,0,NA,3.714285714285714,NA,1,NA,1.4285714285714286,NA,0,NA,2.285714285714286,NA,1
2023-01-15,0.937,0.937,0,0,0,0,0,0,NA,4.7142857142857135,NA,2,NA,1.5714285714285716,NA,0,NA,3.142857142857143,NA,2
2023-01-16,0.9,0.864,4,0,3,0,1,0,NA,7.857142857142857,NA,2.5714285714285716,NA,3.5714285714285716,NA,0,NA,4.285714285714286,NA,2.5714285714285716
2023-01-17,0.889,0.922,16,7,2,0,14,7,NA,9.571428571428571,NA,2.5714285714285716,NA,4.142857142857143,NA,0,NA,5.428571428571429,NA,2.5714285714285716
2023-01-18,0.896,0.929,13,7,6,0,7,7,NA,11,NA,2.5714285714285716,NA,5.142857142857143,NA,0,NA,5.857142857142857,NA,2.5714285714285716
2023-01-19,0.688,0.601,22,4,14,0,8,4,NA,11.857142857142858,NA,2.5714285714285716,NA,5.142857142857143,NA,0,NA,6.714285714285714,NA,2.5714285714285716
2023-01-20,0.88,0.838,12,0,4,0,8,0,NA,12.571428571428571,NA,2.5714285714285716,NA,5.571428571428571,NA,0,NA,7,NA,2.5714285714285716
2023-01-21,0.802,0.758,10,0,7,0,3,0,NA,12.285714285714286,NA,1.5714285714285716,NA,6.571428571428571,NA,0,NA,5.714285714285714,NA,1.5714285714285716
2023-01-22,0.902,0.875,6,0,0,0,6,0,NA,12.428571428571429,NA,0.5714285714285715,NA,6,NA,0,NA,6.428571428571429,NA,0.5714285714285715
2023-01-23,0.797,0.718,9,0,6,0,3,0,NA,12,NA,0,NA,6,NA,0,NA,6,NA,0
2023-01-24,0.71,0.596,14,0,9,0,5,0,NA,13.285714285714286,NA,0,NA,7.857142857142857,NA,0,NA,5.428571428571429,NA,0
2023-01-25,0.72,0.615,14,0,2,0,12,0,NA,12.428571428571429,NA,0,NA,7.428571428571429,NA,0,NA,5,NA,0
2023-01-26,0.677,0.548,19,0,14,0,5,0,NA,11.571428571428571,NA,0,NA,7.428571428571429,NA,0,NA,4.142857142857143,NA,0
2023-01-27,0.72,0.601,21,0,17,0,4,0,NA,10.428571428571429,NA,0,NA,6.714285714285714,NA,0,NA,3.714285714285714,NA,0
2023-01-28,0.877,0.839,4,0,4,0,0,0,NA,8.428571428571429,NA,0,NA,5.428571428571429,NA,0,NA,3,NA,0
2023-01-29,0.921,0.931,0,0,0,0,0,0,NA,6.428571428571429,NA,0,NA,5.142857142857143,NA,0,NA,1.2857142857142858,NA,0
2023-01-30,0.749,0.681,1,0,1,0,0,0,NA,4.571428571428572,NA,0,NA,3.8571428571428568,NA,0,NA,0.7142857142857142,NA,0
2023-01-31,0.888,0.888,0,0,0,0,0,0,NA,2.5714285714285716,NA,0,NA,2,NA,0,NA,0.5714285714285715,NA,0
2023-02-01,0.862,0.85,0,0,0,0,0,0,NA,2,NA,0,NA,1.4285714285714286,NA,0,NA,0.5714285714285715,NA,0
2023-02-02,0.78,0.754,6,0,5,0,1,0,NA,2,NA,0,NA,1.4285714285714286,NA,0,NA,0.5714285714285715,NA,0
2023-02-03,0.794,0.795,7,0,4,0,3,0,NA,1.857142857142857,NA,0,NA,1.2857142857142858,NA,0,NA,0.5714285714285715,NA,0
2023-02-04,0.891,0.876,0,0,0,0,0,0,NA,1.857142857142857,NA,0,NA,1.2857142857142858,NA,0,NA,0.5714285714285715,NA,0
2023-02-05,0.915,0.943,0,0,0,0,0,0,30,6.142857142857143,0,0,20,4.142857142857143,0,0,10,2,0,0
2023-02-06,0.79,0.806,0,0,0,0,0,0,22,7.285714285714286,0,0,16,5.142857142857143,0,0,6,2.142857142857143,0,0
2023-02-07,0.762,0.732,0,0,0,0,0,0,19.333333333333332,8.285714285714286,0,0,15,6.428571428571429,0,0,4.333333333333333,1.857142857142857,0,0
2023-02-08,0.248,0.266,30,0,20,0,10,0,19.333333333333332,11.857142857142858,0,0,15,7.571428571428571,0,0,4.333333333333333,4.285714285714286,0,0
2023-02-09,0.418,0.418,14,0,12,0,2,0,19.333333333333332,16,0,0,15,11.428571428571429,0,0,4.333333333333333,4.571428571428571,0,0
2023-02-10,0.417,0.37,14,0,13,0,1,0,19.333333333333332,18.714285714285715,0,0,15,14,0,0,4.333333333333333,4.714285714285714,0,0
2023-02-11,0.714,0.647,25,0,8,0,17,0,19.333333333333332,19.285714285714285,0,0,15,14.428571428571429,0,0,4.333333333333333,4.857142857142857,0,0
2023-02-12,0.581,0.633,29,0,27,0,2,0,14,16.714285714285715,0,0,12.5,13.285714285714286,0,0,1.5,3.4285714285714284,0,0
2023-02-13,0.731,0.692,19,0,18,0,1,0,14,17.428571428571427,0,0,13,14.142857142857142,0,0,1,3.285714285714286,0,0
2023-02-14,0.807,0.842,4,0,3,0,1,0,NA,19.285714285714285,NA,0,NA,15.428571428571429,NA,0,NA,3.8571428571428568,NA,0
2023-02-15,0.527,0.605,12,0,12,0,0,0,NA,16.714285714285715,NA,0,NA,15.285714285714286,NA,0,NA,1.4285714285714286,NA,0
2023-02-16,0.655,0.617,19,0,18,0,1,0,NA,13,NA,0,NA,11.428571428571429,NA,0,NA,1.5714285714285714,NA,0
2023-02-17,0.833,0.805,27,0,22,0,5,0,NA,15.571428571428571,NA,0,NA,14.142857142857142,NA,0,NA,1.4285714285714286,NA,0
2023-02-18,0.915,0.918,7,0,7,0,0,0,NA,18.285714285714285,NA,0,NA,17,NA,0,NA,1.2857142857142858,NA,0
2023-02-19,0.834,0.844,3,0,0,0,3,0,NA,19.285714285714285,NA,0,NA,17.714285714285715,NA,0,NA,1.5714285714285714,NA,0
2023-02-20,0.744,0.724,37,0,37,0,0,0,18,19.142857142857142,0,0,12,16.857142857142858,0,0,6,2.2857142857142856,0,0
2023-02-21,0.84,0.852,23,0,23,0,0,0,18,16.428571428571427,0,0,12,14.857142857142858,0,0,6,1.5714285714285714,0,0
2023-02-22,0.696,0.645,19,0,17,0,2,0,18,16,0,0,12,14.285714285714286,0,0,6,1.7142857142857142,0,0
2023-02-23,0.314,0.18,18,0,12,0,6,0,18,15.571428571428571,0,0,12,14.285714285714286,0,0,6,1.2857142857142858,0,0
2023-02-24,0.84,0.785,8,0,8,0,0,0,18,10.285714285714286,0,0,12,9,0,0,6,1.2857142857142858,0,0
2023-02-25,0.882,0.895,4,0,3,0,1,0,18,9.571428571428571,0,0,12,7.857142857142857,0,0,6,1.7142857142857142,0,0
2023-02-26,0.945,0.944,0,0,0,0,0,0,18,12.428571428571429,0,0.14285714285714288,12,10,0,0,6,2.4285714285714284,0,0.14285714285714288
2023-02-27,0.953,0.955,0,0,0,0,0,0,78,21,3,0.5714285714285715,64,17.428571428571427,3,0.4285714285714286,14,3.5714285714285716,0,0.14285714285714288
2023-02-28,0.751,0.789,18,0,15,0,3,0,78,25.428571428571427,3,0.7142857142857143,64,20.428571428571427,3,0.5714285714285715,14,5,0,0.14285714285714288
2023-03-01,0.564,0.574,39,1,32,0,7,1,78,46.142857142857146,3,2.1428571428571432,64,35.42857142857143,3,1.5714285714285716,14,10.714285714285714,0,0.5714285714285715
2023-03-02,0.498,0.446,78,3,64,3,14,0,78,72.85714285714286,3,5.857142857142857,64,58.142857142857146,3,4.142857142857143,14,14.714285714285714,0,1.7142857142857142
2023-03-03,0.762,0.77,39,1,29,1,10,0,78,84.14285714285714,3,8.428571428571429,64,61.142857142857146,3,4.714285714285714,14,23,0,3.714285714285714
2023-03-04,0.648,0.639,149,10,108,7,41,3,78,88.85714285714286,3,8.857142857142858,64,63.142857142857146,3,4.857142857142857,14,25.714285714285715,0,4
2023-03-05,0.533,0.505,187,26,159,18,28,8,78,96.42857142857144,3,11.571428571428571,64,65,3,5.571428571428571,14,31.428571428571427,0,6
2023-03-06,0.628,0.535,79,18,21,4,58,14,NA,118.57142857142856,NA,19.142857142857142,NA,79.85714285714286,NA,10.857142857142858,NA,38.714285714285715,NA,8.285714285714286
2023-03-07,0.806,0.802,51,3,29,1,22,2,NA,143,NA,25,NA,99.85714285714286,NA,15.714285714285714,NA,43.142857142857146,NA,9.285714285714286
2023-03-08,0.797,0.786,92,20,45,5,47,15,NA,122.85714285714286,NA,23.571428571428573,NA,85.42857142857143,NA,14.714285714285714,NA,37.42857142857143,NA,8.857142857142858
2023-03-09,0.77,0.713,233,56,168,40,65,16,NA,104,NA,20.571428571428573,NA,69.14285714285714,NA,12.428571428571429,NA,34.857142857142854,NA,8.142857142857142
2023-03-10,0.664,0.646,210,42,169,35,41,7,173,117.42857142857144,41,23.857142857142858,90,79,17,14.285714285714286,83,38.42857142857143,24,9.571428571428571
2023-03-11,0.949,0.949,8,0,7,0,1,0,305.5,172.71428571428572,90.5,43.42857142857143,163.5,108.71428571428572,35.5,21.857142857142858,142,64,55,21.571428571428573
2023-03-12,0.735,0.767,55,5,45,2,10,3,305.5,173.57142857142858,90.5,41.714285714285715,163.5,115.71428571428572,35.5,22.285714285714285,142,57.857142857142854,55,19.428571428571427
2023-03-13,0.446,0.308,173,41,90,17,83,24,305.5,141.57142857142858,90.5,33.857142857142854,163.5,92.28571428571428,35.5,16.571428571428573,142,49.285714285714285,55,17.28571428571429
2023-03-14,0.527,0.426,438,140,237,54,201,86,305.5,123.71428571428572,90.5,28,163.5,79.71428571428571,35.5,11.714285714285714,142,44,55,16.28571428571429
2023-03-15,0.887,0.859,98,8,94,8,4,0,305.5,136.85714285714286,90.5,32.57142857142857,163.5,92.57142857142856,35.5,16.285714285714285,142,44.28571428571429,55,16.28571428571429
2023-03-16,0.883,0.934,9,1,4,0,5,1,305.5,155,90.5,34.57142857142857,163.5,111.85714285714286,35.5,18.714285714285715,142,43.142857142857146,55,15.857142857142856
2023-03-17,0.723,0.934,85,1,81,1,4,0,438,164,140,34.285714285714285,237,122.57142857142856,54,19.285714285714285,201,41.42857142857142,86,15
2023-03-18,0.71,0.822,100,32,97,32,3,0,NA,138.71428571428572,NA,24.428571428571427,NA,121.71428571428572,NA,21.714285714285715,NA,17,NA,2.714285714285714
2023-03-19,0.678,0.733,182,19,180,19,2,0,NA,174.57142857142858,NA,36,NA,149,NA,31.142857142857142,NA,25.571428571428573,NA,4.857142857142857
2023-03-20,0.695,0.63,236,39,165,21,71,18,NA,273.14285714285717,NA,65.28571428571429,NA,226,NA,51.71428571428571,NA,47.142857142857146,NA,13.571428571428571
2023-03-21,0.778,0.737,261,71,231,71,30,0,NA,333.57142857142856,NA,89.14285714285714,NA,264.2857142857143,NA,65.14285714285714,NA,69.28571428571429,NA,24
2023-03-22,0.646,0.634,349,89,285,74,64,15,NA,392,NA,113.28571428571428,NA,303.2857142857143,NA,83.57142857142857,NA,88.71428571428571,NA,29.714285714285715
2023-03-23,0.615,0.518,699,206,543,144,156,62,NA,385.57142857142856,NA,121.71428571428572,NA,291.57142857142856,NA,90.14285714285714,NA,94,NA,31.571428571428573
2023-03-24,0.805,0.756,508,168,349,95,159,73,NA,358.85714285714283,NA,117.28571428571428,NA,274.42857142857144,NA,88.28571428571429,NA,84.42857142857143,NA,29
2023-03-25,0.884,0.866,509,201,370,161,139,40,NA,329.42857142857144,NA,109.71428571428572,NA,247,NA,80.28571428571429,NA,82.42857142857143,NA,29.428571428571427
2023-03-26,0.834,0.884,137,78,98,65,39,13,NA,280.85714285714283,NA,97,NA,207.42857142857144,NA,69.71428571428571,NA,73.42857142857143,NA,27.285714285714285
2023-03-27,0.768,0.7,49,8,45,8,4,0,NA,187,NA,68.71428571428571,NA,135.71428571428572,NA,50.28571428571429,NA,51.28571428571429,NA,18.428571428571427
2023-03-28,0.941,0.971,55,18,39,15,16,3,NA,126.71428571428572,NA,46.142857142857146,NA,96.42857142857142,NA,38.142857142857146,NA,30.28571428571429,NA,8
2023-03-29,0.812,0.908,9,0,8,0,1,0,NA,57.42857142857143,NA,17.857142857142854,NA,44.285714285714285,NA,15.571428571428571,NA,13.142857142857142,NA,2.285714285714286
2023-03-30,0.584,0.646,42,8,41,8,1,0,NA,40.42857142857143,NA,6.857142857142857,NA,31.142857142857142,NA,6.428571428571429,NA,9.285714285714286,NA,0.4285714285714286
2023-03-31,0.692,0.624,86,10,74,10,12,0,NA,34,NA,5.714285714285714,NA,25.285714285714285,NA,5.285714285714286,NA,8.714285714285714,NA,0.4285714285714286
2023-04-01,0.888,0.88,24,3,5,3,19,0,NA,27.571428571428573,NA,3.1428571428571432,NA,20,NA,3.1428571428571432,NA,7.571428571428571,NA,0
2023-04-02,0.918,0.9,18,1,6,1,12,0,NA,31.428571428571427,NA,4,NA,23.857142857142858,NA,4,NA,7.571428571428571,NA,0
2023-04-03,0.895,0.872,4,0,4,0,0,0,NA,27.571428571428573,NA,3,NA,20.142857142857142,NA,3,NA,7.428571428571429,NA,0
2023-04-04,0.913,0.914,10,0,2,0,8,0,NA,19,NA,2,NA,11.714285714285714,NA,1.7142857142857142,NA,7.2857142857142865,NA,0.28571428571428575
2023-04-05,0.954,0.95,36,6,35,6,1,0,NA,21.714285714285715,NA,4.428571428571429,NA,15.571428571428571,NA,3.7142857142857144,NA,6.142857142857143,NA,0.7142857142857142
2023-04-06,0.965,0.95,15,1,15,1,0,0,NA,34.142857142857146,NA,8.571428571428573,NA,23.714285714285715,NA,6.2857142857142865,NA,10.428571428571429,NA,2.285714285714286
2023-04-07,0.86,0.873,26,3,15,1,11,2,NA,72,NA,21,NA,54.42857142857142,NA,17.571428571428573,NA,17.571428571428573,NA,3.4285714285714284
2023-04-08,0.819,0.817,43,20,32,17,11,3,NA,95.85714285714286,NA,29.142857142857142,NA,77.28571428571429,NA,25.71428571428571,NA,18.571428571428573,NA,3.4285714285714284
2023-04-09,0.747,0.707,105,30,63,19,42,11,NA,90.85714285714286,NA,28.285714285714285,NA,72.28571428571429,NA,24.857142857142858,NA,18.57142857142857,NA,3.4285714285714284
2023-04-10,0.753,0.743,269,87,219,79,50,8,NA,89.85714285714286,NA,28.285714285714285,NA,71.28571428571429,NA,24.857142857142858,NA,18.571428571428573,NA,3.4285714285714284
2023-04-11,0.845,0.879,177,57,162,57,15,0,NA,88.71428571428571,NA,28.714285714285715,NA,71.28571428571429,NA,25.571428571428573,NA,17.428571428571427,NA,3.1428571428571432
2023-04-12,0.963,0.978,1,0,0,0,1,0,NA,85.28571428571429,NA,26.571428571428573,NA,67.71428571428571,NA,23.857142857142858,NA,17.571428571428573,NA,2.714285714285714
2023-04-13,0.873,0.914,8,1,8,1,0,0,NA,82.42857142857142,NA,27,NA,66,NA,24,NA,16.428571428571427,NA,3
2023-04-14,0.766,0.777,18,6,15,6,3,0,NA,66.71428571428571,NA,21.571428571428573,NA,50.42857142857143,NA,17.428571428571427,NA,16.285714285714285,NA,4.142857142857143
2023-04-15,0.853,0.826,19,5,7,5,12,0,NA,73,NA,28.71428571428571,NA,55.57142857142858,NA,23.28571428571429,NA,17.428571428571427,NA,5.428571428571429
2023-04-16,0.842,0.812,85,33,51,20,34,13,NA,79.85714285714286,NA,30.428571428571427,NA,61.42857142857142,NA,24.28571428571429,NA,18.42857142857143,NA,6.142857142857143
2023-04-17,0.802,0.722,159,49,110,33,49,16,NA,80,NA,30.28571428571429,NA,61.57142857142858,NA,24.142857142857142,NA,18.428571428571427,NA,6.142857142857143
2023-04-18,0.874,0.837,221,107,198,98,23,9,NA,79.85714285714286,NA,29.428571428571427,NA,61.857142857142854,NA,23.28571428571429,NA,18,NA,6.142857142857143
2023-04-19,0.887,0.885,49,12,41,7,8,5,NA,82.57142857142857,NA,29.714285714285715,NA,66.14285714285714,NA,23.428571428571427,NA,16.428571428571427,NA,6.2857142857142865
2023-04-20,0.912,0.966,9,0,9,0,0,0,79,81.71428571428571,35,30,68,68.57142857142858,27,24.428571428571427,11,13.142857142857144,8,5.571428571428571
2023-04-21,0.805,0.948,17,0,17,0,0,0,79,72.71428571428571,35,26.142857142857142,68,66.14285714285714,27,22.428571428571427,11,6.571428571428572,8,3.7142857142857144
2023-04-22,0.68,0.708,38,7,37,6,1,1,79,57,35,15.428571428571429,68,50.57142857142857,27,11.428571428571429,11,6.428571428571429,8,4
2023-04-23,0.469,0.499,79,35,68,27,11,8,79,68,35,21.142857142857142,68,57.857142857142854,27,14.571428571428571,11,10.142857142857144,8,6.571428571428572
2023-04-24,0.483,0.536,96,22,93,19,3,3,79,70.28571428571429,35,22.428571428571427,68,58,27,14.714285714285714,11,12.285714285714286,8,7.714285714285714
2023-04-25,0.636,0.55,111,32,89,21,22,11,79,69,35,23,68,56.57142857142857,27,15.142857142857142,11,12.428571428571429,8,7.857142857142857
2023-04-26,0.778,0.703,126,52,92,29,34,23,79,78.14285714285714,35,24.571428571428573,68,65.71428571428571,27,16.714285714285715,11,12.428571428571429,8,7.857142857142857
2023-04-27,0.852,0.927,25,9,10,1,15,8,NA,74.14285714285714,NA,21.714285714285715,NA,63.285714285714285,NA,15,NA,10.857142857142858,NA,6.7142857142857135
2023-04-28,0.764,0.921,8,4,7,3,1,1,NA,74.42857142857143,NA,21.428571428571427,NA,63.857142857142854,NA,15.142857142857142,NA,10.571428571428571,NA,6.2857142857142865
2023-04-29,0.741,0.886,102,18,101,17,1,1,236,92.28571428571428,80,28.285714285714285,212,81.42857142857143,63,21.142857142857142,24,10.857142857142858,17,7.142857142857143
2023-04-30,0.825,0.964,51,15,51,15,0,0,288.5,123,108.5,40.42857142857142,243,107.42857142857142,82,31.428571428571427,45.5,15.571428571428571,26.5,9
2023-05-01,0.476,0.662,98,20,97,20,1,0,288.5,143.14285714285714,108.5,45.857142857142854,243,124.57142857142856,82,35.142857142857146,45.5,18.571428571428573,26.5,10.714285714285714
2023-05-02,0.257,0.167,236,80,212,63,24,17,288.5,165.28571428571428,108.5,53.285714285714285,243,139.57142857142858,82,37.285714285714285,45.5,25.714285714285715,26.5,16
2023-05-03,0.48,0.297,341,137,274,101,67,36,305.3333333333333,199.1428571428571,102,63.42857142857143,253.66666666666663,164.42857142857142,71.66666666666667,42.142857142857146,51.666666666666664,34.714285714285715,30.333333333333332,21.285714285714285
2023-05-04,0.747,0.697,166,47,130,27,36,20,305.3333333333333,237.57142857142856,102,82.71428571428571,253.66666666666663,194.71428571428572,71.66666666666667,54.714285714285715,51.666666666666664,42.857142857142854,30.333333333333332,28
2023-05-05,0.657,0.667,163,56,112,18,51,38,305.3333333333333,244,102,88.28571428571429,253.66666666666663,200.42857142857144,71.66666666666667,59.57142857142857,51.666666666666664,43.57142857142857,30.333333333333332,28.714285714285715
2023-05-06,0.484,0.405,339,89,275,51,64,38,340,213.57142857142856,113,77.71428571428571,274.5,173.42857142857142,76,51.42857142857143,65.5,40.142857142857146,37,26.285714285714285
2023-05-07,0.801,0.759,320,150,263,103,57,47,339,170.71428571428572,89,58.57142857142857,275,139.71428571428572,51,37.42857142857143,64,31,38,21.142857142857142
2023-05-08,0.856,0.908,143,59,137,54,6,5,245,168.57142857142858,60.5,56.42857142857143,203,139.85714285714286,35,36.285714285714285,42,28.714285714285715,25.5,20.142857142857142
2023-05-09,0.709,0.823,23,6,23,6,0,0,223.66666666666663,171.14285714285714,66.66666666666667,59.71428571428571,177,141.71428571428572,38.333333333333336,40.14285714285714,46.666666666666664,29.428571428571427,28.333333333333332,19.571428571428573
2023-05-10,0.569,0.64,41,3,38,3,3,0,166,163.71428571428572,55.5,68,128,131.42857142857142,32,44.714285714285715,38,32.285714285714285,23.5,23.285714285714285
2023-05-11,0.385,0.394,151,32,131,19,20,13,182,148.57142857142858,68,59.857142857142854,146.66666666666666,120.14285714285714,48.666666666666664,41.714285714285715,35.333333333333336,28.428571428571427,19.333333333333332,18.142857142857142
2023-05-12,0.378,0.315,181,79,125,45,56,34,200.75,164.85714285714286,85,70.85714285714286,159.25,128.71428571428572,63.25,49.285714285714285,41.5,36.142857142857146,21.75,21.571428571428573
2023-05-13,0.56,0.519,287,147,203,83,84,64,200.75,181.57142857142856,85,82.28571428571428,159.25,135.42857142857142,63.25,54.42857142857143,41.5,46.142857142857146,21.75,27.857142857142858
2023-05-14,0.45,0.465,214,93,184,82,30,11,229.8,225.1428571428571,114.6,115.14285714285714,161,154,67.2,65.85714285714286,68.8,71.14285714285714,47.4,49.28571428571429
2023-05-15,0.564,0.423,257,136,197,107,60,29,270.8,254.42857142857144,161.6,148.71428571428572,162.6,155.14285714285714,78.6,74,108.2,99.28571428571428,83,74.71428571428571
2023-05-16,0.733,0.665,140,86,70,42,70,44,293.25,261.7142857142857,182.25,156.14285714285714,172,159.28571428571428,87,78.85714285714286,121.25,102.42857142857144,95.25,77.28571428571429
2023-05-17,0.528,0.325,346,233,168,83,178,150,288.8,259.42857142857144,176.2,156.85714285714286,170.6,153.85714285714286,83.2,76.71428571428571,118.2,105.57142857142856,93,80.14285714285714
2023-05-18,0.455,0.266,356,267,139,76,217,191,307.5,257.42857142857144,197,160,167.25,144.85714285714286,83.5,73.42857142857143,140.25,112.57142857142856,113.5,86.57142857142857
2023-05-19,0.609,0.552,232,131,154,79,78,52,324.3333333333333,229.1428571428571,217.33333333333337,144.85714285714286,157.33333333333334,125.14285714285714,75.66666666666667,62.42857142857143,167,104,141.66666666666666,82.42857142857143
2023-05-20,0.472,0.481,271,152,165,68,106,84,324.3333333333333,222,217.33333333333337,139.85714285714286,157.33333333333334,127,75.66666666666667,63.285714285714285,167,95,141.66666666666666,76.57142857142857
2023-05-21,0.535,0.652,200,115,121,59,79,56,313.5,187.71428571428572,209.5,115.71428571428572,152,113.42857142857144,72,57.285714285714285,161.5,74.28571428571429,137.5,58.42857142857143
2023-05-22,0.669,0.77,59,30,59,30,0,0,271,147.14285714285714,152,82.85714285714286,165,98.57142857142856,68,49.142857142857146,106,48.57142857142857,84,33.714285714285715
2023-05-23,0.693,0.744,90,51,83,48,7,3,271,119.57142857142858,152,66.42857142857143,165,81.14285714285714,68,39.57142857142857,106,38.42857142857143,84,26.857142857142858
2023-05-24,0.714,0.778,106,64,73,41,33,23,NA,90.14285714285714,NA,48,NA,66.71428571428571,NA,33.142857142857146,NA,23.428571428571427,NA,14.857142857142856
2023-05-25,0.697,0.79,72,37,35,19,37,18,NA,78.85714285714286,NA,42.142857142857146,NA,62.714285714285715,NA,34,NA,16.142857142857142,NA,8.142857142857142
2023-05-26,0.723,0.752,39,16,32,12,7,4,NA,84.42857142857143,NA,45.142857142857146,NA,67.14285714285714,NA,36.57142857142857,NA,17.285714285714285,NA,8.571428571428571
2023-05-27,0.674,0.766,65,23,64,23,1,0,NA,83.57142857142857,NA,44,NA,67,NA,35.857142857142854,NA,16.571428571428573,NA,8.142857142857142
2023-05-28,0.505,0.563,121,74,93,65,28,9,NA,80.28571428571429,NA,39,NA,68.28571428571429,NA,34.142857142857146,NA,12,NA,4.857142857142857
2023-05-29,0.502,0.592,98,51,90,48,8,3,264,107.71428571428572,118,50.57142857142857,218,94.42857142857144,96,45.142857142857146,46,13.285714285714286,22,5.428571428571428
2023-05-30,0.655,0.77,84,43,82,43,2,0,245,134.42857142857142,118,65.14285714285714,200.5,116,94,56.57142857142857,44.5,18.428571428571427,24,8.571428571428573
2023-05-31,0.496,0.587,83,29,82,29,1,0,200.66666666666663,141.14285714285714,94.33333333333331,68.57142857142857,162.66666666666666,119.28571428571428,75.66666666666667,58.857142857142854,38,21.857142857142858,18.666666666666668,9.714285714285714
2023-06-01,0.291,0.35,264,118,218,96,46,22,205.5,155.28571428571428,101,75.28571428571429,166,131.14285714285714,81.5,63.714285714285715,39.5,24.142857142857142,19.5,11.571428571428571
2023-06-02,0.387,0.275,226,118,183,92,43,26,209.6,173.57142857142858,107.4,87,155.4,134.42857142857142,77.6,65.71428571428571,54.2,39.142857142857146,29.8,21.285714285714285
2023-06-03,0.365,0.397,112,47,87,39,25,8,234.5,212.8571428571429,132.83333333333334,118,162,150.57142857142858,90,81.28571428571429,72.5,62.28571428571429,42.83333333333333,36.71428571428571
2023-06-04,0.255,0.179,220,121,176,99,44,22,234.5,236.42857142857144,132.83333333333334,139.57142857142858,162,151.57142857142858,90,85.85714285714286,72.5,84.85714285714286,42.83333333333333,53.71428571428571
2023-06-05,0.302,0.253,226,133,113,62,113,71,228.6,228.8571428571429,135.8,143.57142857142858,150.8,131.57142857142858,88.8,78.85714285714286,77.8,97.28571428571428,47,64.71428571428571
2023-06-06,0.486,0.338,359,260,195,152,164,108,229.25,257.7142857142857,140.25,173,142.75,135.14285714285714,88,85.14285714285714,86.5,122.57142857142856,52.25,87.85714285714286
2023-06-07,0.694,0.604,248,180,89,61,159,119,268.3333333333333,252.1428571428571,171.33333333333334,174,161.33333333333334,127.42857142857144,104.33333333333331,82.28571428571429,107,124.71428571428572,67,91.71428571428572
2023-06-08,0.705,0.655,211,146,78,47,133,99,292.5,222.57142857142856,196.5,157.85714285714286,154,102.42857142857144,107,68.14285714285714,138.5,120.14285714285714,89.5,89.71428571428571
2023-06-09,0.648,0.572,428,324,208,136,220,188,359,193.57142857142856,260,139.71428571428572,195,86.42857142857143,152,59.28571428571429,164,107.14285714285714,108,80.42857142857143
2023-06-10,0.912,0.914,73,54,33,19,40,35,NA,144.85714285714286,NA,103.57142857142858,NA,60.28571428571429,NA,38.57142857142857,NA,84.57142857142858,NA,65
2023-06-11,0.9,0.917,13,8,1,0,12,8,NA,119.42857142857142,NA,84,NA,52.71428571428571,NA,33,NA,66.71428571428571,NA,51
2023-06-12,0.877,0.884,23,6,1,0,22,6,NA,107.14285714285715,NA,71.28571428571429,NA,54,NA,30.857142857142858,NA,53.142857142857146,NA,40.42857142857142
2023-06-13,0.881,0.852,18,7,12,7,6,0,89,58.714285714285715,45,31.428571428571427,70,34.285714285714285,37,16.714285714285715,19,24.428571428571427,8,14.714285714285714
2023-06-14,0.818,0.835,70,43,36,22,34,21,121,70.14285714285714,55,33,90,45.28571428571429,41,20.428571428571427,31,24.857142857142858,14,12.571428571428571
2023-06-15,0.631,0.571,125,57,87,32,38,25,154,99.71428571428572,73,47.42857142857143,106,64.85714285714286,50.333333333333336,30.285714285714285,48,34.857142857142854,22.666666666666668,17.142857142857142
2023-06-16,0.57,0.423,89,45,70,37,19,8,186.25,136.85714285714286,101.25,73.14285714285714,122,89,63.5,45,64.25,47.857142857142854,37.75,28.142857142857142
2023-06-17,0.564,0.434,153,65,110,45,43,20,200.2,170.85714285714286,108.6,91.85714285714286,128.2,109.14285714285714,63.6,53.142857142857146,72,61.714285714285715,45,38.714285714285715
2023-06-18,0.544,0.394,220,109,138,69,82,40,200.2,186.1428571428571,108.6,100.28571428571428,128.2,118.28571428571428,63.6,57.857142857142854,72,67.85714285714286,45,42.42857142857143
2023-06-19,0.549,0.422,283,186,170,103,113,83,226.66666666666663,219.57142857142856,127.16666666666669,123.57142857142856,145.16666666666666,138.71428571428572,77,73.85714285714286,81.5,80.85714285714286,50.166666666666664,49.714285714285715
2023-06-20,0.531,0.472,256,138,153,64,103,74,254.2,227,143.6,127,160.2,143.57142857142858,85,75.28571428571429,94,83.42857142857143,58.6,51.714285714285715
2023-06-21,0.587,0.569,177,102,100,55,77,47,279.5,232.28571428571428,163.25,136.28571428571428,172.75,146,95,81.57142857142857,106.75,86.28571428571429,68.25,54.714285714285715
2023-06-22,0.433,0.322,359,220,230,144,129,76,299.3333333333333,218.42857142857144,181.33333333333337,130.28571428571428,184.33333333333337,137,103.66666666666669,79.28571428571429,115,81.42857142857143,77.66666666666667,51
2023-06-23,0.608,0.606,141,69,104,47,37,22,307.5,187.71428571428572,179,107.14285714285714,191.5,120.57142857142856,104,67.57142857142857,116,67.14285714285714,75,39.57142857142857
2023-06-24,0.681,0.6,190,130,127,89,63,41,359,165,220,94,230,108,144,61.57142857142857,129,57,76,32.42857142857143
2023-06-25,0.76,0.764,123,67,75,53,48,14,359,153.28571428571428,220,85.57142857142857,230,100,144,55.57142857142857,129,53.285714285714285,76,30
2023-06-26,0.646,0.756,68,24,55,21,13,3,NA,108,NA,56.42857142857143,NA,70.57142857142857,NA,35.57142857142857,NA,37.42857142857143,NA,20.857142857142858
2023-06-27,0.579,0.516,97,46,65,22,32,24,NA,110.14285714285714,NA,55.57142857142857,NA,73.28571428571429,NA,34.714285714285715,NA,36.857142857142854,NA,20.857142857142858
2023-06-28,0.782,0.754,95,43,44,13,51,30,106,98.14285714285714,53,44.57142857142857,41,61,11,23.571428571428573,65,37.142857142857146,42,21
2023-06-29,0.792,0.801,42,16,24,4,18,12,106,106,53,47.714285714285715,41,68.71428571428571,11,24.714285714285715,65,37.285714285714285,42,23
2023-06-30,0.55,0.573,156,63,123,41,33,22,106,125.57142857142856,53,59.714285714285715,41,81.85714285714286,11,32.42857142857143,65,43.714285714285715,42,27.285714285714285
2023-07-01,0.505,0.396,106,53,41,11,65,42,173,146,101,74.42857142857143,111.5,98.57142857142856,63.5,45.857142857142854,61.5,47.42857142857143,37.5,28.571428571428573
2023-07-02,0.623,0.548,178,89,129,61,49,28,258.3333333333333,193.71428571428572,163.33333333333334,109.42857142857142,173.33333333333334,134.71428571428572,113.33333333333331,74.42857142857142,85,59,50,35
2023-07-03,0.56,0.543,205,108,147,75,58,33,258.3333333333333,271.7142857142857,163.33333333333334,167.28571428571428,173.33333333333334,174.71428571428572,113.33333333333331,105.14285714285714,85,97,50,62.142857142857146
2023-07-04,0.442,0.299,240,149,182,116,58,33,258.3333333333333,313.42857142857144,163.33333333333334,201.71428571428572,173.33333333333334,185.28571428571428,113.33333333333331,114.71428571428572,85,128.14285714285714,50,87
2023-07-05,0.477,0.335,429,288,297,213,132,75,334.5,341.2857142857143,218.5,230.42857142857144,239.5,196.1428571428571,164.5,125.14285714285714,95,145.14285714285714,54,105.28571428571428
2023-07-06,0.654,0.549,588,421,304,219,284,202,334.5,333,218.5,228.57142857142856,239.5,188.28571428571428,164.5,120.85714285714286,95,144.71428571428572,54,107.71428571428572
2023-07-07,0.811,0.741,448,304,197,108,251,196,334.5,348.57142857142856,218.5,248.57142857142856,239.5,188.42857142857144,164.5,124.14285714285714,95,160.14285714285714,54,124.42857142857144
2023-07-08,0.853,0.904,301,254,117,84,184,170,429,368.8571428571428,288,269.14285714285717,297,196.57142857142856,213,132.71428571428572,132,172.28571428571428,75,136.42857142857142
2023-07-09,0.76,0.918,120,76,74,31,46,45,NA,336.14285714285717,NA,243.71428571428572,NA,174.71428571428572,NA,112.85714285714286,NA,161.42857142857142,NA,130.85714285714286
2023-07-10,0.509,0.536,314,248,148,98,166,150,NA,281.42857142857144,NA,197.71428571428572,NA,150.14285714285714,NA,89.14285714285714,NA,131.28571428571428,NA,108.57142857142856
2023-07-11,0.624,0.597,382,293,239,176,143,117,NA,243.1428571428571,NA,170,NA,139.71428571428572,NA,84,NA,103.42857142857144,NA,86
2023-07-12,0.556,0.548,200,110,144,74,56,36,350,250.1428571428571,219,165,262,160.42857142857142,161,95,88,89.71428571428571,58,70
2023-07-13,0.59,0.534,205,99,132,53,73,46,435.5,307.42857142857144,272.5,200.71428571428572,340.5,209.71428571428572,211,127.85714285714286,95,97.71428571428572,61.5,72.85714285714286
2023-07-14,0.66,0.686,180,110,124,72,56,38,422.6666666666667,319.2857142857143,251,195,323.6666666666667,230,188.66666666666663,134.42857142857142,99,89.28571428571429,62.333333333333336,60.57142857142857
2023-07-15,0.334,0.307,350,219,262,161,88,58,422.6666666666667,301.85714285714283,251,171.57142857142858,323.6666666666667,222.71428571428572,188.66666666666663,122.71428571428572,99,79.14285714285714,62.333333333333336,48.857142857142854
2023-07-16,0.247,0.24,521,326,419,261,102,65,456.75,353.14285714285717,276,206,333.25,253.8571428571429,191.5,140.71428571428572,123.5,99.28571428571428,84.5,65.28571428571429
2023-07-17,0.38,0.276,397,208,290,144,107,64,456.75,352.14285714285717,276,204.57142857142856,333.25,258.85714285714283,191.5,144.42857142857142,123.5,93.28571428571428,84.5,60.142857142857146
2023-07-18,0.604,0.59,260,129,188,94,72,35,393.6,346.57142857142856,233,197.57142857142856,291.6,259,164,141.85714285714286,102,87.57142857142857,69,55.714285714285715
2023-07-19,0.513,0.454,559,351,362,200,197,151,404.5,338,236.5,189.71428571428572,299,243.42857142857144,164.75,128.57142857142858,105.5,94.57142857142856,71.75,61.142857142857146
2023-07-20,0.647,0.646,198,89,167,79,31,10,365.6666666666667,283.14285714285717,206.66666666666663,151.85714285714286,259,199.42857142857144,132.66666666666666,99.14285714285714,106.66666666666669,83.71428571428571,74,52.714285714285715
2023-07-21,0.511,0.479,141,61,125,54,16,7,385,291.42857142857144,204.33333333333337,150.85714285714286,290.3333333333333,212.8571428571429,141.33333333333334,102.85714285714286,94.66666666666669,78.57142857142857,63,48
2023-07-22,0.68,0.642,290,164,153,68,137,96,426.5,333,219,170,328.5,249.28571428571428,162.25,121.57142857142856,98,83.71428571428571,56.75,48.42857142857143
2023-07-23,0.62,0.665,137,61,111,55,26,6,415.25,326.57142857142856,204.5,161.71428571428572,325.5,247.57142857142856,168,124.85714285714286,89.75,79,36.5,36.857142857142854
2023-07-24,0.462,0.376,455,201,384,170,71,31,415.25,360.7142857142857,204.5,181.8571428571429,325.5,251.8571428571429,168,126.14285714285714,89.75,108.85714285714286,36.5,55.71428571428571
2023-07-25,0.466,0.318,551,263,443,225,108,38,506.6666666666667,349.42857142857144,252.33333333333337,176.57142857142858,392.3333333333333,242.28571428571428,206,121.85714285714286,114.33333333333331,107.14285714285714,46.333333333333336,54.714285714285715
2023-07-26,0.613,0.477,514,293,350,223,164,70,427.5,335.14285714285717,208.25,164,332,242,169,120.42857142857144,95.5,93.14285714285714,39.25,43.57142857142857
2023-07-27,0.794,0.777,437,230,197,88,240,142,421.4,372.2857142857143,194.6,175.28571428571428,325.8,269.14285714285717,156,127.42857142857144,95.6,103.14285714285714,38.6,47.857142857142854
2023-07-28,0.672,0.718,62,24,58,24,4,0,413,357.14285714285717,193,170.28571428571428,311.25,245,152.5,117,101.75,112.14285714285714,40.5,53.285714285714285
2023-07-29,0.47,0.432,190,76,151,58,39,18,367,324.7142857142857,169.66666666666666,154.71428571428572,267.3333333333333,211.28571428571428,128.33333333333334,94.85714285714286,99.66666666666669,113.42857142857144,41.333333333333336,59.857142857142854
2023-07-30,0.591,0.468,397,140,301,104,96,36,293.5,303.42857142857144,108,141.85714285714286,226,186.28571428571428,81,74.28571428571429,67.5,117.14285714285714,27,67.57142857142857
2023-07-31,0.734,0.69,349,166,215,97,134,69,361.3333333333333,312,157.33333333333334,145.57142857142858,269.6666666666667,209.1428571428571,112.66666666666669,86.85714285714286,91.66666666666669,102.85714285714286,44.666666666666664,58.714285714285715
2023-08-01,0.65,0.658,324,154,207,70,117,84,540.75,457.28571428571433,118,142.14285714285714,388.75,307.42857142857144,84.5,83.42857142857143,152,149.85714285714286,33.5,58.714285714285715
2023-08-02,0.663,0.625,365,203,175,79,190,124,837.75,627,99,131.28571428571428,559.75,405.1428571428572,70,75.14285714285714,278,221.85714285714283,29,56.142857142857146
2023-08-03,0.396,0.372,497,256,357,176,140,80,1293.5,887.4285714285713,64,111.28571428571428,805.25,545.4285714285714,44,60.285714285714285,488.25,342,20,51
2023-08-04,0.264,0.16,1079,0,746,0,333,0,1328.2,1047.142857142857,51.2,87.57142857142858,815.2,636.8571428571429,35.2,46.42857142857143,513,410.2857142857143,16,41.142857142857146
2023-08-05,0.181,0.101,1378,0,835,0,543,0,1242.1666666666667,1116.857142857143,42.66666666666667,65.57142857142858,754.8333333333334,672,29.333333333333332,36.42857142857142,487.3333333333333,444.8571428571428,13.333333333333334,29.142857142857142
2023-08-06,0.227,0.086,2220,0,1283,0,937,0,1208.142857142857,1208.142857142857,36.57142857142858,36.57142857142858,705.8571428571429,705.8571428571429,25.142857142857142,25.142857142857142,502.2857142857143,502.2857142857143,11.428571428571429,11.428571428571429
2023-08-07,0.507,0.363,1467,0,855,0,612,0,1326.6666666666667,1184.428571428571,0,0,764,687,0,0,562.6666666666666,497.42857142857144,0,0
2023-08-08,0.561,0.475,812,0,453,0,359,0,1376.2,1055.857142857143,0,0,767.6,602,0,0,608.6,453.8571428571428,0,0
2023-08-09,0.414,0.374,1004,0,412,0,592,0,1375.75,906.5714285714288,0,14.714285714285715,750.75,516.7142857142858,0,8.285714285714286,625,389.8571428571428,0,6.428571428571428
2023-08-10,0.753,0.73,331,0,225,0,106,0,939.25,657.1428571428571,45.25,40.57142857142858,484.25,364.42857142857144,16.25,17.571428571428573,455,292.7142857142857,29,23
2023-08-11,0.765,0.877,179,0,151,0,28,0,767.5,559,124.5,85.85714285714285,359.25,293,45.5,34.28571428571429,408.25,266,79,51.57142857142858
2023-08-12,0.459,0.505,333,103,238,58,95,45,830.75,595.1428571428571,251,158.14285714285717,360.5,293.7142857142857,85.5,57.142857142857146,470.25,301.42857142857144,165.5,101
2023-08-13,0.224,0.229,474,181,217,65,257,116,835.75,598,390.25,237.7142857142857,362.75,295,126.25,80.42857142857143,473,303,264,157.28571428571428
2023-08-14,0.114,0.073,780,317,355,117,425,200,894,711.7142857142857,452,337.57142857142856,377,324.85714285714283,133.6,103.71428571428572,517,386.8571428571428,318.4,233.85714285714283
2023-08-15,0.127,0.05,1065,506,458,160,607,346,892,812.1428571428571,452.6666666666667,402.7142857142857,380.1666666666667,359.85714285714283,136.83333333333334,125.57142857142856,511.8333333333333,452.2857142857143,315.8333333333333,277.14285714285717
2023-08-16,0.335,0.169,1024,557,421,163,603,394,939.8571428571428,939.8571428571428,508.57142857142856,508.57142857142856,393.57142857142856,393.57142857142856,158.28571428571428,158.28571428571428,546.2857142857143,546.2857142857143,350.2857142857143,350.2857142857143
2023-08-17,0.291,0.139,1127,699,434,163,693,536,1066.428571428571,1066.428571428571,616.2857142857143,616.2857142857143,425.7142857142857,425.7142857142857,180.42857142857144,180.42857142857144,640.7142857142857,640.7142857142857,435.8571428571428,435.8571428571428
2023-08-18,0.26,0.157,882,456,396,153,486,303,1162.2857142857142,1162.2857142857142,706.5714285714286,706.5714285714286,448.2857142857143,448.2857142857143,197.1428571428571,197.1428571428571,714,714,509.42857142857144,509.42857142857144
2023-08-19,0.276,0.188,1227,844,474,287,753,557,1187.571428571429,1187.571428571429,764.7142857142857,764.7142857142857,441.1428571428572,441.1428571428572,204.71428571428572,204.71428571428572,746.4285714285714,746.4285714285714,560,560
2023-08-20,0.326,0.275,1360,935,442,220,918,715,1195.428571428571,1195.428571428571,795.4285714285714,795.4285714285714,435.42857142857144,435.42857142857144,212.1428571428571,212.1428571428571,760,760,583.2857142857143,583.2857142857143
2023-08-21,0.322,0.304,1451,949,513,234,938,715,1168.7142857142858,1168.7142857142858,784.5714285714286,784.5714285714286,427.1428571428572,427.1428571428572,215.42857142857144,215.42857142857144,741.5714285714286,741.5714285714286,569.1428571428571,569.1428571428571
2023-08-22,0.34,0.285,1242,913,408,213,834,700,1175.857142857143,1175.857142857143,813.4285714285714,813.4285714285714,412.1428571428572,412.1428571428572,218.8571428571429,218.8571428571429,763.7142857142857,763.7142857142857,594.5714285714286,594.5714285714286
2023-08-23,0.429,0.338,1079,772,381,215,698,557,1127.857142857143,1127.857142857143,784,784,391.42857142857144,391.42857142857144,204.8571428571429,204.8571428571429,736.4285714285714,736.4285714285714,579.1428571428571,579.1428571428571
2023-08-24,0.445,0.393,940,623,376,186,564,437,1046,1046,734.8571428571429,734.8571428571429,362.7142857142857,362.7142857142857,194,194,683.2857142857143,683.2857142857143,540.8571428571429,540.8571428571429
2023-08-25,0.536,0.471,932,658,291,177,641,481,1005,1005,719.7142857142857,719.7142857142857,347.85714285714283,347.85714285714283,193.71428571428572,193.71428571428572,657.1428571428571,657.1428571428571,526,526
2023-08-26,0.461,0.412,891,638,329,189,562,449,985.4285714285714,985.4285714285714,698.4285714285714,698.4285714285714,343,343,190.42857142857144,190.42857142857144,642.4285714285714,642.4285714285714,508,508
2023-08-27,0.44,0.367,787,591,241,144,546,447,1075.142857142857,1075.142857142857,763.4285714285714,763.4285714285714,376.7142857142857,376.7142857142857,213.28571428571428,213.28571428571428,698.4285714285714,698.4285714285714,550.1428571428571,550.1428571428571
2023-08-28,0.374,0.291,1164,843,409,232,755,611,1201.2857142857142,1201.2857142857142,877.8571428571429,877.8571428571429,415.2857142857143,415.2857142857143,252.42857142857144,252.42857142857144,786,786,625.4285714285714,625.4285714285714
2023-08-29,0.372,0.276,1105,764,374,190,731,574,1246.1666666666667,1115,914.5,814,436,392.8571428571428,265,236.1428571428571,810.1666666666666,722.1428571428571,649.5,577.8571428571429
2023-08-30,0.352,0.143,1707,1227,617,375,1090,852,1173.5,1052.7142857142858,854.3333333333334,762.4285714285714,417.6666666666667,377.1428571428572,253.33333333333337,226.1428571428571,755.8333333333334,675.5714285714286,601,536.2857142857143
2023-08-31,0.561,0.467,1823,1424,646,460,1177,964,1140.6666666666667,1024.571428571429,822.3333333333334,735,417,376.57142857142856,249.16666666666663,222.57142857142856,723.6666666666666,648,573.1666666666666,512.4285714285714
2023-09-01,0.698,0.733,328,211,134,63,194,148,1136,919.8571428571428,818.2,650.7142857142858,418.6,342.42857142857144,252.6,198.28571428571428,717.4,577.4285714285714,565.6,452.42857142857144
2023-09-02,0.564,0.485,455,277,219,119,236,158,1064.4,868.7142857142858,765.8,613.2857142857143,411.8,337.57142857142856,250.2,196.57142857142856,652.6,531.1428571428571,515.6,416.71428571428567
2023-09-03,0.577,0.47,590,399,237,119,353,280,887,742,627.4,514.4285714285714,342.2,287.85714285714283,201.2,161.57142857142858,544.8,454.1428571428572,426.2,352.85714285714283
2023-09-04,0.636,0.654,431,253,170,62,261,191,666.4,584.4285714285714,434.8,376.8571428571428,273.6,238.8571428571429,138.6,116.85714285714286,392.8,345.57142857142856,296.2,260
2023-09-05,0.391,0.464,747,502,340,178,407,324,731,688.1428571428571,478.3333333333333,446.1428571428572,318.6666666666667,297.42857142857144,171,155.42857142857142,412.3333333333333,390.7142857142857,307.3333333333333,290.7142857142857
2023-09-06,0.4,0.394,820,535,269,130,551,405,745.1666666666666,700.2857142857143,480.5,448,327.3333333333333,304.85714285714283,169.5,154.14285714285714,417.8333333333333,395.42857142857144,311,293.85714285714283
2023-09-07,0.317,0.244,720,461,303,147,417,314,760.1666666666666,713.1428571428571,488.5,454.8571428571428,333.3333333333333,310,170,154.57142857142858,426.8333333333333,403.1428571428572,318.5,300.2857142857143
2023-09-08,0.266,0.258,1054,696,544,333,510,363,724.8571428571429,724.8571428571429,456.57142857142856,456.57142857142856,313.57142857142856,313.57142857142856,158.71428571428572,158.71428571428572,411.2857142857143,411.2857142857143,297.85714285714283,297.85714285714283
2023-09-09,0.359,0.338,540,290,271,110,269,180,691.4285714285714,691.4285714285714,426.2857142857143,426.2857142857143,304.2857142857143,304.2857142857143,151.42857142857142,151.42857142857142,387.1428571428572,387.1428571428572,274.85714285714283,274.85714285714283
2023-09-10,0.163,0.16,680,447,273,122,407,325,679.1428571428571,679.1428571428571,409.8571428571428,409.8571428571428,315.85714285714283,315.85714285714283,153.57142857142858,153.57142857142858,363.2857142857143,363.2857142857143,256.2857142857143,256.2857142857143
2023-09-11,0.393,0.347,513,265,195,91,318,174,630,630,370.2857142857143,370.2857142857143,300.42857142857144,300.42857142857144,144.28571428571428,144.28571428571428,329.57142857142856,329.57142857142856,226,226
2023-09-12,0.372,0.353,513,290,275,127,238,163,559.3333333333334,485.2857142857143,316,273,259.8333333333333,226.42857142857144,112.83333333333331,97.85714285714286,299.5,258.85714285714283,203.16666666666663,175.14285714285714
2023-09-13,0.372,0.3,734,420,350,145,384,275,515.8333333333334,448,292.3333333333333,252.71428571428572,237.83333333333337,207.57142857142856,104.66666666666669,90.85714285714286,278,240.42857142857144,187.66666666666663,161.85714285714286
2023-09-14,0.536,0.434,376,184,195,82,181,102,469.3333333333333,408.1428571428571,252.83333333333337,218.8571428571429,226.5,197.8571428571429,100.66666666666669,87.42857142857143,242.83333333333337,210.28571428571428,152.16666666666666,131.42857142857142
2023-09-15,0.727,0.768,41,15,26,8,15,7,485.1666666666667,421.7142857142857,264.5,228.8571428571429,243.16666666666663,212.1428571428571,109.5,95,242,209.57142857142856,155,133.85714285714286
2023-09-16,0.406,0.347,279,148,139,61,140,87,521.5,452.8571428571428,279.3333333333333,241.57142857142856,244,212.8571428571429,106.33333333333331,92.28571428571428,277.5,240,173,149.28571428571428
2023-09-17,0.218,0.168,401,210,205,98,196,112,479,455,251.2,242.1428571428571,222.8,192.8571428571429,98.6,85.42857142857143,256.2,262.14285714285717,152.6,156.71428571428572
2023-09-18,0.208,0.165,608,335,295,144,313,191,551.6,506.8571428571428,300,277,245.4,209,109.2,93,306.2,297.85714285714283,190.8,184
2023-09-19,0.389,0.232,731,379,280,108,451,271,614.5,633.7142857142857,351.8333333333333,362.1428571428572,274,264.85714285714283,131.83333333333334,126.85714285714286,340.5,368.8571428571428,220,235.28571428571428
2023-09-20,0.609,0.528,749,424,210,97,539,327,723,726.7142857142857,423.6666666666667,423.7142857142857,313,298.2857142857143,156,147.57142857142858,410,428.42857142857144,267.6666666666667,276.14285714285717
2023-09-21,0.455,0.444,739,428,308,135,431,293,894,873.2857142857143,551.6666666666666,533.4285714285714,384.3333333333333,359.42857142857144,207.33333333333337,191.57142857142856,509.6666666666667,513.8571428571429,344.3333333333333,341.85714285714283
2023-09-22,0.402,0.342,929,611,417,245,512,366,1088.3333333333333,1039.857142857143,702.3333333333334,662.5714285714286,478.1666666666667,439.8571428571428,277.1666666666667,251.42857142857144,610.1666666666666,600,425.1666666666667,411.1428571428572
2023-09-23,0.402,0.314,930,579,373,206,557,373,1256,1183.571428571429,848.5,787.8571428571429,571.6666666666666,520,353.6666666666667,317,684.3333333333334,663.5714285714286,494.8333333333333,470.8571428571428
2023-09-24,0.23,0.043,1427,978,633,406,794,572,1363.7142857142858,1363.7142857142858,957,957,621.5714285714286,621.5714285714286,401,401,742.1428571428571,742.1428571428571,556,556
2023-09-25,0.271,0.172,1774,1239,858,563,916,676,1629.428571428571,1629.428571428571,1196.428571428571,1196.428571428571,719.2857142857143,719.2857142857143,483.57142857142856,483.57142857142856,910.1428571428572,910.1428571428572,712.8571428571429,712.8571428571429
2023-09-26,0.166,0.156,1737,1256,841,567,896,689,1789.428571428571,1789.428571428571,1340,1340,952.4285714285712,952.4285714285712,679.4285714285714,679.4285714285714,837,837,660.5714285714286,660.5714285714286
2023-09-27,0.129,0.106,2010,1608,921,685,1089,923,1806.857142857143,1806.857142857143,1370.428571428571,1370.428571428571,971.2857142857144,971.2857142857144,697,697,835.5714285714286,835.5714285714286,673.4285714285714,673.4285714285714
2023-09-28,0.2,0.208,2599,2104,992,713,1607,1391,1870.1666666666667,1733.857142857143,1435.8333333333333,1331.571428571429,1027.6666666666667,942.2857142857144,745.5,684.4285714285714,842.5,791.5714285714286,690.3333333333334,647.1428571428571
2023-09-29,0.16,0.148,2049,1616,2049,1616,0,0,1695.5,1584.142857142857,1307.6666666666667,1221.7142857142858,945.5,871.8571428571429,684.3333333333334,632,750,712.2857142857142,623.3333333333334,589.7142857142858
2023-09-30,0.323,0.237,1052,792,505,329,547,463,1545.3333333333333,1455.4285714285716,1190,1120.857142857143,870.3333333333333,807.4285714285714,621.1666666666666,577.8571428571429,675,648,568.8333333333334,543
2023-10-01,0.643,0.595,916,706,430,318,486,388,1360.3333333333333,1296.857142857143,1026.8333333333333,981,807.8333333333333,753.8571428571429,566.6666666666667,531.1428571428571,552.5,543,460.16666666666663,449.8571428571428
2023-10-02,0.465,0.469,726,470,365,196,361,274,1112.6,991.1428571428572,811.4,720.1428571428571,771,647.8571428571429,537.4,446.4285714285714,341.6,343.2857142857143,274,273.7142857142857
2023-10-03,0.2,0.145,836,550,390,188,446,362,878.5,737.1428571428571,610.25,508.57142857142856,451.5,384.1428571428572,267.75,227.28571428571428,427,353,342.5,281.2857142857143
2023-10-04,0.492,0.391,900,629,546,358,354,271,820.6666666666666,628.1428571428571,549.6666666666666,417.57142857142856,433.6666666666667,341.57142857142856,247.33333333333337,195.28571428571428,387,286.57142857142856,302.3333333333333,222.28571428571428
2023-10-05,0.68,0.624,459,278,250,120,209,158,820.6666666666666,505.2857142857143,549.6666666666666,321.57142857142856,433.6666666666667,283.7142857142857,247.33333333333337,151.42857142857142,387,221.57142857142856,302.3333333333333,170.14285714285714
2023-10-06,0.582,0.571,271,135,203,82,68,53,868,413.7142857142857,589.5,259.42857142857144,468,241.14285714285717,273,126.42857142857142,400,172.57142857142858,316.5,133
2023-10-07,0.709,0.653,289,155,207,105,82,50,900,321.85714285714283,629,191.71428571428572,546,206.14285714285717,358,104.14285714285714,354,115.71428571428572,271,87.57142857142858
2023-10-08,0.701,0.711,56,34,25,11,31,23,314,238.1428571428571,109,117.42857142857142,245,163.14285714285714,85,65.14285714285714,69,75,24,52.28571428571429
2023-10-09,0.699,0.693,85,35,67,21,18,14,496,269.42857142857144,214.5,123.42857142857142,353,193.28571428571428,143,76.71428571428571,143,76.14285714285714,71.5,46.714285714285715
2023-10-10,0.553,0.57,193,76,145,32,48,44,496,247.8571428571429,214.5,108.85714285714286,353,178.14285714285714,143,69,143,69.71428571428571,71.5,39.857142857142854
2023-10-11,0.364,0.221,314,109,245,85,69,24,466.3333333333333,264.7142857142857,197.66666666666663,110.14285714285714,302.3333333333333,177.28571428571428,112.66666666666669,61.42857142857142,164,87.42857142857143,85,48.714285714285715
2023-10-12,0.502,0.415,678,320,461,201,217,119,487.5,335.42857142857144,212,141.71428571428572,298.75,214.8571428571429,113.5,76.42857142857143,188.75,120.57142857142858,98.5,65.28571428571429
2023-10-13,0.651,0.664,120,33,97,28,23,5,487.5,340.42857142857144,212,141.57142857142858,298.75,214.42857142857144,113.5,75,188.75,126,98.5,66.57142857142857
2023-10-14,0.424,0.425,407,164,201,52,206,112,487.5,334,212,136.42857142857142,298.75,214.8571428571429,113.5,76.14285714285714,188.75,119.14285714285714,98.5,60.285714285714285
2023-10-15,0.591,0.458,551,255,288,116,263,139,545.3333333333334,310.85714285714283,246.33333333333337,129.14285714285714,316.6666666666667,191.1428571428571,123,66.57142857142857,228.66666666666663,119.71428571428572,123.33333333333331,62.57142857142857
2023-10-16,0.75,0.737,120,34,64,11,56,23,479,237,209.5,89.42857142857143,244.5,138.14285714285714,84,39.285714285714285,234.5,98.85714285714286,125.5,50.142857142857146
2023-10-17,0.531,0.523,148,40,148,40,0,0,479,240.14285714285717,209.5,89.85714285714286,244.5,134.28571428571428,84,38,234.5,105.85714285714286,125.5,51.857142857142854
2023-10-18,0.525,0.512,152,58,79,18,73,40,551,216.57142857142856,255,76.42857142857143,288,128.57142857142858,116,37.42857142857143,263,88,139,39
2023-10-19,0.713,0.672,161,42,90,10,71,32,NA,157.42857142857142,NA,46.57142857142857,NA,102.28571428571428,NA,24.714285714285715,NA,55.142857142857146,NA,21.857142857142858
2023-10-20,0.865,0.837,142,36,70,19,72,17,NA,201.57142857142856,NA,61.142857142857146,NA,132.28571428571428,NA,33.285714285714285,NA,69.28571428571429,NA,27.857142857142858
2023-10-21,0.681,0.659,242,70,161,48,81,22,NA,225.71428571428572,NA,66.42857142857143,NA,141.71428571428572,NA,32.857142857142854,NA,84,NA,33.57142857142857
2023-10-22,0.664,0.638,137,46,104,27,33,19,NA,207.28571428571428,NA,60.42857142857143,NA,132,NA,31.571428571428573,NA,75.28571428571429,NA,28.857142857142858
2023-10-23,0.677,0.641,429,136,274,71,155,65,NA,200.42857142857144,NA,62.42857142857143,NA,124.42857142857144,NA,31.714285714285715,NA,76,NA,30.714285714285715
2023-10-24,0.741,0.698,317,77,214,37,103,40,NA,192.57142857142856,NA,61,NA,119,NA,29.571428571428573,NA,73.57142857142857,NA,31.428571428571427
2023-10-25,0.934,0.932,23,16,11,9,12,7,NA,207.1428571428571,NA,74.28571428571429,NA,121.85714285714286,NA,34.57142857142857,NA,85.28571428571429,NA,39.714285714285715
2023-10-26,0.914,0.928,113,56,37,11,76,45,293,229.42857142857144,127,85.85714285714286,145,127.71428571428572,58,39,148,101.71428571428572,69,46.857142857142854
2023-10-27,0.901,0.896,87,26,32,4,55,22,330,220.57142857142856,135.5,87,171.5,116.85714285714286,66.5,39.57142857142857,158.5,103.71428571428572,69,47.42857142857143
2023-10-28,0.679,0.646,344,163,181,83,163,80,380.6666666666667,244.1428571428571,151,102,220.66666666666663,131.85714285714286,81.66666666666667,50.285714285714285,160,112.28571428571428,69.33333333333333,51.714285714285715
2023-10-29,0.474,0.392,293,127,145,58,148,69,380.6666666666667,259.2857142857143,151,107.42857142857144,220.66666666666663,139.85714285714286,81.66666666666667,53.714285714285715,160,119.42857142857144,69.33333333333333,53.714285714285715
2023-10-30,0.502,0.447,367,144,198,75,169,69,380.6666666666667,255,151,103.71428571428572,220.66666666666663,143.85714285714286,81.66666666666667,54.42857142857143,160,111.14285714285714,69.33333333333333,49.285714285714285
2023-10-31,0.42,0.251,482,182,319,112,163,70,380.6666666666667,253.1428571428571,151,102.14285714285714,220.66666666666663,147.57142857142858,81.66666666666667,54.57142857142857,160,105.57142857142856,69.33333333333333,47.57142857142857
2023-11-01,0.777,0.763,129,54,67,33,62,21,380.6666666666667,206.42857142857144,151,80,220.66666666666663,122.42857142857142,81.66666666666667,42.857142857142854,160,84,69.33333333333333,37.142857142857146
2023-11-02,0.58,0.671,83,30,65,16,18,14,424.5,171,163,64,258.5,104,93.5,35.857142857142854,166,67,69.5,28.142857142857142
2023-11-03,0.783,0.785,74,15,58,5,16,10,482,139,182,56,319,83.85714285714286,112,28.428571428571427,163,55.142857142857146,70,27.571428571428573
2023-11-04,0.926,0.945,17,8,5,1,12,7,286,111,141,50.142857142857146,126,56.28571428571429,34,17.285714285714285,160,54.71428571428571,107,32.857142857142854
2023-11-05,0.818,0.817,45,15,16,9,29,6,286,99.57142857142856,141,46,126,50.285714285714285,34,14.714285714285714,160,49.285714285714285,107,31.28571428571429
2023-11-06,0.561,0.583,143,88,57,23,86,65,286,92.71428571428572,141,43.142857142857146,126,44.714285714285715,34,13.285714285714286,160,48,107,29.857142857142858
2023-11-07,0.29,0.243,286,141,126,34,160,107,286,92.28571428571428,141,44,126,42.714285714285715,34,14.142857142857142,160,49.57142857142857,107,29.857142857142858
2023-11-08,0.844,0.816,49,25,25,15,24,10,286,94.14285714285714,141,45.57142857142857,126,45,34,15.714285714285714,160,49.142857142857146,107,29.857142857142858
2023-11-09,0.605,0.645,35,10,26,6,9,4,286,90.28571428571428,141,44.71428571428571,126,43,34,14.428571428571429,160,47.28571428571429,107,30.28571428571429
2023-11-10,0.631,0.546,71,21,44,11,27,10,286,75.71428571428571,141,33.142857142857146,126,38.857142857142854,34,11.571428571428571,160,36.857142857142854,107,21.571428571428573
2023-11-11,0.969,0.97,30,19,21,12,9,7,NA,42.142857142857146,NA,15.142857142857142,NA,26.142857142857142,NA,8.714285714285714,NA,16,NA,6.428571428571429
2023-11-12,0.885,0.865,18,9,2,0,16,9,NA,39.857142857142854,NA,15,NA,25.428571428571427,NA,8.571428571428571,NA,14.428571428571429,NA,6.428571428571429
2023-11-13,0.716,0.747,41,7,28,3,13,4,NA,36.285714285714285,NA,14.142857142857142,NA,22.857142857142858,NA,8.142857142857142,NA,13.428571428571429,NA,6
2023-11-14,0.795,0.764,51,15,37,14,14,1,NA,27.285714285714285,NA,11.142857142857142,NA,17.428571428571427,NA,6.571428571428571,NA,9.857142857142858,NA,4.571428571428571
2023-11-15,0.934,0.931,33,24,20,14,13,10,NA,23.571428571428573,NA,8.428571428571429,NA,15,NA,4.857142857142857,NA,8.571428571428571,NA,3.5714285714285716
2023-11-16,0.838,0.874,10,4,8,3,2,1,NA,21.285714285714285,NA,7.142857142857143,NA,15,NA,4.857142857142857,NA,6.285714285714286,NA,2.2857142857142856
2023-11-17,0.883,0.849,8,0,6,0,2,0,NA,15.571428571428571,NA,6.142857142857143,NA,11.142857142857142,NA,4.428571428571429,NA,4.428571428571429,NA,1.7142857142857142
2023-11-18,0.941,0.928,4,0,4,0,0,0,NA,8.428571428571427,NA,4.142857142857143,NA,6,NA,2.5714285714285716,NA,2.4285714285714284,NA,1.5714285714285716
2023-11-19,0.912,0.942,2,0,2,0,0,0,NA,4.142857142857142,NA,1.1428571428571428,NA,3.1428571428571432,NA,0.5714285714285715,NA,1,NA,0.5714285714285715
2023-11-20,0.905,0.91,1,0,1,0,0,0,NA,2.7142857142857144,NA,0.5714285714285715,NA,2,NA,0.14285714285714288,NA,0.7142857142857143,NA,0.4285714285714286
2023-11-21,0.773,0.701,1,1,1,1,0,0,NA,3.714285714285714,NA,0.8571428571428571,NA,3.285714285714286,NA,0.42857142857142855,NA,0.4285714285714286,NA,0.4285714285714286
2023-11-22,0.882,0.893,3,3,0,0,3,3,NA,3.857142857142857,NA,0.8571428571428571,NA,3.285714285714286,NA,0.42857142857142855,NA,0.5714285714285715,NA,0.4285714285714286
2023-11-23,0.966,0.971,0,0,0,0,0,0,NA,4,NA,0.8571428571428571,NA,3,NA,0.42857142857142855,NA,1,NA,0.42857142857142855
2023-11-24,0.883,0.91,15,2,15,2,0,0,NA,7.571428571428571,NA,1.857142857142857,NA,5.142857142857143,NA,0.8571428571428571,NA,2.4285714285714284,NA,1
2023-11-25,0.898,0.932,5,0,4,0,1,0,NA,8.571428571428571,NA,2,NA,6,NA,1,NA,2.5714285714285716,NA,1
2023-11-26,0.958,0.972,3,0,0,0,3,0,NA,9.285714285714286,NA,2.142857142857143,NA,7,NA,1.4285714285714286,NA,2.2857142857142856,NA,0.7142857142857143
2023-11-27,0.773,0.808,26,7,16,3,10,4,NA,11,NA,2.857142857142857,NA,8,NA,1.5714285714285714,NA,3,NA,1.2857142857142858
2023-11-28,0.712,0.634,8,2,7,2,1,0,NA,9,NA,2.5714285714285716,NA,5.857142857142857,NA,1.2857142857142858,NA,3.142857142857143,NA,1.2857142857142858
2023-11-29,0.887,0.905,8,4,7,3,1,1,NA,8.428571428571429,NA,2.5714285714285716,NA,5.285714285714286,NA,1.2857142857142858,NA,3.1428571428571432,NA,1.2857142857142858
2023-11-30,0.653,0.624,12,5,7,1,5,4,NA,9.142857142857142,NA,3,NA,6.142857142857143,NA,1.7142857142857142,NA,3,NA,1.2857142857142858
2023-12-01,0.964,0.956,1,0,0,0,1,0,NA,5.428571428571429,NA,2,NA,3.857142857142857,NA,1.2857142857142856,NA,1.5714285714285714,NA,0.7142857142857142
2023-12-02,0.913,0.889,1,0,0,0,1,0,NA,6,NA,2.142857142857143,NA,3.2857142857142856,NA,1.1428571428571428,NA,2.7142857142857144,NA,1
2023-12-03,0.933,0.935,8,3,6,3,2,0,NA,5.142857142857143,NA,1.7142857142857142,NA,2.5714285714285716,NA,0.8571428571428571,NA,2.5714285714285716,NA,0.8571428571428571
2023-12-04,0.757,0.783,0,0,0,0,0,0,NA,3.4285714285714284,NA,1,NA,1.5714285714285714,NA,0.7142857142857143,NA,1.857142857142857,NA,0.28571428571428575
2023-12-05,0.791,0.724,12,3,3,1,9,2,NA,3.285714285714286,NA,1,NA,1.5714285714285714,NA,0.7142857142857143,NA,1.7142857142857142,NA,0.28571428571428575
2023-12-06,0.859,0.82,2,1,2,1,0,0,NA,3.1428571428571432,NA,1,NA,1.5714285714285716,NA,0.7142857142857142,NA,1.5714285714285716,NA,0.28571428571428575
2023-12-07,0.975,0.968,0,0,0,0,0,0,NA,2,NA,0.5714285714285715,NA,0.7142857142857142,NA,0.2857142857142857,NA,1.2857142857142858,NA,0.28571428571428575
2023-12-08,0.976,0.991,0,0,0,0,0,0,NA,2,NA,0.5714285714285715,NA,0.7142857142857142,NA,0.2857142857142857,NA,1.2857142857142858,NA,0.28571428571428575
2023-12-09,0.983,0.979,0,0,0,0,0,0,NA,0.28571428571428575,NA,0.14285714285714288,NA,0.28571428571428575,NA,0.14285714285714288,NA,0,NA,0
2023-12-10,0.993,0.997,0,0,0,0,0,0,NA,0,NA,0,NA,0,NA,0,NA,0,NA,0
2023-12-11,0.979,0.986,0,0,0,0,0,0,NA,0,NA,0,NA,0,NA,0,NA,0,NA,0
2023-12-12,0.968,0.983,0,0,0,0,0,0,NA,0.14285714285714288,NA,0,NA,0.14285714285714288,NA,0,NA,0,NA,0
2023-12-13,0.965,0.96,0,0,0,0,0,0,NA,2.4285714285714284,NA,1,NA,0.14285714285714288,NA,0,NA,2.285714285714286,NA,1
2023-12-14,0.995,0.997,0,0,0,0,0,0,NA,2.857142857142857,NA,1,NA,0.14285714285714288,NA,0,NA,2.714285714285714,NA,1
2023-12-15,0.894,0.912,1,0,1,0,0,0,NA,2.857142857142857,NA,1,NA,0.14285714285714288,NA,0,NA,2.714285714285714,NA,1
2023-12-16,0.819,0.793,16,7,0,0,16,7,NA,4,NA,1,NA,1.2857142857142858,NA,0,NA,2.7142857142857144,NA,1
2023-12-17,0.916,0.903,3,0,0,0,3,0,NA,4.428571428571429,NA,1,NA,1.7142857142857142,NA,0,NA,2.7142857142857144,NA,1
2023-12-18,0.947,0.983,0,0,0,0,0,0,NA,7.142857142857143,NA,1.857142857142857,NA,3.4285714285714284,NA,0,NA,3.714285714285714,NA,1.857142857142857
2023-12-19,0.894,0.927,8,0,8,0,0,0,NA,7.285714285714286,NA,1.857142857142857,NA,3.5714285714285716,NA,0,NA,3.714285714285714,NA,1.857142857142857
2023-12-20,0.749,0.739,3,0,3,0,0,0,NA,5.428571428571429,NA,0.8571428571428572,NA,4,NA,0,NA,1.4285714285714286,NA,0.8571428571428572
2023-12-21,0.86,0.881,19,6,12,0,7,6,NA,7.714285714285714,NA,1.7142857142857142,NA,6.428571428571429,NA,0.7142857142857143,NA,1.2857142857142858,NA,1
2023-12-22,0.922,0.938,2,0,2,0,0,0,NA,9.428571428571429,NA,2.4285714285714284,NA,7.714285714285714,NA,1.4285714285714284,NA,1.7142857142857142,NA,1
2023-12-23,0.851,0.85,3,0,3,0,0,0,NA,11,NA,3.8571428571428568,NA,8.571428571428571,NA,2.5714285714285716,NA,2.4285714285714284,NA,1.2857142857142858
2023-12-24,0.758,0.717,19,6,17,5,2,1,NA,15.142857142857142,NA,6.142857142857143,NA,12.142857142857142,NA,4.857142857142857,NA,3,NA,1.2857142857142858
2023-12-25,0.848,0.845,12,5,9,5,3,0,NA,15.428571428571429,NA,6.857142857142857,NA,12.857142857142858,NA,6.428571428571429,NA,2.5714285714285716,NA,0.42857142857142855
2023-12-26,0.732,0.699,19,10,14,8,5,2,NA,19.142857142857142,NA,10,NA,16,NA,9.142857142857142,NA,3.142857142857143,NA,0.8571428571428571
2023-12-27,0.674,0.717,32,16,28,16,4,0,NA,21.142857142857142,NA,11.571428571428571,NA,17.142857142857142,NA,10.142857142857142,NA,4,NA,1.4285714285714284
2023-12-28,0.53,0.503,21,11,17,11,4,0,NA,20.714285714285715,NA,12.142857142857142,NA,16.714285714285715,NA,10.857142857142858,NA,4,NA,1.2857142857142858
2023-12-29,0.743,0.771,28,22,24,19,4,3,NA,21.571428571428573,NA,13.142857142857142,NA,18,NA,11.857142857142858,NA,3.5714285714285716,NA,1.2857142857142858
2023-12-30,0.831,0.851,17,11,11,7,6,4,NA,19.714285714285715,NA,12,NA,16.857142857142858,NA,11,NA,2.857142857142857,NA,1
2023-12-31,0.574,0.538,16,10,14,10,2,0,NA,16.285714285714285,NA,10.428571428571429,NA,13.857142857142858,NA,9.428571428571429,NA,2.4285714285714284,NA,1
2024-01-01,0.806,0.762,18,12,18,12,0,0,NA,14,NA,8.857142857142858,NA,11.571428571428571,NA,7.857142857142857,NA,2.428571428571429,NA,1
2024-01-02,0.915,0.925,6,2,6,2,0,0,NA,11.285714285714285,NA,6,NA,9.428571428571429,NA,5.428571428571429,NA,1.857142857142857,NA,0.5714285714285715
2024-01-03,0.931,0.922,8,5,7,5,1,0,NA,10.571428571428571,NA,5.285714285714286,NA,8.714285714285714,NA,5.142857142857143,NA,1.857142857142857,NA,0.14285714285714288
2024-01-04,0.866,0.845,5,0,1,0,4,0,NA,8.285714285714286,NA,3.8571428571428568,NA,6.7142857142857135,NA,3.714285714285714,NA,1.5714285714285714,NA,0.14285714285714288
2024-01-05,0.706,0.713,9,2,9,2,0,0,NA,5.714285714285714,NA,2.142857142857143,NA,4.142857142857143,NA,2,NA,1.5714285714285714,NA,0.14285714285714288
2024-01-06,0.867,0.85,12,6,6,5,6,1,NA,5.571428571428571,NA,1.8571428571428572,NA,3.857142857142857,NA,1.7142857142857142,NA,1.7142857142857142,NA,0.14285714285714288
2024-01-07,0.964,0.957,0,0,0,0,0,0,NA,4.428571428571429,NA,1.142857142857143,NA,2.8571428571428568,NA,1,NA,1.5714285714285716,NA,0.14285714285714288
2024-01-08,0.878,0.926,0,0,0,0,0,0,NA,3.714285714285714,NA,1.142857142857143,NA,2.7142857142857144,NA,1,NA,1,NA,0.14285714285714288
2024-01-09,0.474,0.548,5,0,4,0,1,0,NA,3.5714285714285716,NA,0.8571428571428572,NA,2.2857142857142856,NA,0.7142857142857142,NA,1.2857142857142858,NA,0.14285714285714288
2024-01-10,0.787,0.896,0,0,0,0,0,0,NA,2.142857142857143,NA,0,NA,1.4285714285714286,NA,0,NA,0.7142857142857142,NA,0
2024-01-11,0.881,0.925,0,0,0,0,0,0,NA,2.2857142857142856,NA,0,NA,1.4285714285714286,NA,0,NA,0.8571428571428571,NA,0
2024-01-12,0.586,0.531,8,0,6,0,2,0,NA,3.142857142857143,NA,0,NA,2,NA,0,NA,1.1428571428571428,NA,0
2024-01-13,0.757,0.678,2,0,0,0,2,0,NA,6.7142857142857135,NA,0.5714285714285715,NA,4.7142857142857135,NA,0.4285714285714286,NA,2,NA,0.14285714285714288
2024-01-14,0.869,0.87,1,0,0,0,1,0,18,9.285714285714286,7,1.5714285714285716,14,6.714285714285714,3,0.8571428571428571,4,2.5714285714285716,4,0.7142857142857142
2024-01-15,0.775,0.761,6,0,4,0,2,0,18,9.285714285714286,7,1.5714285714285714,14,6.714285714285714,3,0.8571428571428571,4,2.5714285714285716,4,0.7142857142857143
2024-01-16,0.669,0.71,30,4,23,3,7,1,18,8.142857142857142,7,1.5714285714285714,14,5.857142857142857,3,0.8571428571428571,4,2.2857142857142856,4,0.7142857142857143
2024-01-17,0.388,0.291,18,7,14,3,4,4,18,9,7,2.7142857142857144,14,7,3,2,4,2,4,0.7142857142857143
2024-01-18,0.947,0.936,0,0,0,0,0,0,18,10.142857142857142,7,3.7142857142857144,14,7.7142857142857135,3,2.4285714285714284,4,2.4285714285714284,4,1.2857142857142858
2024-01-19,0.953,0.957,0,0,0,0,0,0,18,10.571428571428571,7,4.142857142857143,14,8.142857142857142,3,2.5714285714285716,4,2.4285714285714284,4,1.5714285714285714
2024-01-20,0.828,0.883,8,8,8,8,0,0,18,6.571428571428571,7,3.7142857142857144,14,4.857142857142857,3,2.142857142857143,4,1.7142857142857142,4,1.5714285714285714
2024-01-21,0.717,0.719,9,7,5,3,4,4,NA,4,NA,2.7142857142857144,NA,2.857142857142857,NA,1.7142857142857142,NA,1.1428571428571428,NA,1
2024-01-22,0.757,0.763,9,3,7,1,2,2,NA,4,NA,2.7142857142857144,NA,2.8571428571428568,NA,1.7142857142857142,NA,1.1428571428571428,NA,1
2024-01-23,0.838,0.8,2,1,0,0,2,1,NA,4.285714285714286,NA,2.7142857142857144,NA,2.8571428571428568,NA,1.7142857142857142,NA,1.4285714285714286,NA,1
2024-01-24,0.884,0.887,0,0,0,0,0,0,NA,3.2857142857142856,NA,1.5714285714285716,NA,1.857142857142857,NA,0.5714285714285715,NA,1.4285714285714284,NA,1
2024-01-25,0.96,0.967,0,0,0,0,0,0,NA,2.7142857142857144,NA,0.7142857142857142,NA,1.7142857142857142,NA,0.14285714285714288,NA,1,NA,0.5714285714285714
2024-01-26,0.939,0.95,2,0,0,0,2,0,NA,3.4285714285714284,NA,0.8571428571428571,NA,2.4285714285714284,NA,0.28571428571428575,NA,1,NA,0.5714285714285714
2024-01-27,0.91,0.927,1,0,1,0,0,0,18,5.7142857142857135,8,1.857142857142857,18,5,8,1.4285714285714284,0,0.7142857142857143,0,0.42857142857142855
2024-01-28,0.899,0.931,5,1,4,0,1,1,18,10.142857142857142,8,4,18,7.142857142857143,8,2.142857142857143,0,3,0,1.857142857142857
2024-01-29,0.672,0.663,14,4,12,2,2,2,18,13.714285714285714,8,6,18,10.142857142857142,8,3.8571428571428568,0,3.5714285714285716,0,2.142857142857143
2024-01-30,0.407,0.458,18,8,18,8,0,0,18,17.142857142857142,8,7.571428571428571,18,12.142857142857142,8,4.142857142857142,0,5,0,3.4285714285714284
2024-01-31,0.651,0.624,31,15,15,5,16,10,18,17.285714285714285,8,7.714285714285714,18,12,8,4.142857142857143,0,5.285714285714286,0,3.5714285714285716
2024-02-01,0.751,0.756,25,14,21,12,4,2,18,18.857142857142858,8,9,18,13.714285714285714,8,5.571428571428571,0,5.142857142857143,0,3.4285714285714284
2024-02-02,0.68,0.66,26,11,14,2,12,9,18,22.571428571428573,8,9.571428571428571,18,17.714285714285715,8,6.428571428571429,0,4.857142857142857,0,3.1428571428571432
2024-02-03,0.871,0.861,2,1,0,0,2,1,NA,22,NA,9.428571428571429,NA,17.142857142857142,NA,6.285714285714286,NA,4.857142857142857,NA,3.1428571428571432
2024-02-04,0.907,0.92,16,10,16,10,0,0,NA,24.714285714285715,NA,8.142857142857142,NA,18.428571428571427,NA,6,NA,6.2857142857142865,NA,2.1428571428571432
2024-02-05,0.882,0.882,40,8,40,8,0,0,NA,26.714285714285715,NA,6.142857142857143,NA,21,NA,4.285714285714286,NA,5.714285714285714,NA,1.857142857142857
2024-02-06,0.811,0.79,14,7,14,7,0,0,NA,23.571428571428573,NA,4.571428571428571,NA,19.428571428571427,NA,4,NA,4.142857142857143,NA,0.5714285714285715
2024-02-07,0.739,0.694,50,6,24,3,26,3,NA,24.142857142857142,NA,4.428571428571429,NA,19.857142857142858,NA,4,NA,4.285714285714286,NA,0.4285714285714286
2024-02-08,0.844,0.827,39,0,39,0,0,0,NA,22.142857142857142,NA,3,NA,17.857142857142858,NA,2.5714285714285716,NA,4.285714285714286,NA,0.42857142857142855
2024-02-09,0.851,0.837,4,0,3,0,1,0,NA,20.714285714285715,NA,2.8571428571428568,NA,16.428571428571427,NA,2.4285714285714284,NA,4.2857142857142865,NA,0.4285714285714286
2024-02-10,0.933,0.948,6,0,3,0,3,0,NA,19.285714285714285,NA,1.857142857142857,NA,14.428571428571429,NA,1.4285714285714286,NA,4.857142857142857,NA,0.4285714285714286
2024-02-11,0.949,0.983,2,0,2,0,0,0,NA,13.571428571428571,NA,1,NA,11.142857142857142,NA,1,NA,2.4285714285714284,NA,0
2024-02-12,0.913,0.956,30,7,30,7,0,0,NA,11.857142857142858,NA,2.2857142857142856,NA,7.571428571428572,NA,1.857142857142857,NA,4.2857142857142865,NA,0.4285714285714286
2024-02-13,0.96,0.974,4,0,0,0,4,0,NA,14.142857142857142,NA,3.285714285714286,NA,9.571428571428571,NA,2.7142857142857144,NA,4.571428571428571,NA,0.5714285714285715
2024-02-14,0.937,0.981,10,0,1,0,9,0,NA,27.142857142857142,NA,5.571428571428571,NA,18.857142857142858,NA,4.7142857142857135,NA,8.285714285714286,NA,0.8571428571428571
2024-02-15,0.885,0.977,27,9,14,6,13,3,NA,27.857142857142858,NA,5.714285714285714,NA,19.571428571428573,NA,4.857142857142857,NA,8.285714285714286,NA,0.8571428571428571
2024-02-16,0.868,0.964,20,7,17,6,3,1,NA,24.71428571428571,NA,5.142857142857143,NA,16.428571428571427,NA,4.285714285714286,NA,8.285714285714286,NA,0.8571428571428571
2024-02-17,0.782,0.76,97,16,68,14,29,2,NA,26.571428571428573,NA,5.285714285714286,NA,18.142857142857142,NA,4.428571428571429,NA,8.428571428571429,NA,0.8571428571428571
2024-02-18,0.868,0.921,7,1,7,1,0,0,NA,30.71428571428571,NA,5.571428571428571,NA,20.571428571428573,NA,4.428571428571429,NA,10.142857142857142,NA,1.1428571428571428
2024-02-19,0.693,0.65,8,3,8,3,0,0,NA,35.142857142857146,NA,5.428571428571429,NA,24.857142857142858,NA,4.428571428571429,NA,10.285714285714286,NA,1
2024-02-20,0.84,0.812,17,1,12,1,5,0,NA,48.142857142857146,NA,8,NA,28.285714285714285,NA,3.8571428571428568,NA,19.857142857142858,NA,4.142857142857143
2024-02-21,0.888,0.92,39,2,18,0,21,2,NA,44.57142857142857,NA,7.571428571428572,NA,25.571428571428573,NA,3.714285714285714,NA,19,NA,3.857142857142857
2024-02-22,0.793,0.808,58,8,44,6,14,2,NA,78.28571428571429,NA,14.142857142857144,NA,43,NA,6.7142857142857135,NA,35.28571428571429,NA,7.428571428571428
2024-02-23,0.834,0.8,111,25,41,2,70,23,NA,125.71428571428572,NA,27.571428571428573,NA,71.28571428571429,NA,13.142857142857144,NA,54.42857142857142,NA,14.428571428571429
2024-02-24,0.804,0.753,72,13,49,13,23,0,840,243.2857142857143,324,73.71428571428571,478,137.85714285714283,126,31,362,105.42857142857142,198,42.71428571428571
2024-02-25,0.809,0.745,243,47,129,22,114,25,940.5,386.4285714285714,382,136.28571428571428,531,218.7142857142857,162,59.28571428571429,409.5,167.71428571428572,220,77
2024-02-26,0.688,0.688,340,97,206,48,134,49,940.5,505.1428571428572,382,182.71428571428572,531,291,162,80.71428571428571,409.5,214.1428571428571,220,102
2024-02-27,0.355,0.318,840,324,478,126,362,198,940.5,495,382,181.28571428571428,531,289,162,81.42857142857143,409.5,206,220,99.85714285714286
2024-02-28,0.456,0.372,1041,440,584,198,457,242,940.5,502.1428571428572,382,183.8571428571429,531,295,162,82.42857142857143,409.5,207.1428571428571,220,101.42857142857144
2024-02-29,0.548,0.501,889,333,550,156,339,177,940.5,477.42857142857144,382,178.28571428571428,531,285,162,80.14285714285714,409.5,192.42857142857144,220,98.14285714285714
2024-03-01,0.573,0.506,40,15,27,7,13,8,940.5,540.7142857142858,382,208.1428571428571,531,325.42857142857144,162,92.85714285714286,409.5,215.28571428571428,220,115.28571428571428
2024-03-02,0.627,0.61,122,31,91,20,31,11,1041,460.1428571428572,440,170.71428571428572,584,289.2857142857143,198,81.71428571428571,457,170.85714285714283,242,89
2024-03-03,0.707,0.758,70,8,59,6,11,2,NA,341.7142857142857,NA,118.71428571428572,NA,223.71428571428572,NA,59.57142857142857,NA,118,NA,59.142857142857146
2024-03-04,0.599,0.604,783,306,489,137,294,169,NA,292.7142857142857,NA,111.14285714285714,NA,195.71428571428572,NA,59.28571428571429,NA,97,NA,51.857142857142854
2024-03-05,0.719,0.775,276,62,225,48,51,14,503,358.85714285714283,191,136.28571428571428,296,234.1428571428571,94,71.71428571428571,207,124.71428571428572,97,64.57142857142857
2024-03-06,0.826,0.833,212,76,125,43,87,33,648.5,454.8571428571428,223.5,168.42857142857142,396,292,108.5,86.42857142857143,252.5,162.85714285714286,115,82
2024-03-07,0.639,0.683,546,280,354,154,192,126,732.6666666666666,573.5714285714286,238.33333333333337,205.57142857142856,540.3333333333334,402,156,121.42857142857144,192.33333333333337,171.57142857142858,82.33333333333333,84.14285714285714
2024-03-08,0.309,0.337,503,191,296,94,207,97,782.75,595,262.5,209.71428571428572,595.25,440.7142857142857,184.5,140.42857142857142,187.5,154.28571428571428,78,69.28571428571429
2024-03-09,0.24,0.306,794,256,496,123,298,133,782.75,612.8571428571429,262.5,223.42857142857144,595.25,448.2857142857143,184.5,149.14285714285714,187.5,164.57142857142858,78,74.28571428571429
2024-03-10,0.417,0.446,901,268,829,251,72,17,782.75,611.1428571428571,262.5,222.8571428571429,595.25,453.1428571428572,184.5,150.85714285714286,187.5,158,78,72
2024-03-11,0.539,0.404,933,335,760,270,173,65,782.75,534,262.5,183.28571428571428,595.25,403.42857142857144,184.5,129.28571428571428,187.5,130.57142857142858,78,54
2024-03-12,0.845,0.776,401,158,278,109,123,49,876,464.42857142857144,286.3333333333333,156.85714285714286,695,363.42857142857144,214.66666666666663,116.71428571428572,181,101,71.66666666666667,40.142857142857146
2024-03-13,0.953,0.944,200,72,159,55,41,17,917,360.28571428571433,301.5,124.28571428571428,794.5,295.14285714285717,260.5,99.42857142857142,122.5,65.14285714285714,41,24.857142857142858
2024-03-14,0.865,0.924,6,3,6,3,0,0,933,233.2857142857143,335,86.42857142857142,760,178.2857142857143,270,64,173,55,65,22.428571428571427
2024-03-15,0.812,0.933,16,6,16,6,0,0,NA,103.28571428571428,NA,41,NA,71.28571428571429,NA,26.28571428571429,NA,32,NA,14.714285714285714
2024-03-16,0.833,0.887,65,28,18,2,47,26,NA,57.57142857142858,NA,23.142857142857142,NA,33.142857142857146,NA,11.285714285714286,NA,24.42857142857143,NA,11.857142857142858
2024-03-17,0.828,0.841,12,3,11,3,1,0,NA,39.714285714285715,NA,14.142857142857142,NA,13.714285714285714,NA,3.7142857142857144,NA,26,NA,10.428571428571429
2024-03-18,0.822,0.819,23,17,11,6,12,11,NA,47.57142857142857,NA,14.857142857142858,NA,18.285714285714285,NA,3.857142857142857,NA,29.285714285714285,NA,11
2024-03-19,0.852,0.834,81,33,11,4,70,29,NA,62,NA,19.285714285714285,NA,24.714285714285715,NA,5.2857142857142865,NA,37.285714285714285,NA,14
2024-03-20,0.853,0.909,75,9,23,2,52,7,NA,81.85714285714286,NA,20,NA,39.28571428571429,NA,8.285714285714286,NA,42.57142857142857,NA,11.714285714285714
2024-03-21,0.768,0.829,61,8,38,4,23,4,NA,194.85714285714283,NA,76.14285714285715,NA,102.42857142857142,NA,41.57142857142858,NA,92.42857142857142,NA,34.57142857142857
2024-03-22,0.698,0.664,117,37,61,16,56,21,NA,238,NA,93,NA,123.28571428571428,NA,49.42857142857142,NA,114.71428571428572,NA,43.57142857142858
2024-03-23,0.686,0.647,204,33,120,23,84,10,NA,276.85714285714283,NA,110.14285714285715,NA,143,NA,57.142857142857146,NA,133.85714285714286,NA,53
2024-03-24,0.659,0.651,803,396,453,236,350,160,532,342.1428571428571,203,137.85714285714286,253,175.85714285714286,62,65.71428571428571,279,166.28571428571428,141,72.14285714285714
2024-03-25,0.821,0.925,325,135,157,61,168,74,532,510.28571428571433,203,234,253,264.57142857142856,62,113,279,245.71428571428572,141,121
2024-03-26,0.646,0.78,353,153,149,58,204,95,532,590.4285714285714,203,285.57142857142856,253,309.42857142857144,62,137.85714285714286,279,281,141,147.71428571428572
2024-03-27,0.422,0.467,532,203,253,62,279,141,532,617,203,299.42857142857144,253,333.2857142857143,62,146,279,283.7142857142857,141,153.42857142857142
2024-03-28,0.661,0.699,1238,681,659,335,579,346,1007.5,714.1428571428571,507,358.7142857142857,586.5,400,264,178.85714285714286,421,314.14285714285717,243,179.85714285714286
2024-03-29,0.592,0.658,678,398,375,190,303,208,1007.5,906.1428571428572,507,516.8571428571429,586.5,500.2857142857143,264,251.7142857142857,421,405.8571428571428,243,265.14285714285717
2024-03-30,0.574,0.62,390,130,287,80,103,50,1007.5,1027.571428571429,507,596.5714285714286,586.5,575.1428571428571,264,285.85714285714283,421,452.42857142857144,243,310.7142857142857
2024-03-31,0.296,0.249,1483,811,920,466,563,345,1483,1052.7142857142858,811,622.7142857142857,920,620.8571428571429,466,322.14285714285717,563,431.8571428571428,345,300.57142857142856
2024-04-01,0.53,0.537,1669,1242,859,571,810,671,1483,946.7142857142856,811,565,920,572.4285714285714,466,298.85714285714283,563,374.2857142857143,345,266.14285714285717
2024-04-02,0.605,0.595,1203,711,673,297,530,414,1483,932.4285714285714,811,541.4285714285714,920,578.8571428571429,466,291.85714285714283,563,353.57142857142856,345,249.57142857142856
2024-04-03,0.624,0.632,708,386,573,316,135,70,1483,975.2857142857144,811,580.4285714285714,920,583.2857142857143,466,302.57142857142856,563,392,345,277.8571428571429
2024-04-04,0.734,0.731,496,277,320,172,176,105,412,822.2857142857142,221,496.1428571428572,236,485.57142857142856,109,251.57142857142856,176,336.7142857142857,112,244.57142857142856
2024-04-05,0.581,0.53,578,233,420,141,158,92,729.5,733.4285714285714,428.5,409.57142857142856,435.5,453.57142857142856,229,219.8571428571429,294,279.85714285714283,199.5,189.71428571428572
2024-04-06,0.657,0.665,690,403,318,155,372,248,930.3333333333334,751.8571428571429,532.3333333333334,413.7142857142857,578.3333333333334,480.8571428571428,293.6666666666667,237.8571428571429,352,271,238.66666666666663,175.85714285714286
2024-04-07,0.375,0.33,412,221,236,109,176,112,1084.5,871.7142857142857,635,493.2857142857143,672.25,535.2857142857143,343.25,263,412.25,336.42857142857144,291.75,230.28571428571428
2024-04-08,0.407,0.313,1047,636,635,349,412,287,1189.2,1030.571428571429,733.2,614.5714285714286,732.8,628.8571428571429,401.4,329,456.4,401.7142857142857,331.8,285.57142857142856
2024-04-09,0.338,0.276,1332,740,864,423,468,317,1205.6666666666667,1132,764.8333333333334,713.1428571428571,730,671.1428571428571,408.3333333333333,372.1428571428572,475.6666666666667,460.8571428571428,356.5,341
2024-04-10,0.16,0.045,1547,943,954,492,593,451,1205.6666666666667,1145.571428571429,764.8333333333334,739.1428571428571,730,676.5714285714286,408.3333333333333,384.7142857142857,475.6666666666667,469,356.5,354.42857142857144
2024-04-11,0.308,0.235,1608,1126,975,634,633,492,1364.4,1124,873.6,722.8571428571429,828.8,665.5714285714286,468.2,375.2857142857143,535.6,458.42857142857144,405.4,347.57142857142856
2024-04-12,0.37,0.348,1288,923,716,443,572,480,1443.75,1016.7142857142856,933,658.7142857142857,877.25,603.8571428571429,498,342.85714285714283,566.5,412.8571428571428,435,315.85714285714283
2024-04-13,0.703,0.687,785,585,356,243,429,342,1481,836,997.3333333333334,558.8571428571429,881.6666666666666,482.8571428571428,523,283.85714285714283,599.3333333333334,353.14285714285717,474.3333333333333,275
2024-04-14,0.721,0.673,261,107,159,43,102,64,1448,626,1024.5,431.28571428571433,845.5,348.28571428571433,538.5,214.57142857142856,602.5,277.7142857142857,486,216.71428571428572
2024-04-15,0.742,0.725,296,187,203,122,93,65,1288,401.1428571428572,923,273.14285714285717,716,210.57142857142856,443,125,572,190.57142857142856,480,148.14285714285717
2024-04-16,0.756,0.729,67,41,17,10,50,31,NA,240.2857142857143,NA,155.85714285714283,NA,121.28571428571428,NA,70,NA,119,NA,85.85714285714285
2024-04-17,0.876,0.902,77,50,12,7,65,43,NA,154.57142857142858,NA,89.14285714285714,NA,96.85714285714286,NA,52.142857142857146,NA,57.714285714285715,NA,37
2024-04-18,0.835,0.819,34,19,11,7,23,12,NA,127.14285714285714,NA,80.85714285714286,NA,80,NA,49.285714285714285,NA,47.14285714285714,NA,31.571428571428573
2024-04-19,0.578,0.596,162,102,91,58,71,44,NA,108.42857142857144,NA,66.57142857142857,NA,63.142857142857146,NA,37.42857142857143,NA,45.285714285714285,NA,29.142857142857142
2024-04-20,0.672,0.736,185,118,185,118,0,0,NA,104.85714285714286,NA,64,NA,63,NA,36.42857142857143,NA,41.857142857142854,NA,27.571428571428573
2024-04-21,0.806,0.809,69,49,41,23,28,26,NA,99,NA,58.285714285714285,NA,65,NA,35.857142857142854,NA,34,NA,22.428571428571427
2024-04-22,0.752,0.715,165,87,85,39,80,48,NA,99,NA,57,NA,67.28571428571429,NA,36.142857142857146,NA,31.714285714285715,NA,20.857142857142858
2024-04-23,0.702,0.663,42,23,16,3,26,20,NA,85.57142857142857,NA,45,NA,61.71428571428571,NA,30.428571428571427,NA,23.857142857142858,NA,14.571428571428571
2024-04-24,0.826,0.841,36,10,26,3,10,7,NA,81.14285714285714,NA,37.42857142857143,NA,50.857142857142854,NA,20.571428571428573,NA,30.285714285714285,NA,16.857142857142858
2024-04-25,0.834,0.894,34,10,27,9,7,1,NA,80.71428571428571,NA,34.142857142857146,NA,51.57142857142857,NA,20.142857142857142,NA,29.142857142857142,NA,14
2024-04-26,0.735,0.849,68,18,52,18,16,0,NA,80.85714285714286,NA,30.714285714285715,NA,59.71428571428571,NA,23.142857142857142,NA,21.142857142857142,NA,7.571428571428571
2024-04-27,0.462,0.503,154,65,109,49,45,16,390,130.57142857142858,184,53.71428571428571,270,96,128,41,120,34.57142857142857,56,12.714285714285714
2024-04-28,0.643,0.801,66,26,46,20,20,6,491.5,210.14285714285717,257,99.42857142857142,335.5,149.57142857142858,173,71.71428571428571,156,60.57142857142858,84,27.71428571428571
2024-04-29,0.476,0.591,166,63,142,60,24,3,437.3333333333333,252.28571428571428,235.66666666666663,125.57142857142856,294.3333333333333,176,155.66666666666666,87.71428571428571,143,76.28571428571429,80,37.857142857142854
2024-04-30,0.138,0.145,390,184,270,128,120,56,438.75,305.8571428571429,238.75,158.42857142857142,296.5,211.8571428571429,159,109.28571428571428,142.25,94,79.75,49.142857142857146
2024-05-01,0.127,0.103,593,330,401,218,192,112,445,351,250.8,191.8571428571429,291.2,234.8571428571429,158.8,124.85714285714286,153.8,116.14285714285714,92,67
2024-05-02,0.348,0.261,329,193,212,121,117,72,465.8333333333333,423,280.5,249.42857142857144,294.6666666666667,272.85714285714283,171.5,155.57142857142858,171.16666666666666,150.14285714285714,109,93.85714285714286
2024-05-03,0.337,0.231,443,248,303,169,140,79,464.8571428571428,464.8571428571428,278,278,286.85714285714283,286.85714285714283,167,167,178,178,111,111
2024-05-04,0.16,0.127,470,299,270,158,200,141,532.1428571428571,532.1428571428571,352.57142857142856,352.57142857142856,294.42857142857144,294.42857142857144,186.57142857142856,186.57142857142856,237.71428571428572,237.71428571428572,166,166
2024-05-05,0.292,0.233,570,429,312,235,258,194,522,479.42857142857144,356.3333333333333,326,276.6666666666667,249.71428571428572,181.33333333333337,161.42857142857142,245.33333333333331,229.71428571428572,175,164.57142857142858
2024-05-06,0.519,0.428,459,263,240,140,219,123,560.6,479.2857142857143,389,325.2857142857143,289.6,239.8571428571429,193.4,152.57142857142858,271,239.42857142857144,195.6,172.71428571428572
2024-05-07,0.556,0.484,861,706,323,265,538,441,598.4,506.2857142857143,428.4,353.42857142857144,290.4,240.42857142857144,202,158.71428571428572,308,265.85714285714283,226.4,194.71428571428572
2024-05-08,0.589,0.55,224,144,88,42,136,102,630.5,484.2857142857143,460.75,340.14285714285717,295.5,225.57142857142856,213,151.42857142857142,335,258.7142857142857,247.75,188.71428571428572
2024-05-09,0.504,0.514,328,188,143,59,185,129,650.6666666666666,439.1428571428572,471.3333333333333,302.14285714285717,290,197.8571428571429,205.66666666666663,128.71428571428572,360.6666666666667,241.28571428571428,265.6666666666667,173.42857142857142
2024-05-10,0.354,0.289,632,445,307,212,325,233,746.5,386.7142857142857,575.5,272.42857142857144,315,171.28571428571428,238.5,112.57142857142856,431.5,215.42857142857144,337,159.85714285714286
2024-05-11,0.624,0.567,316,206,166,107,150,99,632,276.14285714285717,445,180.28571428571428,307,131.28571428571428,212,78.14285714285714,325,144.85714285714286,233,102.14285714285714
2024-05-12,0.531,0.528,254,163,118,76,136,87,632,256.2857142857143,445,166.42857142857142,307,129,212,77.85714285714286,325,127.28571428571428,233,88.57142857142858
2024-05-13,0.716,0.784,92,55,54,27,38,28,632,228.14285714285717,445,149.28571428571428,307,125.71428571428572,212,78.28571428571429,325,102.42857142857142,233,71
2024-05-14,0.656,0.788,87,61,43,24,44,37,173,162.57142857142858,71,95.85714285714286,131,100.57142857142856,48,54.857142857142854,42,62,23,41
2024-05-15,0.549,0.674,85,47,72,40,13,7,173,135.71428571428572,71,75.14285714285714,131,87,48,43.57142857142857,42,48.71428571428571,23,31.571428571428573
2024-05-16,0.475,0.563,131,68,120,62,11,6,163.5,121.42857142857144,81.5,65,105,81.42857142857143,47.5,39.42857142857143,58.5,40,34,25.571428571428573
2024-05-17,0.409,0.477,173,71,131,48,42,23,177,137.42857142857142,88.66666666666667,71.85714285714286,101.66666666666669,87.28571428571429,47.666666666666664,42.42857142857143,75.33333333333333,50.142857142857146,41,29.428571428571427
2024-05-18,0.582,0.645,128,61,71,28,57,33,223.25,176.71428571428572,112.25,89.28571428571429,118.5,105.28571428571428,51,47.714285714285715,104.75,71.42857142857143,61.25,41.57142857142857
2024-05-19,0.39,0.397,154,92,79,47,75,45,283.8,239.71428571428572,157.8,131.14285714285714,137.8,125.71428571428572,63.2,58,146,114,94.6,73.14285714285714
2024-05-20,0.444,0.352,204,103,95,48,109,55,340.8333333333333,310.42857142857144,196.16666666666663,176.85714285714286,161,148.14285714285714,78.5,71.28571428571429,179.83333333333334,162.28571428571428,117.66666666666669,105.57142857142856
2024-05-21,0.445,0.418,362,183,169,61,193,122,506.5,452.42857142857144,342.16666666666663,302,220.16666666666669,198.85714285714283,131.66666666666666,116.85714285714285,286.3333333333333,253.57142857142856,210.5,185.14285714285717
2024-05-22,0.527,0.498,526,340,215,112,311,228,610.2857142857143,610.2857142857143,428.71428571428567,428.71428571428567,273.57142857142856,273.57142857142856,172.28571428571428,172.28571428571428,336.7142857142857,336.7142857142857,256.42857142857144,256.42857142857144
2024-05-23,0.472,0.403,626,388,277,155,349,233,686.3333333333334,646.5714285714286,484.8333333333333,456.7142857142857,306,287,193.16666666666663,177,380.3333333333333,359.57142857142856,291.6666666666667,279.7142857142857
2024-05-24,0.33,0.165,1167,947,486,367,681,580,782.8,688.2857142857143,561.2,491.42857142857144,348.2,310.85714285714283,222.2,193.71428571428572,434.6,377.42857142857144,339,297.7142857142857
2024-05-25,0.213,0.072,1233,948,594,416,639,532,888,762.2857142857143,655.75,569.5714285714286,393,333.14285714285717,262.5,218.71428571428572,495,429.1428571428572,393.25,350.85714285714283
2024-05-26,0.546,0.662,408,288,173,80,235,208,1008.6666666666666,724.7142857142857,761,554.2857142857143,452.3333333333333,311.14285714285717,312.6666666666667,208.8571428571429,556.3333333333334,413.57142857142856,448.3333333333333,345.42857142857144
2024-05-27,0.638,0.628,496,346,262,165,234,181,1200,654.2857142857143,947.5,514.7142857142857,540,282.2857142857143,391.5,195.1428571428571,660,372,556,319.57142857142856
2024-05-28,0.675,0.641,880,730,325,236,555,494,1233,503.1428571428572,948,388.7142857142857,594,223.85714285714283,416,149.28571428571428,639,279.2857142857143,532,239.42857142857144
2024-05-29,0.749,0.758,263,233,61,43,202,190,182,353,125,271.14285714285717,77,150,46,96.42857142857144,105,203,79,174.71428571428572
2024-05-30,0.72,0.69,133,111,75,59,58,52,259,342.71428571428567,169,260.42857142857144,146.5,156.14285714285714,98,106.42857142857144,112.5,186.57142857142856,71,154
2024-05-31,0.547,0.512,109,65,77,46,32,19,248.66666666666663,304.42857142857144,157.33333333333334,230.14285714285717,133.33333333333334,134,81,89.57142857142857,115.33333333333331,170.42857142857142,76.33333333333333,140.57142857142858
2024-06-01,0.367,0.311,182,125,77,46,105,79,248.66666666666663,190.42857142857144,157.33333333333334,131.28571428571428,133.33333333333334,93.57142857142856,81,58.57142857142857,115.33333333333331,96.85714285714286,76.33333333333333,72.71428571428571
2024-06-02,0.411,0.414,336,213,216,150,120,63,248.66666666666663,206.8571428571429,157.33333333333334,136,133.33333333333334,101.42857142857144,81,62.57142857142857,115.33333333333331,105.42857142857144,76.33333333333333,73.42857142857143
2024-06-03,0.443,0.387,228,134,107,47,121,87,248.66666666666663,222.1428571428571,157.33333333333334,139.57142857142858,133.33333333333334,108.28571428571428,81,64,115.33333333333331,113.85714285714286,76.33333333333333,75.57142857142857
2024-06-04,0.684,0.663,82,38,42,19,40,19,319.25,282.42857142857144,208.25,181.8571428571429,142,121.28571428571428,82.5,69.85714285714286,177.25,161.14285714285714,125.75,112
2024-06-05,0.666,0.67,378,266,116,71,262,195,365,280.7142857142857,236,178.42857142857142,163.66666666666666,121.42857142857144,94.66666666666669,68.71428571428571,201.33333333333337,159.28571428571428,141.33333333333334,109.71428571428572
2024-06-06,0.535,0.622,240,136,123,69,117,67,327,264.42857142857144,197,161.71428571428572,127.66666666666669,106,59.666666666666664,53.714285714285715,199.33333333333337,158.42857142857142,137.33333333333334,108
2024-06-07,0.433,0.345,531,361,168,87,363,274,376.5,282.2857142857143,228.5,176.14285714285714,138,107.14285714285714,66,55,238.5,175.14285714285714,162.5,121.14285714285714
2024-06-08,0.537,0.562,170,101,78,38,92,63,376.5,334.85714285714283,228.5,214.1428571428571,138,129.42857142857142,66,70,238.5,205.42857142857144,162.5,144.14285714285714
2024-06-09,0.566,0.497,222,96,108,45,114,51,376.5,319.14285714285717,228.5,200.71428571428572,138,131,66,72,238.5,188.1428571428571,162.5,128.71428571428572
2024-06-10,0.619,0.527,353,235,115,56,238,179,376.5,354.7142857142857,228.5,233.57142857142856,138,150.28571428571428,66,89.71428571428571,238.5,204.42857142857144,162.5,143.85714285714286
2024-06-11,0.624,0.527,450,304,198,124,252,180,222,289.2857142857143,96,187,108,128.28571428571428,45,77.71428571428571,114,161,51,109.28571428571428
2024-06-12,0.653,0.688,268,172,127,85,141,87,222,268.7142857142857,96,173.57142857142858,108,119.14285714285714,45,72.28571428571429,114,149.57142857142858,51,101.28571428571428
2024-06-13,0.641,0.54,489,366,258,193,231,173,NA,243.1428571428571,NA,161.28571428571428,NA,109.14285714285714,NA,67,NA,134,NA,94.28571428571428
2024-06-14,0.826,0.791,73,35,14,3,59,32,NA,203,NA,133.42857142857142,NA,96.85714285714286,NA,60.28571428571429,NA,106.14285714285714,NA,73.14285714285714
2024-06-15,0.807,0.949,26,7,14,0,12,7,178,164.14285714285717,54,97.71428571428572,107,83.85714285714286,29,46.71428571428571,71,80.28571428571429,25,51
2024-06-16,0.706,0.847,43,10,38,8,5,2,217.5,162.57142857142858,97.5,93.28571428571428,127,86.71428571428571,48,44.142857142857146,90.5,75.85714285714286,49.5,49.142857142857146
2024-06-17,0.601,0.681,72,40,29,9,43,31,255.33333333333337,140,124.66666666666669,66.57142857142857,137.33333333333334,72.42857142857143,54.666666666666664,26.28571428571429,118,67.57142857142857,70,40.28571428571429
2024-06-18,0.395,0.402,178,54,107,29,71,25,245,160.14285714285714,117.5,75.28571428571429,136.25,89.42857142857143,55.75,34.285714285714285,108.75,70.71428571428571,61.75,41
2024-06-19,0.397,0.357,257,141,147,67,110,74,264.4,205.28571428571428,127.4,98.14285714285714,148.4,115.57142857142856,64.2,48.285714285714285,116,89.71428571428571,63.2,49.857142857142854
2024-06-20,0.353,0.341,331,179,158,68,173,111,270,241.71428571428572,134.5,121,150.66666666666666,133.28571428571428,68.33333333333333,59.857142857142854,119.33333333333331,108.42857142857144,66.16666666666667,61.142857142857146
2024-06-21,0.247,0.229,214,96,133,59,81,37,270,263.42857142857144,134.5,132.71428571428572,150.66666666666666,149.85714285714286,68.33333333333333,70.85714285714286,119.33333333333331,113.57142857142856,66.16666666666667,61.857142857142854
2024-06-22,0.311,0.236,342,167,197,98,145,69,267,260.85714285714283,141.16666666666666,138.42857142857142,147.33333333333334,147,72,74,119.66666666666669,113.85714285714286,69.16666666666667,64.42857142857143
2024-06-23,0.438,0.376,298,170,162,89,136,81,280.1666666666667,272.14285714285717,149.66666666666666,145.71428571428572,150.66666666666666,149.85714285714286,74.16666666666667,75.85714285714286,129.5,122.28571428571428,75.5,69.85714285714286
2024-06-24,0.55,0.524,224,122,145,86,79,36,282.5,274.14285714285717,154.66666666666666,150,158.66666666666666,156.71428571428572,84,84.28571428571429,123.83333333333331,117.42857142857144,70.66666666666667,65.71428571428571
2024-06-25,0.481,0.468,160,94,87,51,73,43,323,308.85714285714283,188.5,179,181.83333333333337,176.57142857142858,101.66666666666669,99.42857142857144,141.16666666666666,132.28571428571428,86.83333333333333,79.57142857142857
2024-06-26,0.319,0.317,336,192,167,80,169,112,355.8333333333333,337,217.33333333333337,203.71428571428572,204.33333333333337,195.8571428571429,118.66666666666669,114,151.5,141.14285714285714,98.66666666666669,89.71428571428571
2024-06-27,0.323,0.302,345,209,206,127,139,82,413.8333333333333,386.7142857142857,259.1666666666667,239.57142857142856,252.33333333333337,237,153.83333333333334,144.14285714285714,161.5,149.71428571428572,105.33333333333331,95.42857142857144
2024-06-28,0.286,0.293,457,299,272,165,185,134,436.2857142857143,436.2857142857143,266,266,264.42857142857144,264.42857142857144,158.71428571428572,158.71428571428572,171.85714285714286,171.85714285714286,107.28571428571428,107.28571428571428
2024-06-29,0.234,0.189,539,340,332,200,207,140,569.2857142857143,569.2857142857143,364.8571428571428,364.8571428571428,333.42857142857144,333.42857142857144,210,210,235.85714285714283,235.85714285714283,154.85714285714286,154.85714285714286
2024-06-30,0.211,0.227,646,421,450,300,196,121,822.8571428571429,822.8571428571429,577.4285714285713,577.4285714285713,483.28571428571433,483.28571428571433,335.57142857142856,335.57142857142856,339.57142857142856,339.57142857142856,241.85714285714283,241.85714285714283
2024-07-01,0.378,0.259,571,307,337,188,234,119,902.5,986.5714285714286,638.8333333333333,713.8571428571429,529.5,566.2857142857143,370.33333333333337,399.57142857142856,373,420.2857142857143,268.5,314.2857142857143
2024-07-02,0.534,0.352,1091,786,570,410,521,376,991.6,1024.571428571429,706.8,743.1428571428571,581,589.8571428571429,411.4,417.7142857142857,410.6,434.7142857142857,295.4,325.42857142857144
2024-07-03,0.606,0.434,2111,1680,1216,959,895,721,1119.6,1116,794,805.4285714285714,653.4,641.5714285714286,452.4,447,466.2,474.42857142857144,341.6,358.42857142857144
2024-07-04,0.726,0.681,1491,1164,787,575,704,589,1301,1245.571428571429,956.8,921.7142857142856,732.8,698.2857142857143,514,491,568.2,547.2857142857143,442.8,430.7142857142857
2024-07-05,0.53,0.568,723,504,437,292,286,212,1601.4,1460.142857142857,1211.2,1103.428571428571,893,812.7142857142857,637.2,579,708.4,647.4285714285714,574,524.4285714285714
2024-07-06,0.238,0.146,1179,776,694,405,485,371,1679.6,1516,1267.4,1143.571428571429,985.6,878.8571428571429,698,622.4285714285714,694,637.1428571428571,569.4,521.1428571428571
2024-07-07,0.197,0.141,1553,1235,847,608,706,627,1571.75,1400.142857142857,1164.25,1037.142857142857,928,817.1428571428571,632.75,559.4285714285714,643.75,583,531.5,477.7142857142857
2024-07-08,0.285,0.203,2073,1579,1138,804,935,775,1531.2,1382.7142857142858,1137.6,1018.1428571428572,881.6,804.1428571428571,594.4,540.2857142857143,649.6,578.5714285714286,543.2,477.8571428571428
2024-07-09,0.378,0.417,1482,1067,1033,714,449,353,1359.3333333333333,1350.857142857143,999.5,990.2857142857144,792,790.8571428571429,529,527.4285714285714,567.3333333333334,560,470.5,462.8571428571428
2024-07-10,0.442,0.564,1300,935,784,518,516,417,1296.8333333333333,1297.2857142857142,955.3333333333334,952.4285714285714,763,766,513.5,514.1428571428571,533.8333333333334,531.2857142857143,441.8333333333333,438.2857142857143
2024-07-11,0.325,0.331,1369,1031,696,441,673,590,1298.1666666666667,1298.428571428571,948,946.1428571428572,770.8333333333334,772.7142857142857,520,519.7142857142857,527.3333333333334,525.7142857142857,428,426.42857142857144
2024-07-12,0.337,0.319,500,309,344,202,156,107,1134.5,1158.142857142857,812.5,830,670.5,686.7142857142857,442.3333333333333,453.1428571428572,464,471.42857142857144,370.1666666666667,376.8571428571428
2024-07-13,0.303,0.297,804,511,520,312,284,199,1106,1133.7142857142858,788.5,809.4285714285714,635.6666666666666,656.8571428571429,414.8333333333333,429.57142857142856,470.3333333333333,476.8571428571428,373.6666666666667,379.8571428571428
2024-07-14,0.303,0.197,1561,1191,894,647,667,544,1110.428571428571,1110.428571428571,778.7142857142857,778.7142857142857,648,648,417.57142857142856,417.57142857142856,462.42857142857144,462.42857142857144,361.1428571428572,361.1428571428572
2024-07-15,0.512,0.451,1091,766,536,338,555,428,1196,1196,838.5714285714286,838.5714285714286,725.5714285714286,725.5714285714286,481.2857142857143,481.2857142857143,470.42857142857144,470.42857142857144,357.2857142857143,357.2857142857143
2024-07-16,0.338,0.363,1311,923,824,549,487,374,1312,1341.428571428571,926.8333333333334,956.8571428571428,789.1666666666666,814.5714285714286,527.8333333333334,556.1428571428571,522.8333333333334,526.8571428571429,399,400.7142857142857
2024-07-17,0.327,0.248,1137,720,722,434,415,286,1403.5,1419.857142857143,988.8333333333334,1010,866.5,880.8571428571429,581.6666666666666,602.2857142857143,537,539,407.1666666666667,407.7142857142857
2024-07-18,0.428,0.377,1968,1450,1239,887,729,563,1372,1346.428571428571,948.4,947,861,844.2857142857143,568.6,579.5714285714286,511,502.1428571428572,379.8,367.42857142857144
2024-07-19,0.531,0.551,1518,1137,967,726,551,411,1442.25,1258.142857142857,994,882,942.25,813.5714285714286,626.25,561,500,444.57142857142856,367.75,321
2024-07-20,0.47,0.458,1353,883,984,635,369,248,1486,1154.2857142857142,1017.6666666666666,796.7142857142857,981.6666666666666,765.4285714285714,652,521.4285714285714,504.3333333333333,388.8571428571429,365.6666666666667,275.2857142857143
2024-07-21,0.68,0.636,1047,750,638,488,409,262,1280.3333333333333,1066.142857142857,873.6666666666666,735,860,713.2857142857142,571,486.7142857142857,420.3333333333333,352.85714285714283,302.6666666666667,248.28571428571428
2024-07-22,0.55,0.617,473,311,321,208,152,103,936.5,870,585.5,582.1428571428571,670.5,595.5714285714286,413,396.42857142857144,266,274.42857142857144,172.5,185.71428571428572
2024-07-23,0.54,0.504,584,326,487,272,97,54,936.5,721.2857142857143,585.5,460.42857142857144,670.5,499.8571428571428,413,319.85714285714283,266,221.42857142857144,172.5,140.57142857142858
2024-07-24,0.458,0.312,520,288,357,191,163,97,520,661.8571428571429,288,421.42857142857144,357,432.1428571428572,191,275,163,229.71428571428572,97,146.42857142857142
2024-07-25,0.665,0.549,595,380,415,255,180,125,651,624,389,384.2857142857143,383.5,399.57142857142856,222.5,241.57142857142856,267.5,224.42857142857144,166.5,142.71428571428572
2024-07-26,0.733,0.727,477,285,297,190,180,95,719.3333333333334,678.7142857142857,428,412.1428571428572,435,430.57142857142856,249.33333333333337,255.1428571428571,284.3333333333333,248.1428571428571,178.66666666666666,157
2024-07-27,0.557,0.586,937,610,510,321,427,289,719.3333333333334,714.5714285714286,428,424,435,431.42857142857144,249.33333333333337,247.42857142857144,284.3333333333333,283.14285714285717,178.66666666666666,176.57142857142858
2024-07-28,0.393,0.325,782,490,410,254,372,236,792,745.7142857142857,429.3333333333333,424.57142857142856,472.6666666666667,447.57142857142856,245,245.57142857142856,319.3333333333333,298.14285714285717,184.33333333333337,179
2024-07-29,0.417,0.398,856,506,538,303,318,203,936.25,856.2857142857143,500.5,472.2857142857143,527.25,487,266.5,256.42857142857144,409,369.2857142857143,234,215.8571428571429
2024-07-30,0.52,0.567,835,409,493,218,342,191,975.4,949.8571428571428,531.6,525.2857142857143,542.6,530.8571428571429,271.8,271.14285714285717,432.8,419,259.8,254.1428571428571
2024-07-31,0.332,0.354,738,292,470,178,268,114,975.4,1011,531.6,564.2857142857143,542.6,554.7142857142857,271.8,288.14285714285717,432.8,456.2857142857143,259.8,276.14285714285717
2024-08-01,0.457,0.421,1369,714,691,331,678,383,1023.75,933,542,513.7142857142857,575.75,504.8571428571428,276.25,255.8571428571429,448,428.1428571428572,265.75,257.85714285714283
2024-08-02,0.541,0.473,1132,656,604,293,528,363,1079.6666666666667,862.2857142857143,554,470,588.3333333333334,460.2857142857143,267.3333333333333,227.1428571428571,491.3333333333333,402,286.6666666666667,242.8571428571429
2024-08-03,0.757,0.681,1365,883,677,440,688,443,1079.6666666666667,794.7142857142857,554,437.8571428571428,588.3333333333334,423.57142857142856,267.3333333333333,211.42857142857144,491.3333333333333,371.1428571428572,286.6666666666667,226.42857142857144
2024-08-04,0.713,0.773,236,136,61,28,175,108,1250.5,750.5714285714286,685,428.7142857142857,647.5,396.8571428571429,312,206.1428571428571,603,353.7142857142857,373,222.57142857142856
2024-08-05,0.643,0.576,361,200,226,102,135,98,847.5,635.4285714285714,464,365.57142857142856,479.5,348.85714285714283,226,181.57142857142856,368,286.57142857142856,238,184
2024-08-06,0.727,0.684,362,184,236,108,126,76,680,587.5714285714286,367.5,338,403.5,327.14285714285717,219,179.57142857142858,276.5,260.42857142857144,148.5,158.42857142857142
2024-08-07,0.503,0.522,429,228,283,141,146,87,674.3333333333334,487.2857142857143,362.3333333333333,262.14285714285717,378,277.14285714285717,204.66666666666663,141.85714285714286,296.3333333333333,210.1428571428571,157.66666666666666,120.28571428571428
2024-08-08,0.442,0.378,563,272,355,159,208,113,744.5,590,412,322.85714285714283,400.75,335.42857142857144,210,170.14285714285714,343.75,254.57142857142856,202,152.71428571428572
2024-08-09,0.493,0.392,797,463,452,279,345,184,832.6,707.7142857142857,448.4,379.1428571428572,479,416.2857142857143,240.4,207.28571428571428,353.6,291.42857142857144,208,171.85714285714286
2024-08-10,0.475,0.449,663,352,327,176,336,176,878.5,814.2857142857143,454.3333333333333,422,533.6666666666666,497.8571428571428,248.33333333333337,233,344.8333333333333,316.42857142857144,206,189
2024-08-11,0.357,0.315,955,561,469,226,486,335,931.1428571428572,931.1428571428572,485.57142857142856,485.57142857142856,554.4285714285714,554.4285714285714,260.14285714285717,260.14285714285717,376.7142857142857,376.7142857142857,225.42857142857144,225.42857142857144
2024-08-12,0.321,0.326,1185,594,792,362,393,232,1004.8571428571428,1004.8571428571428,523.7142857142857,523.7142857142857,591.7142857142857,591.7142857142857,275.85714285714283,275.85714285714283,413.1428571428572,413.1428571428572,247.8571428571429,247.8571428571429
2024-08-13,0.33,0.382,1108,484,807,288,301,196,1094.571428571429,1094.571428571429,584.5714285714286,584.5714285714286,632.5714285714286,632.5714285714286,294.85714285714283,294.85714285714283,462,462,289.7142857142857,289.7142857142857
2024-08-14,0.174,0.168,1247,673,679,331,568,342,1184.857142857143,1184.857142857143,646.2857142857143,646.2857142857143,680.4285714285714,680.4285714285714,319.57142857142856,319.57142857142856,504.42857142857144,504.42857142857144,326.7142857142857,326.7142857142857
2024-08-15,0.271,0.259,1079,539,616,269,463,270,1263.857142857143,1263.857142857143,694.7142857142857,694.7142857142857,726.1428571428571,726.1428571428571,355.14285714285717,355.14285714285717,537.7142857142857,537.7142857142857,339.57142857142856,339.57142857142856
2024-08-16,0.35,0.302,1425,889,738,412,687,477,1331.857142857143,1331.857142857143,761.1428571428571,761.1428571428571,737.4285714285714,737.4285714285714,379.57142857142856,379.57142857142856,594.4285714285714,594.4285714285714,381.57142857142856,381.57142857142856
2024-08-17,0.177,0.151,1295,784,662,349,633,435,1490,1490,900.4285714285714,900.4285714285714,781,781,438.1428571428572,438.1428571428572,709,709,462.2857142857143,462.2857142857143
2024-08-18,0.327,0.292,1508,900,789,475,719,425,1530.5,1591.2857142857142,938.3333333333334,1021.1428571428572,798,824.8571428571429,456,493.57142857142856,732.5,766.4285714285714,482.3333333333333,527.5714285714286
2024-08-19,0.234,0.178,1661,1059,871,533,790,526,1620.8,1650.428571428571,1018.2,1119.142857142857,834.4,825.2857142857143,493.4,520.8571428571429,786.4,825.1428571428571,524.8,598.2857142857143
2024-08-20,0.275,0.149,2215,1459,1112,698,1103,761,1481,1550.571428571429,936,1060.428571428571,832,823.5714285714286,506.6,530.2857142857143,649,727,429.4,530.1428571428571
2024-08-21,0.628,0.7,1956,1518,986,719,970,799,1429,1513.428571428571,913,1044,838.4,828.1428571428571,527.8,545.4285714285714,590.6,685.2857142857143,385.2,498.57142857142856
2024-08-22,0.734,0.703,1493,1225,619,460,874,765,1502.6,1566,1013.2,1115.571428571429,901,872.8571428571429,589.2,589.2857142857143,601.6,693.1428571428571,424,526.2857142857143
2024-08-23,0.4,0.375,726,478,726,478,0,0,1544,1595.571428571429,1058.8,1148.142857142857,944.4,903.8571428571428,618.6,610.2857142857143,599.6,691.7142857142857,440.2,537.8571428571429
2024-08-24,0.247,0.136,1035,669,694,455,341,214,1376.25,1417.857142857143,958.75,1037,902.5,842,598.75,572.5714285714286,473.75,575.8571428571429,360,464.42857142857144
2024-08-25,0.154,0.103,1876,1401,1102,782,774,619,1376.25,1301.428571428571,958.75,932.2857142857144,902.5,806.5714285714286,598.75,540.5714285714286,473.75,494.8571428571428,360,391.7142857142857
2024-08-26,0.26,0.195,1868,1287,1088,680,780,607,1376.25,1329.428571428571,958.75,943.4285714285714,902.5,870.8571428571429,598.75,596.8571428571429,473.75,458.57142857142856,360,346.57142857142856
2024-08-27,0.676,0.73,971,681,679,434,292,247,1593,1510.142857142857,1119,1089.2857142857142,961.3333333333334,992.1428571428572,639,696.2857142857143,631.6666666666666,518,480,393
2024-08-28,0.665,0.781,1141,785,738,495,403,290,1872,1747.857142857143,1344,1303.857142857143,1095,1130,731,814.7142857142857,777,617.8571428571429,613,489.1428571428572
2024-08-29,0.671,0.699,1689,1303,1069,854,620,449,1868,2133.1428571428573,1287,1666.142857142857,1088,1319.2857142857142,680,1006.5714285714288,780,813.8571428571429,607,659.5714285714287
2024-08-30,0.54,0.621,1991,1499,1575,1174,416,325,NA,2157.285714285714,NA,1710.571428571429,NA,1362.7142857142858,NA,1057.2857142857142,NA,794.5714285714286,NA,653.2857142857143
2024-08-31,0.673,0.846,2699,2171,1659,1284,1040,887,NA,2121.4285714285716,NA,1688,NA,1359.428571428571,NA,1061.7142857142858,NA,762,NA,626.2857142857143
2024-09-01,0.687,0.667,4573,3937,2427,2125,2146,1812,NA,2233.1428571428573,NA,1810.428571428571,NA,1472,NA,1176.142857142857,NA,761.1428571428571,NA,634.2857142857143
2024-09-02,0.612,0.699,2037,1598,1392,1035,645,563,NA,2282,NA,1861,NA,1553.571428571429,NA,1246.2857142857142,NA,728.4285714285714,NA,614.7142857142857
2024-09-03,0.621,0.793,720,523,656,465,64,58,3522,2500.714285714286,2395,1989,2621,1703,1611,1308.7142857142858,901,797.7142857142857,784,680.2857142857143
2024-09-04,0.743,0.784,1923,1642,1526,1296,397,346,3461.5,2601,2312.5,1997.428571428571,2606,1836.142857142857,1565,1342.2857142857142,855.5,764.8571428571429,747.5,655.1428571428571
2024-09-05,0.645,0.603,2031,1657,1640,1345,391,312,3088,2282.1428571428573,2067.6666666666665,1660.428571428571,2387.6666666666665,1768.142857142857,1471.6666666666667,1222.2857142857142,700.3333333333334,514,596,438.1428571428572
2024-09-06,0.288,0.262,3522,2395,2621,1611,901,784,3088,2209.1428571428573,2067.6666666666665,1553.857142857143,2387.6666666666665,1733.428571428571,1471.6666666666667,1149.428571428571,700.3333333333334,475.7142857142857,596,404.42857142857144
2024-09-07,0.155,0.161,3401,2230,2591,1519,810,711,3088,2241.4285714285716,2067.6666666666665,1565.142857142857,2387.6666666666665,1766.7142857142858,1471.6666666666667,1164.571428571429,700.3333333333334,474.7142857142857,596,400.57142857142856
2024-09-08,0.333,0.487,2341,1578,1951,1285,390,293,3088,2038,2067.6666666666665,1379,2387.6666666666665,1604.7142857142858,1471.6666666666667,1017.5714285714286,700.3333333333334,433.2857142857143,596,361.42857142857144
2024-09-09,0.487,0.601,1526,852,1149,525,377,327,3088,1853,2067.6666666666665,1224.142857142857,2387.6666666666665,1429.2857142857142,1471.6666666666667,871.8571428571429,700.3333333333334,423.7142857142857,596,352.2857142857143
2024-09-10,0.759,0.688,946,602,889,571,57,31,2871,1445.428571428571,1904,949.5714285714288,2271,1100.857142857143,1402,671.7142857142857,600,344.57142857142856,502,277.85714285714283
2024-09-11,0.865,0.823,499,339,392,267,107,72,2332,1291.428571428571,1739.5,902.5714285714286,1772.5,958.4285714285714,1308.5,645,559.5,333,431,257.57142857142856
2024-09-12,0.84,0.842,736,573,412,325,324,248,3991,1765.428571428571,3316.5,1353.142857142857,2714.5,1227.571428571429,2248.5,913.5714285714288,1276.5,537.8571428571429,1068,439.5714285714286
2024-09-13,0.667,0.577,669,473,322,210,347,263,3991,2456,3316.5,1937.2857142857144,2714.5,1735.7142857142856,2248.5,1331.571428571429,1276.5,720.2857142857143,1068,605.7142857142857
2024-09-14,0.571,0.372,2323,1901,1594,1332,729,569,3991,2617.1428571428573,3316.5,2075.4285714285716,2714.5,1845.2857142857144,2248.5,1421.857142857143,1276.5,771.8571428571429,1068,653.5714285714286
2024-09-15,0.582,0.435,5659,4732,3835,3165,1824,1567,3991,2762,3316.5,2214.8571428571427,2714.5,1946.142857142857,2248.5,1516.7142857142858,1276.5,815.8571428571429,1068,698.1428571428571
2024-09-16,0.618,0.536,6360,4941,4706,3451,1654,1490,3458,2998.5714285714284,2842,2403.4285714285716,2398.6666666666665,2139.714285714286,1955.6666666666667,1666,1059.3333333333333,858.8571428571429,886.3333333333334,737.4285714285714
2024-09-17,0.616,0.674,2074,1569,1656,1203,418,366,3081.75,3182,2498.75,2545.714285714286,2183.25,2313.285714285714,1756.5,1801.5714285714284,898.5,868.7142857142857,742.25,744.1428571428571
2024-09-18,0.685,0.811,1513,1315,1098,931,415,384,2870,3061,2326.25,2447.1428571428573,2079,2253.714285714286,1666.25,1750,791,807.2857142857143,660,697.1428571428571
2024-09-19,0.373,0.326,2392,1893,1767,1370,625,523,1794.5,2446.4285714285716,1409.5,1923.2857142857144,1377.5,1852.857142857143,1082.75,1416.571428571429,417,593.5714285714286,326.75,506.71428571428567
2024-09-20,0.168,0.158,1953,1469,1537,1159,416,310,1794.5,1749.571428571429,1409.5,1394.142857142857,1377.5,1335,1082.75,1054.571428571429,417,414.57142857142856,326.75,339.57142857142856
2024-09-21,0.081,0.052,1476,1211,1177,971,299,240,1801.8,1714.857142857143,1427,1383.857142857143,1383.4,1299.428571428571,1096,1046.857142857143,418.4,415.42857142857144,331,337
2024-09-22,0.28,0.233,1357,1065,1029,831,328,234,1741.5,1704.428571428571,1394.3333333333333,1371.857142857143,1339,1302.142857142857,1073,1050.7142857142858,402.5,402.2857142857143,321.3333333333333,321.14285714285717
2024-09-23,0.448,0.555,1482,1237,1081,917,401,320,1611.4,1432.142857142857,1294.6,1155.7142857142858,1253.4,1100.7142857142858,1013.6,894.1428571428571,358,331.42857142857144,281,261.57142857142856
2024-09-24,0.264,0.232,1831,1497,1407,1149,424,348,1526,1221.428571428571,1251,987.5714285714286,1182.5,928.4285714285714,977.25,757.1428571428571,343.5,293,273.75,230.42857142857144
2024-09-25,0.477,0.276,1440,1231,1117,958,323,273,1456.5,1181.7142857142858,1162,936.7142857142856,1110,887,897.75,711.7142857142857,346.5,294.7142857142857,264.25,225
2024-09-26,0.751,0.698,486,380,357,274,129,106,1422.75,1162.428571428571,1126.25,916.2857142857142,1012,831,805,658.7142857142858,410.75,331.42857142857144,321.25,257.57142857142856
2024-09-27,0.566,0.503,478,292,331,200,147,92,1422.75,1163.857142857143,1126.25,918.7142857142856,1012,779.8571428571429,805,612.1428571428571,410.75,384,321.25,306.57142857142856
2024-09-28,0.358,0.181,1198,855,887,653,311,202,1751,1351.428571428571,1418.25,1085.571428571429,1210,893,988,716.7142857142857,541,458.42857142857144,430.25,368.8571428571428
2024-09-29,0.653,0.471,1222,922,637,460,585,462,2154,1581.7142857142858,1760.5,1281.142857142857,1546.5,1085.2857142857142,1279.25,883.1428571428572,607.5,496.42857142857144,481.25,398
2024-09-30,0.753,0.641,1492,1254,723,591,769,663,2101.2,1782.2857142857142,1716.4,1446.857142857143,1496,1219.142857142857,1230.6,992,605.2,563.1428571428571,485.8,454.8571428571429
2024-10-01,0.602,0.466,3144,2665,2199,1881,945,784,2101.2,1812.7142857142856,1716.4,1475.7142857142858,1496,1233.142857142857,1230.6,1005.4285714285714,605.2,579.5714285714286,485.8,470.2857142857143
2024-10-02,0.478,0.311,3052,2600,2463,2123,589,477,2327,1776,1931.75,1456.857142857143,1648.25,1176.428571428571,1375,966.8571428571428,678.75,599.5714285714286,556.75,490
2024-10-03,0.605,0.431,1890,1540,1294,1036,596,504,2695.3333333333335,1768.7142857142858,2268.3333333333335,1459.142857142857,1985.3333333333333,1180.7142857142858,1680,977,710,588,588.3333333333334,482.1428571428572
2024-10-04,0.764,0.655,691,494,429,294,262,200,2695.3333333333335,1605.7142857142858,2268.3333333333335,1318.857142857143,1985.3333333333333,1107.857142857143,1680,916.4285714285712,710,497.8571428571429,588.3333333333334,402.42857142857144
2024-10-05,0.719,0.573,941,723,490,383,451,340,1724.3333333333333,1189.5714285714284,1410,951,1303.3333333333333,815.5714285714287,1063.6666666666667,652.2857142857143,421,374,346.3333333333333,298.7142857142857
2024-10-06,0.838,0.757,1171,938,667,531,504,407,848,814,620,612.4285714285714,570.3333333333334,501.42857142857144,385.66666666666663,361.71428571428567,277.6666666666667,312.57142857142856,234.33333333333331,250.71428571428572
2024-10-07,0.835,0.869,351,272,213,167,138,105,327,581.1428571428571,160,411,208.5,337.7142857142857,60.5,220.42857142857144,118.5,243.42857142857144,99.5,190.57142857142856
2024-10-08,0.422,0.496,231,90,153,32,78,58,327,531.2857142857143,160,369,208.5,308.2857142857143,60.5,195.57142857142856,118.5,223,99.5,173.42857142857144
2024-10-09,0.507,0.442,423,230,264,89,159,141,327,440,160,295.42857142857144,208.5,265.57142857142856,60.5,159.71428571428572,118.5,174.42857142857142,99.5,135.71428571428572
2024-10-10,0.596,0.644,260,130,148,47,112,83,327,281,160,166.14285714285714,208.5,176.28571428571428,60.5,87.14285714285714,118.5,104.71428571428572,99.5,79
2024-10-11,0.693,0.576,342,200,223,120,119,80,327,234.42857142857144,160,128.14285714285714,208.5,149.42857142857142,60.5,64.14285714285714,118.5,85,99.5,64
2024-10-12,0.728,0.834,302,208,191,132,111,76,423,205.8571428571429,230,117.14285714285714,264,131.57142857142858,89,61.285714285714285,159,74.28571428571429,141,55.857142857142854
2024-10-13,0.795,0.892,58,33,42,23,16,10,NA,147.57142857142858,NA,84.28571428571429,NA,95.85714285714286,NA,48.57142857142857,NA,51.71428571428571,NA,35.714285714285715
2024-10-14,0.76,0.812,25,6,25,6,0,0,NA,120.42857142857142,NA,67,NA,84.42857142857142,NA,43,NA,36,NA,24
2024-10-15,0.828,0.815,31,13,28,12,3,1,NA,82.71428571428571,NA,40.42857142857142,NA,63.57142857142857,NA,27.857142857142858,NA,19.142857142857142,NA,12.571428571428571
2024-10-16,0.712,0.779,15,0,14,0,1,0,NA,44.285714285714285,NA,10.714285714285714,NA,41,NA,9,NA,3.285714285714286,NA,1.7142857142857142
2024-10-17,0.464,0.592,70,9,68,8,2,1,NA,46.714285714285715,NA,7.714285714285714,NA,45.285714285714285,NA,7.428571428571429,NA,1.4285714285714286,NA,0.2857142857142857
2024-10-18,0.455,0.639,78,14,77,14,1,0,216,74,43,13,205,71,43,12.714285714285714,11,3,0,0.2857142857142857
2024-10-19,0.555,0.786,33,0,33,0,0,0,245,108.71428571428572,65,23.571428571428573,218,100,59,21.71428571428571,27,8.714285714285714,6,1.857142857142857
2024-10-20,0.462,0.587,75,12,72,12,3,0,244.33333333333337,141.28571428571428,68.66666666666667,34.42857142857143,214.33333333333337,127.57142857142856,63.333333333333336,32,30,13.714285714285714,5.333333333333333,2.4285714285714284
2024-10-21,0.277,0.286,216,43,205,43,11,0,244.33333333333337,154.71428571428572,68.66666666666667,38.57142857142857,214.33333333333337,136.85714285714286,63.333333333333336,35.714285714285715,30,17.857142857142858,5.333333333333333,2.857142857142857
2024-10-22,0.273,0.197,274,87,231,75,43,12,244.33333333333337,156.71428571428572,68.66666666666667,41.85714285714286,214.33333333333337,133.28571428571428,63.333333333333336,36.42857142857143,30,23.428571428571427,5.333333333333333,5.428571428571429
2024-10-23,0.338,0.277,243,76,207,72,36,4,244.33333333333337,166.14285714285714,68.66666666666667,44.714285714285715,214.33333333333337,137.14285714285714,63.333333333333336,37.42857142857143,30,29,5.333333333333333,7.285714285714286
2024-10-24,0.493,0.525,164,38,133,34,31,4,244.33333333333337,168.42857142857142,68.66666666666667,46.285714285714285,214.33333333333337,136,63.333333333333336,38.142857142857146,30,32.42857142857143,5.333333333333333,8.142857142857142
2024-10-25,0.675,0.815,92,37,52,19,40,18,258.5,149.85714285714286,81.5,43.42857142857143,219,115.42857142857144,73.5,34,39.5,34.42857142857143,8,9.428571428571429
2024-10-26,0.526,0.525,99,20,60,7,39,13,243,140.57142857142858,76,42.285714285714285,207,102,72,31.428571428571427,36,38.57142857142857,4,10.857142857142858
2024-10-27,0.56,0.591,91,23,64,17,27,6,NA,114.57142857142856,NA,34.57142857142857,NA,76.14285714285714,NA,22,NA,38.42857142857143,NA,12.571428571428571
2024-10-28,0.702,0.722,86,23,61,14,25,9,NA,96.14285714285714,NA,32.285714285714285,NA,59.857142857142854,NA,19.285714285714285,NA,36.285714285714285,NA,13
2024-10-29,0.687,0.627,209,79,137,57,72,22,NA,97.14285714285714,NA,32.57142857142857,NA,63,NA,21.428571428571427,NA,34.142857142857146,NA,11.142857142857142
2024-10-30,0.754,0.672,61,22,26,6,35,16,NA,105.57142857142856,NA,37.142857142857146,NA,70.28571428571429,NA,25.714285714285715,NA,35.285714285714285,NA,11.428571428571429
2024-10-31,0.92,0.895,35,22,19,15,16,7,90,105.42857142857144,24,37.285714285714285,70,71.14285714285714,16,25.571428571428573,20,34.285714285714285,8,11.714285714285714
2024-11-01,0.723,0.788,99,39,74,34,25,5,90,99.71428571428572,24,34.857142857142854,70,68.42857142857143,16,24.142857142857142,20,31.285714285714285,8,10.714285714285714
2024-11-02,0.541,0.555,158,52,111,37,47,15,77,79,17,25,64,57.142857142857146,13,17.428571428571427,13,21.857142857142858,4,7.571428571428571
2024-11-03,0.45,0.453,90,24,70,16,20,8,77,78.85714285714286,17,23.285714285714285,64,61.285714285714285,13,18,13,17.571428571428573,4,5.285714285714286
2024-11-04,0.696,0.77,46,6,42,4,4,2,79.66666666666667,86,14.333333333333334,21.428571428571427,64.33333333333333,67.85714285714286,11.333333333333334,17,15.333333333333334,18.142857142857142,3,4.428571428571429
2024-11-05,0.385,0.441,64,10,58,10,6,0,79.66666666666667,76.28571428571429,14.333333333333334,17.428571428571427,64.33333333333333,60.857142857142854,11.333333333333334,13.714285714285714,15.333333333333334,15.428571428571429,3,3.714285714285714
2024-11-06,0.502,0.681,60,10,55,10,5,0,79.66666666666667,54.857142857142854,14.333333333333334,10,64.33333333333333,45.42857142857143,11.333333333333334,8.428571428571429,15.333333333333334,9.428571428571429,3,1.5714285714285716
2024-11-07,0.481,0.486,85,9,65,8,20,1,74.5,42.57142857142857,9.5,6.571428571428571,61.5,36,9,6.142857142857143,13,6.571428571428571,0.5,0.42857142857142855
2024-11-08,0.764,0.745,31,11,25,11,6,0,74.5,36.714285714285715,9.5,5.714285714285714,61.5,30.714285714285715,9,5.571428571428571,13,6,0.5,0.14285714285714288
2024-11-09,0.76,0.759,8,0,3,0,5,0,85,27.571428571428573,9,4.285714285714286,65,22.428571428571427,8,4.142857142857143,20,5.142857142857143,1,0.14285714285714288
2024-11-10,0.693,0.812,4,0,4,0,0,0,85,19,9,2.8571428571428568,65,14.571428571428571,8,2.714285714285714,20,4.428571428571429,1,0.14285714285714288
2024-11-11,0.841,0.931,5,0,5,0,0,0,NA,7,NA,1.5714285714285716,NA,5.428571428571428,NA,1.5714285714285716,NA,1.5714285714285716,NA,0
2024-11-12,0.859,0.802,0,0,0,0,0,0,NA,4.571428571428571,NA,0,NA,2.2857142857142856,NA,0,NA,2.285714285714286,NA,0
2024-11-13,0.937,0.948,0,0,0,0,0,0,NA,7.142857142857143,NA,0,NA,3,NA,0,NA,4.142857142857143,NA,0
2024-11-14,0.898,0.911,1,0,1,0,0,0,94,20,18,2.5714285714285716,53,10,12,1.7142857142857144,41,10,6,0.8571428571428572
2024-11-15,0.893,0.91,14,0,3,0,11,0,94,25.428571428571427,18,4.285714285714286,53,14.142857142857144,12,2.285714285714286,41,11.285714285714286,6,2
2024-11-16,0.6,0.587,26,0,8,0,18,0,105,42,33,11.142857142857144,63.5,24.714285714285715,20,6.2857142857142865,41.5,17.285714285714285,13,4.857142857142857
2024-11-17,0.442,0.471,94,18,53,12,41,6,105,43.42857142857143,33,11.285714285714286,63.5,25.428571428571427,20,6.285714285714286,41.5,18,13,5
2024-11-18,0.671,0.652,43,12,34,4,9,8,105,44.42857142857143,33,11.857142857142856,63.5,26.428571428571427,20,6.857142857142857,41.5,18,13,5
2024-11-19,0.585,0.487,116,48,74,28,42,20,105,43.714285714285715,33,12.428571428571429,63.5,27.285714285714285,20,7.428571428571428,41.5,16.428571428571427,13,5
2024-11-20,0.898,0.882,10,1,5,0,5,1,105,40.142857142857146,33,12.428571428571429,63.5,26.285714285714285,20,7.428571428571428,41.5,13.857142857142858,13,5
2024-11-21,0.851,0.92,8,4,8,4,0,0,116,28.71428571428571,48,10.571428571428571,74,20.571428571428573,28,6.428571428571428,42,8.142857142857144,20,4.142857142857143
2024-11-22,0.867,0.823,9,4,9,4,0,0,116,26.571428571428573,48,9.857142857142856,74,19.714285714285715,28,6.857142857142857,42,6.857142857142858,20,3
2024-11-23,0.884,0.957,1,0,1,0,0,0,NA,11.571428571428571,NA,3.5714285714285716,NA,10.714285714285714,NA,3.4285714285714284,NA,0.8571428571428571,NA,0.14285714285714288
2024-11-24,0.562,0.582,14,5,13,5,1,0,NA,10.142857142857142,NA,3.4285714285714284,NA,10,NA,3.4285714285714284,NA,0.14285714285714288,NA,0
2024-11-25,0.569,0.651,28,7,28,7,0,0,NA,9.857142857142858,NA,2.857142857142857,NA,9.714285714285714,NA,2.857142857142857,NA,0.14285714285714288,NA,0
2024-11-26,0.717,0.861,11,4,11,4,0,0,NA,8.857142857142858,NA,2.2857142857142856,NA,8.428571428571429,NA,2.2857142857142856,NA,0.42857142857142855,NA,0
2024-11-27,0.93,0.937,0,0,0,0,0,0,NA,9.142857142857142,NA,2.2857142857142856,NA,8.428571428571427,NA,2.2857142857142856,NA,0.7142857142857142,NA,0
2024-11-28,0.853,0.865,6,0,6,0,0,0,NA,7.142857142857143,NA,1.5714285714285716,NA,6.571428571428572,NA,1.5714285714285716,NA,0.5714285714285714,NA,0
2024-11-29,0.928,0.924,2,0,0,0,2,0,NA,3.2857142857142856,NA,0.5714285714285715,NA,2.5714285714285716,NA,0.5714285714285715,NA,0.7142857142857143,NA,0
2024-11-30,0.926,0.948,3,0,1,0,2,0,NA,1.7142857142857142,NA,0,NA,1,NA,0,NA,0.7142857142857143,NA,0
2024-12-01,0.887,0.943,0,0,0,0,0,0,NA,1.7142857142857142,NA,0,NA,1,NA,0,NA,0.7142857142857142,NA,0
2024-12-02,0.882,0.949,1,0,0,0,1,0,NA,1,NA,0,NA,0.14285714285714288,NA,0,NA,0.8571428571428571,NA,0
2024-12-03,0.921,0.958,0,0,0,0,0,0,NA,0.7142857142857142,NA,0,NA,0.14285714285714288,NA,0,NA,0.5714285714285714,NA,0
2024-12-04,0.979,0.977,0,0,0,0,0,0,NA,0.2857142857142857,NA,0,NA,0,NA,0,NA,0.2857142857142857,NA,0
2024-12-05,0.974,0.983,1,0,0,0,1,0,NA,0.2857142857142857,NA,0,NA,0,NA,0,NA,0.2857142857142857,NA,0
2024-12-06,0.943,0.962,0,0,0,0,0,0,NA,0.14285714285714288,NA,0,NA,0,NA,0,NA,0.14285714285714288,NA,0
2024-12-07,0.978,0.976,0,0,0,0,0,0,NA,0.14285714285714288,NA,0,NA,0,NA,0,NA,0.14285714285714288,NA,0
2024-12-08,0.954,0.97,0,0,0,0,0,0,NA,0.14285714285714288,NA,0,NA,0,NA,0,NA,0.14285714285714288,NA,0
2024-12-09,0.963,0.951,0,0,0,0,0,0,NA,0.14285714285714288,NA,0,NA,0.14285714285714288,NA,0,NA,0,NA,0
2024-12-10,0.969,0.964,0,0,0,0,0,0,NA,1,NA,0,NA,0.5714285714285715,NA,0,NA,0.4285714285714286,NA,0
2024-12-11,0.966,0.979,0,0,0,0,0,0,19,3.714285714285714,0,0,16,2.8571428571428568,0,0,3,0.8571428571428571,0,0
2024-12-12,0.918,0.932,1,0,1,0,0,0,19,3.857142857142857,0,0,16,2.857142857142857,0,0,3,1,0,0
2024-12-13,0.468,0.583,6,0,3,0,3,0,19,7.428571428571428,0,1.2857142857142858,16,6.428571428571428,0,1.2857142857142858,3,1,0,0
2024-12-14,0.534,0.46,19,0,16,0,3,0,19,11,0,2.8571428571428568,16,9.714285714285714,0,2.8571428571428568,3,1.2857142857142858,0,0
2024-12-15,0.926,0.947,1,0,0,0,1,0,19,17.285714285714285,0,4.857142857142857,16,13.714285714285714,0,4.428571428571429,3,3.5714285714285716,0,0.4285714285714286
2024-12-16,0.839,0.818,25,9,25,9,0,0,19,18.571428571428573,0,5.857142857142857,16,14.285714285714285,0,4.714285714285714,3,4.285714285714286,0,1.142857142857143
2024-12-17,0.824,0.839,25,11,23,11,2,0,19,21.714285714285715,0,7.428571428571429,16,15.285714285714286,0,5.285714285714286,3,6.428571428571429,0,2.1428571428571432
2024-12-18,0.631,0.571,44,14,28,11,16,3,NA,20,NA,7.857142857142857,NA,13.142857142857142,NA,5.285714285714286,NA,6.857142857142857,NA,2.5714285714285716
2024-12-19,0.752,0.756,10,7,5,2,5,5,NA,19.857142857142858,NA,7.857142857142857,NA,13.142857142857142,NA,5.285714285714286,NA,6.714285714285714,NA,2.5714285714285716
2024-12-20,0.768,0.691,28,11,10,4,18,7,NA,16.428571428571427,NA,6.571428571428571,NA,9.571428571428571,NA,4,NA,6.857142857142857,NA,2.5714285714285716
2024-12-21,0.885,0.955,7,3,1,0,6,3,NA,13.714285714285714,NA,5,NA,6.2857142857142865,NA,2.4285714285714284,NA,7.428571428571429,NA,2.5714285714285716
2024-12-22,0.842,0.969,0,0,0,0,0,0,NA,7.7142857142857135,NA,3,NA,2.2857142857142856,NA,0.8571428571428571,NA,5.428571428571429,NA,2.1428571428571432
2024-12-23,0.927,0.933,1,0,0,0,1,0,NA,6.428571428571428,NA,2,NA,1.7142857142857142,NA,0.5714285714285715,NA,4.7142857142857135,NA,1.4285714285714284
2024-12-24,0.891,0.856,6,0,0,0,6,0,NA,2.4285714285714284,NA,0.4285714285714286,NA,0.2857142857142857,NA,0,NA,2.142857142857143,NA,0.4285714285714286
2024-12-25,0.928,0.969,2,0,0,0,2,0,NA,1.4285714285714286,NA,0,NA,0.14285714285714288,NA,0,NA,1.2857142857142858,NA,0
2024-12-26,0.92,0.967,1,0,1,0,0,0,NA,1.4285714285714284,NA,0,NA,0.14285714285714288,NA,0,NA,1.2857142857142858,NA,0
2024-12-27,0.954,0.982,0,0,0,0,0,0,NA,1.2857142857142858,NA,0,NA,0.14285714285714288,NA,0,NA,1.142857142857143,NA,0
2024-12-28,0.961,0.992,0,0,0,0,0,0,NA,3.857142857142857,NA,0,NA,2.4285714285714284,NA,0,NA,1.4285714285714284,NA,0
2024-12-29,0.964,0.975,0,0,0,0,0,0,NA,6.428571428571428,NA,0,NA,4.857142857142857,NA,0,NA,1.5714285714285714,NA,0
2024-12-30,0.885,0.936,0,0,0,0,0,0,71,16.428571428571427,32,4.571428571428572,54,12.428571428571429,18,2.5714285714285716,17,4,14,2
2024-12-31,0.736,0.788,24,0,16,0,8,0,71,18.428571428571427,32,4.857142857142857,54,14.428571428571429,18,2.857142857142857,17,4,14,2
2025-01-01,0.478,0.548,20,0,17,0,3,0,71,22.857142857142858,32,8,54,15.285714285714286,18,3.285714285714286,17,7.571428571428572,14,4.7142857142857135
2025-01-02,0.38,0.284,71,32,54,18,17,14,55.5,28.571428571428573,23.5,10.142857142857142,39.5,18.857142857142858,12.5,4.285714285714286,16,9.714285714285715,11,5.857142857142857
2025-01-03,0.816,0.842,14,2,14,2,0,0,55.5,29.285714285714285,23.5,10.714285714285714,39.5,19.428571428571427,12.5,4.857142857142857,16,9.857142857142858,11,5.857142857142857
2025-01-04,0.625,0.647,31,22,6,3,25,19,55.5,26.285714285714285,23.5,10.714285714285714,39.5,17.571428571428573,12.5,4.857142857142857,16,8.714285714285714,11,5.857142857142857
2025-01-05,0.465,0.394,40,15,25,7,15,8,55.5,24.571428571428573,23.5,11.142857142857142,39.5,16,12.5,5.142857142857143,16,8.571428571428571,11,6
2025-01-06,0.819,0.809,5,4,4,4,1,0,40,17.42857142857143,15,7.857142857142857,25,10.285714285714286,7,3.2857142857142856,15,7.142857142857143,8,4.571428571428571
2025-01-07,0.803,0.809,3,0,3,0,0,0,40,17.428571428571427,15,8.714285714285714,25,9,7,3.7142857142857144,15,8.428571428571429,8,5
2025-01-08,0.819,0.832,8,3,6,2,2,1,40,16.285714285714285,15,7.428571428571429,25,10.571428571428571,7,4.428571428571429,15,5.714285714285714,8,3
2025-01-09,0.638,0.565,21,9,14,5,7,4,NA,15.285714285714286,NA,7.7142857142857135,NA,11.428571428571429,NA,5.857142857142857,NA,3.857142857142857,NA,1.8571428571428572
2025-01-10,0.82,0.768,14,8,5,5,9,3,NA,16.285714285714285,NA,8,NA,11.571428571428571,NA,5.857142857142857,NA,4.714285714285714,NA,2.142857142857143
2025-01-11,0.762,0.82,23,13,17,8,6,5,NA,17.714285714285715,NA,9.285714285714286,NA,12.428571428571429,NA,6.714285714285714,NA,5.285714285714286,NA,2.5714285714285716
2025-01-12,0.778,0.768,33,17,31,17,2,0,NA,18.142857142857142,NA,9.714285714285714,NA,12.857142857142858,NA,7.285714285714286,NA,5.285714285714286,NA,2.428571428571429
2025-01-13,0.726,0.728,12,6,5,4,7,2,NA,16.571428571428573,NA,8.428571428571429,NA,10.857142857142858,NA,6.571428571428571,NA,5.714285714285714,NA,1.8571428571428572
2025-01-14,0.647,0.681,13,9,9,6,4,3,NA,14.857142857142858,NA,7.2857142857142865,NA,10.428571428571429,NA,5.857142857142857,NA,4.428571428571429,NA,1.4285714285714284
2025-01-15,0.719,0.635,11,6,9,6,2,0,NA,13.571428571428571,NA,5.428571428571429,NA,10,NA,4.7142857142857135,NA,3.5714285714285716,NA,0.7142857142857142
2025-01-16,0.821,0.813,10,0,0,0,10,0,NA,11.857142857142858,NA,3.5714285714285716,NA,8.571428571428571,NA,2.857142857142857,NA,3.2857142857142856,NA,0.7142857142857142
2025-01-17,0.922,0.983,2,0,2,0,0,0,22,13.285714285714286,6,3.5714285714285716,16,10.142857142857142,6,3.142857142857143,6,3.142857142857143,0,0.4285714285714286
2025-01-18,0.832,0.941,14,0,14,0,0,0,22,13,6,2.7142857142857144,16,9,6,2.2857142857142856,6,4,0,0.4285714285714286
2025-01-19,0.606,0.656,21,4,21,4,0,0,22,11.857142857142858,6,2.142857142857143,16,7.714285714285714,6,1.4285714285714286,6,4.142857142857143,0,0.7142857142857142
2025-01-20,0.451,0.468,22,6,16,6,6,0,22,10.428571428571429,6,2.142857142857143,16,7.7142857142857135,6,1.4285714285714284,6,2.7142857142857144,0,0.7142857142857143
2025-01-21,0.855,0.802,11,3,1,0,10,3,22,10.142857142857142,6,2.142857142857143,16,7.428571428571429,6,1.4285714285714284,6,2.7142857142857144,0,0.7142857142857143
2025-01-22,0.974,0.976,3,2,0,0,3,2,22,8.857142857142858,6,2.142857142857143,16,6.142857142857143,6,1.4285714285714284,6,2.7142857142857144,0,0.7142857142857142
2025-01-23,0.893,0.956,0,0,0,0,0,0,22,6.2857142857142865,6,1.5714285714285716,16,3.1428571428571432,6,0.8571428571428572,6,3.1428571428571432,0,0.7142857142857142
2025-01-24,0.926,0.942,0,0,0,0,0,0,NA,9.142857142857144,NA,4.142857142857143,NA,6.2857142857142865,NA,3.428571428571429,NA,2.8571428571428568,NA,0.7142857142857142
2025-01-25,0.894,0.894,5,0,5,0,0,0,NA,11,NA,4,NA,9,NA,3.571428571428571,NA,2,NA,0.42857142857142855
2025-01-26,0.866,0.848,3,0,0,0,3,0,NA,18.428571428571427,NA,7.428571428571428,NA,14.142857142857142,NA,5,NA,4.2857142857142865,NA,2.4285714285714284
2025-01-27,0.802,0.873,42,24,38,24,4,0,NA,23.714285714285715,NA,10.428571428571429,NA,18.714285714285715,NA,7.857142857142857,NA,5,NA,2.5714285714285716
2025-01-28,0.84,0.865,24,2,20,1,4,1,NA,25.285714285714285,NA,10.714285714285714,NA,19.142857142857142,NA,7.857142857142857,NA,6.142857142857143,NA,2.857142857142857
2025-01-29,0.73,0.783,55,26,36,10,19,16,NA,26.428571428571427,NA,10.857142857142858,NA,20.142857142857142,NA,8,NA,6.285714285714286,NA,2.857142857142857
2025-01-30,0.718,0.805,37,21,32,20,5,1,NA,27.285714285714285,NA,11.428571428571429,NA,21.428571428571427,NA,8.571428571428571,NA,5.857142857142857,NA,2.8571428571428568
2025-01-31,0.888,0.903,11,2,3,0,8,2,NA,21.714285714285715,NA,8,NA,16.285714285714285,NA,5.142857142857143,NA,5.428571428571429,NA,2.8571428571428568
2025-02-01,0.858,0.92,13,1,12,1,1,0,NA,18.857142857142858,NA,7.7142857142857135,NA,13.428571428571429,NA,5,NA,5.428571428571429,NA,2.714285714285714
2025-02-02,0.763,0.723,9,4,9,4,0,0,NA,13,NA,4.7142857142857135,NA,9.857142857142858,NA,4,NA,3.1428571428571432,NA,0.7142857142857142
2025-02-03,0.828,0.878,3,0,2,0,1,0,NA,8.714285714285714,NA,1.8571428571428572,NA,6.142857142857143,NA,1.2857142857142858,NA,2.5714285714285716,NA,0.5714285714285714
2025-02-04,0.698,0.679,4,0,0,0,4,0,NA,9,NA,1.7142857142857142,NA,7.571428571428571,NA,1.4285714285714286,NA,1.4285714285714286,NA,0.28571428571428575
2025-02-05,0.733,0.747,14,5,11,3,3,2,NA,19.71428571428571,NA,5.857142857142857,NA,16.142857142857146,NA,4.7142857142857135,NA,3.5714285714285716,NA,1.142857142857143
2025-02-06,0.815,0.866,7,1,6,1,1,0,NA,40.42857142857142,NA,11.857142857142856,NA,33.857142857142854,NA,8.571428571428573,NA,6.571428571428572,NA,3.285714285714286
2025-02-07,0.838,0.947,13,1,13,1,0,0,NA,48.57142857142857,NA,14,NA,41.57142857142857,NA,10.571428571428571,NA,7,NA,3.4285714285714284
2025-02-08,0.69,0.655,88,30,72,24,16,6,NA,58.142857142857146,NA,16.142857142857142,NA,50.285714285714285,NA,12.714285714285714,NA,7.857142857142857,NA,3.4285714285714284
2025-02-09,0.496,0.577,154,46,133,31,21,15,135,75.42857142857143,17,17.857142857142858,114,65,16,14.571428571428571,21,10.428571428571429,1,3.285714285714286
2025-02-10,0.614,0.714,60,15,56,14,4,1,165.5,102.42857142857144,35,25.285714285714285,137.5,87.14285714285714,26.5,19.714285714285715,28,15.285714285714286,8.5,5.571428571428571
2025-02-11,0.538,0.527,71,15,61,15,10,0,165.5,113,35,27.428571428571427,137.5,92.28571428571428,26.5,20.285714285714285,28,20.714285714285715,8.5,7.142857142857143
2025-02-12,0.466,0.487,135,17,114,16,21,1,165.5,100.42857142857144,35,23.142857142857142,137.5,82,26.5,16.857142857142858,28,18.428571428571427,8.5,6.285714285714286
2025-02-13,0.416,0.408,196,53,161,37,35,16,165.5,79.28571428571429,35,16.714285714285715,137.5,63.57142857142857,26.5,12.571428571428571,28,15.714285714285714,8.5,4.142857142857143
2025-02-14,0.792,0.719,87,16,49,5,38,11,165.5,74.42857142857143,35,15.857142857142858,137.5,58.28571428571429,26.5,11.857142857142858,28,16.142857142857142,8.5,4
2025-02-15,0.818,0.898,0,0,0,0,0,0,131,73.14285714285714,29.333333333333332,16.285714285714285,110.66666666666669,57.71428571428571,23.666666666666668,12.285714285714286,20.333333333333332,15.428571428571429,5.666666666666666,4
2025-02-16,0.679,0.702,6,1,4,1,2,0,93,56.857142857142854,24.666666666666668,14.285714285714286,77,43.28571428571429,18.666666666666668,10.142857142857142,16,13.571428571428571,6,4.142857142857143
2025-02-17,0.485,0.518,26,9,19,9,7,0,41.5,32.57142857142857,10.5,6.714285714285714,35,21.857142857142858,9.5,4.857142857142857,6.5,10.714285714285714,1,1.857142857142857
2025-02-18,0.377,0.327,62,18,57,18,5,0,63,35.285714285714285,15,7.857142857142857,54.333333333333336,28.142857142857142,14,7.428571428571429,8.666666666666666,7.142857142857143,1,0.42857142857142855
2025-02-19,0.447,0.395,21,3,13,1,8,2,91.25,60.42857142857142,23.75,15,82.25,51.857142857142854,22,14,9,8.571428571428571,1.75,1
2025-02-20,0.49,0.507,26,0,11,0,15,0,179.4,135.57142857142858,70.8,51.857142857142854,168.4,124.57142857142858,68,49.857142857142854,11,11,2.8,2
2025-02-21,0.42,0.498,106,24,93,23,13,1,199,174.28571428571428,73,62.57142857142858,185.16666666666669,160.28571428571428,67.83333333333334,58.142857142857146,13.833333333333334,14,5.166666666666666,4.428571428571429
2025-02-22,0.365,0.332,176,50,166,46,10,4,271.6666666666667,236.57142857142856,98.5,84.42857142857143,246.33333333333337,212.71428571428572,84.66666666666667,72.57142857142857,25.333333333333336,23.857142857142858,13.833333333333332,11.857142857142856
2025-02-23,0.256,0.375,532,259,513,252,19,7,372.1666666666667,322.7142857142857,142.5,122.14285714285714,339.6666666666667,292.7142857142857,122,104.57142857142856,32.5,30,20.5,17.571428571428573
2025-02-24,0.296,0.361,297,84,269,67,28,17,412,412,166.85714285714286,166.85714285714286,373,373,141.14285714285714,141.14285714285714,39,39,25.714285714285715,25.714285714285715
2025-02-25,0.298,0.331,498,171,424,119,74,52,430.1428571428572,430.1428571428572,183.57142857142856,183.57142857142856,374.57142857142856,374.57142857142856,143.28571428571428,143.28571428571428,55.57142857142857,55.57142857142857,40.285714285714285,40.285714285714285
2025-02-26,0.379,0.344,624,267,573,225,51,42,472.5,418.7142857142857,205.83333333333337,180.71428571428572,409.3333333333333,357.42857142857144,159.5,138.57142857142858,63.16666666666667,61.285714285714285,46.333333333333336,42.142857142857146
2025-02-27,0.405,0.214,651,313,573,256,78,57,460.6,342.7142857142857,195.2,143.71428571428572,388.6,284.14285714285717,141,102.57142857142856,72,58.57142857142857,54.2,41.142857142857146
2025-02-28,0.535,0.287,233,141,104,38,129,103,501.5,308.7142857142857,223,132,418.5,249.28571428571428,159.5,93,83,59.42857142857143,63.5,39
2025-03-01,0.757,0.686,96,30,46,13,50,17,502.6666666666667,244.42857142857144,240.33333333333337,109.42857142857142,416.6666666666667,195.57142857142856,173,77.85714285714286,86,48.857142857142854,67.33333333333333,31.571428571428573
2025-03-02,0.928,0.935,0,0,0,0,0,0,442,191.28571428571428,227,87.71428571428571,338.5,145.28571428571428,147,60.142857142857146,103.5,46,80,27.571428571428573
2025-03-03,0.818,0.807,59,2,25,0,34,2,1394.5,463.4285714285714,835,261.4285714285714,1282.5,415,770,238.1428571428571,112,48.42857142857143,65,23.28571428571429
2025-03-04,0.711,0.781,48,13,48,13,0,0,2608,810.1428571428572,1474.5,444.1428571428572,2423.5,741,1405,419.5714285714286,184.5,69.14285714285714,69.5,24.571428571428573
2025-03-05,0.661,0.771,252,115,221,101,31,14,2541.3333333333335,1140.428571428571,1398.3333333333333,617.8571428571429,2354,1050.857142857143,1324,583.7142857142857,187.33333333333337,89.57142857142857,74.33333333333333,34.142857142857146
2025-03-06,0.338,0.455,2556,1529,2461,1502,95,27,2541.3333333333335,1460,1398.3333333333333,777.5714285714286,2354,1349.428571428571,1324,735.8571428571429,187.33333333333337,110.57142857142856,74.33333333333333,41.714285714285715
2025-03-07,0.297,0.16,2660,1420,2386,1308,274,112,2541.3333333333335,1643.7142857142858,1398.3333333333333,888.7142857142857,2354,1530.2857142857142,1324,844.8571428571429,187.33333333333337,113.42857142857144,74.33333333333333,43.857142857142854
2025-03-08,0.383,0.351,2408,1246,2215,1162,193,84,2541.3333333333335,1751.2857142857142,1398.3333333333333,936.7142857142856,2354,1628.571428571429,1324,890.2857142857143,187.33333333333337,122.71428571428572,74.33333333333333,46.42857142857143
2025-03-09,0.598,0.504,2237,1118,2090,1065,147,53,2541.3333333333335,1757.7142857142858,1398.3333333333333,936.5714285714286,2354,1630,1324,887.7142857142857,187.33333333333337,127.71428571428572,74.33333333333333,48.857142857142854
2025-03-10,0.767,0.785,1345,780,1291,763,54,17,2534,1413.2857142857142,1333,724.5714285714286,2300.5,1290.857142857143,1235,676.8571428571429,233.5,122.42857142857142,98,47.71428571428571
2025-03-11,0.806,0.82,801,349,736,331,65,18,2408,1143.428571428571,1246,572.7142857142857,2215,1015,1162,518.7142857142857,193,128.42857142857142,84,54
2025-03-12,0.765,0.774,297,114,231,83,66,31,NA,818,NA,402.8571428571428,NA,709.4285714285713,NA,357.57142857142856,NA,108.57142857142856,NA,45.285714285714285
2025-03-13,0.823,0.845,145,45,87,26,58,19,NA,511.57142857142856,NA,250,NA,423,NA,212.14285714285717,NA,88.57142857142857,NA,37.857142857142854
2025-03-14,0.739,0.679,771,357,455,201,316,156,NA,329.85714285714283,NA,145.42857142857142,NA,243.28571428571428,NA,105.28571428571428,NA,86.57142857142857,NA,40.142857142857146
2025-03-15,0.922,0.885,130,57,76,34,54,23,NA,252.1428571428571,NA,114,NA,171.85714285714286,NA,75.14285714285714,NA,80.28571428571429,NA,38.857142857142854
2025-03-16,0.801,0.875,92,48,85,47,7,1,NA,234.14285714285717,NA,105.57142857142858,NA,152.14285714285714,NA,65.57142857142857,NA,82,NA,40
2025-03-17,0.837,0.909,73,48,33,15,40,33,682,310.85714285714283,219,130.42857142857142,628,229.42857142857144,197,90,54,81.42857142857142,22,40.42857142857143
2025-03-18,0.577,0.709,257,129,236,120,21,9,1024,395.8571428571428,356,149.85714285714283,967.5,351.14285714285717,336.5,129.28571428571428,56.5,44.714285714285715,19.5,20.571428571428573
2025-03-19,0.46,0.531,171,55,93,16,78,39,1205.6666666666667,601.4285714285714,453,234.14285714285717,1139,552,425.3333333333333,210.57142857142856,66.66666666666667,49.42857142857143,27.666666666666668,23.571428571428573
2025-03-20,0.214,0.318,682,219,628,197,54,22,1205.6666666666667,647.8571428571429,453,250.57142857142856,1139,589.7142857142857,425.3333333333333,224.57142857142856,66.66666666666667,58.142857142857146,27.666666666666668,26
2025-03-21,0.195,0.221,1366,493,1307,476,59,17,1205.6666666666667,661.8571428571429,453,250.1428571428571,1139,595.8571428571429,425.3333333333333,225.42857142857144,66.66666666666667,66,27.666666666666668,24.714285714285715
2025-03-22,0.508,0.496,1569,647,1482,603,87,44,1205.6666666666667,630.4285714285714,453,232.8571428571429,1139,564.7142857142857,425.3333333333333,209,66.66666666666667,65.71428571428571,27.666666666666668,23.857142857142858
2025-03-23,0.794,0.764,417,163,349,145,68,18,1205.6666666666667,641,453,232.71428571428572,1139,577.7142857142857,425.3333333333333,212.57142857142856,66.66666666666667,63.285714285714285,27.666666666666668,20.142857142857142
2025-03-24,0.888,0.837,171,45,76,21,95,24,1467.5,578.1428571428571,570,210.71428571428572,1394.5,519.1428571428571,539.5,193.14285714285717,73,59,30.5,17.571428571428573
2025-03-25,0.874,0.924,37,8,18,5,19,3,1569,425.5714285714286,647,156,1482,372.28571428571433,603,140.57142857142858,87,53.285714285714285,44,15.428571428571429
2025-03-26,0.705,0.748,245,54,184,41,61,13,NA,262.85714285714283,NA,82.28571428571429,NA,219,NA,72.28571428571429,NA,43.857142857142854,NA,10
2025-03-27,0.802,0.82,242,65,218,61,24,4,NA,236.42857142857144,NA,70.14285714285714,NA,201.8571428571429,NA,62.714285714285715,NA,34.57142857142857,NA,7.428571428571428
2025-03-28,0.617,0.617,298,110,279,108,19,2,NA,218.28571428571428,NA,68.57142857142857,NA,197.28571428571428,NA,64.57142857142857,NA,21,NA,4
2025-03-29,0.65,0.671,430,131,409,125,21,6,NA,220,NA,69.28571428571429,NA,198.8571428571429,NA,64.28571428571429,NA,21.142857142857142,NA,5
2025-03-30,0.837,0.908,232,78,229,78,3,0,NA,187.28571428571428,NA,61.714285714285715,NA,173.14285714285714,NA,58.42857142857143,NA,14.142857142857142,NA,3.2857142857142856
2025-03-31,0.944,0.97,44,34,44,34,0,0,NA,171.71428571428572,NA,60.28571428571429,NA,157,NA,55.857142857142854,NA,14.714285714285714,NA,4.428571428571429
2025-04-01,0.856,0.83,49,13,29,3,20,10,NA,188.8571428571429,NA,66,NA,166.28571428571428,NA,58.857142857142854,NA,22.571428571428573,NA,7.142857142857143
2025-04-02,0.862,0.882,16,1,4,0,12,1,NA,140.57142857142858,NA,50.285714285714285,NA,119.28571428571428,NA,43.57142857142857,NA,21.285714285714285,NA,6.714285714285714
2025-04-03,0.626,0.71,133,55,105,43,28,12,NA,109.71428571428572,NA,39.142857142857146,NA,88.57142857142857,NA,32.42857142857143,NA,21.142857142857142,NA,6.714285714285714
2025-04-04,0.452,0.5,418,150,344,129,74,21,NA,106.14285714285715,NA,34.285714285714285,NA,84.85714285714285,NA,27.571428571428573,NA,21.285714285714285,NA,6.714285714285714
2025-04-05,0.864,0.865,92,21,80,18,12,3,NA,108.71428571428572,NA,35.857142857142854,NA,84.71428571428571,NA,28,NA,24,NA,7.857142857142857
2025-04-06,0.905,0.917,16,0,14,0,2,0,NA,119.42857142857142,NA,37.857142857142854,NA,94.28571428571428,NA,28.571428571428573,NA,25.142857142857142,NA,9.285714285714286
2025-04-07,0.875,0.909,19,0,18,0,1,0,NA,106.71428571428572,NA,31.71428571428571,NA,83.57142857142858,NA,23.142857142857142,NA,23.142857142857142,NA,8.571428571428571
2025-04-08,0.669,0.646,67,24,28,6,39,18,NA,55.142857142857146,NA,12,NA,40,NA,4.714285714285714,NA,15.142857142857142,NA,7.285714285714286
2025-04-09,0.645,0.589,91,15,71,4,20,11,NA,53.285714285714285,NA,10.857142857142858,NA,37.285714285714285,NA,3.7142857142857144,NA,16,NA,7.142857142857143
2025-04-10,0.786,0.795,44,12,30,5,14,7,NA,104.71428571428572,NA,22.857142857142858,NA,82,NA,13,NA,22.714285714285715,NA,9.857142857142858
2025-04-11,0.838,0.846,57,12,39,0,18,12,504,174,187,49.57142857142858,444,142.85714285714283,163,36.28571428571429,60,31.142857142857142,24,13.285714285714286
2025-04-12,0.692,0.719,79,13,61,11,18,2,475,228.1428571428571,164.5,66.42857142857143,379.5,183.8571428571429,133.5,50.285714285714285,95.5,44.28571428571429,31,16.142857142857142
2025-04-13,0.464,0.56,376,84,327,65,49,19,475,271,164.5,89.28571428571429,379.5,207.42857142857144,133.5,61.42857142857143,95.5,63.57142857142858,31,27.857142857142858
2025-04-14,0.464,0.253,504,187,444,163,60,24,516.3333333333334,350.2857142857143,192,122.85714285714286,388,261,137,81.28571428571428,128.33333333333334,89.28571428571429,55,41.57142857142857
2025-04-15,0.597,0.423,446,142,315,104,131,38,682.75,511,322.25,223,499,374.2857142857143,218.75,147.57142857142858,183.75,136.71428571428572,103.5,75.42857142857142
2025-04-16,0.678,0.731,391,175,236,82,155,93,761.8,653.7142857142857,393.4,318,542.6,468,260,206.71428571428572,219.2,185.71428571428572,133.4,111.28571428571428
2025-04-17,0.354,0.36,599,247,405,144,194,103,797.5,739.4285714285714,451,411.57142857142856,536.3333333333334,493.42857142857144,272.5,245.28571428571428,261.1666666666667,246,178.5,166.28571428571428
2025-04-18,0.238,0.16,1182,713,832,464,350,249,888.5,817.4285714285714,530.5,479.7142857142857,571,523.1428571428571,299.8333333333333,268.7142857142857,317.5,294.2857142857143,230.66666666666663,211
2025-04-19,0.336,0.138,1078,678,717,425,361,253,927.3333333333334,850.7142857142857,564.6666666666666,509,613,559.1428571428571,327.1666666666667,292.14285714285717,314.3333333333333,291.57142857142856,237.5,216.8571428571429
2025-04-20,0.172,0.123,976,739,505,335,471,404,901.4285714285714,901.4285714285714,541.1428571428571,541.1428571428571,612.5714285714286,612.5714285714286,326.14285714285717,326.14285714285717,288.85714285714283,288.85714285714283,215,215
2025-04-21,0.294,0.314,1050,664,652,327,398,337,909.4285714285714,909.4285714285714,568.4285714285714,568.4285714285714,638.2857142857143,638.2857142857143,362.1428571428572,362.1428571428572,271.14285714285717,271.14285714285717,206.28571428571428,206.28571428571428
2025-04-22,0.262,0.226,679,347,567,268,112,79,802.8571428571429,802.8571428571429,505.8571428571429,505.8571428571429,570.1428571428571,570.1428571428571,327.57142857142856,327.57142857142856,232.71428571428572,232.71428571428572,178.28571428571428,178.28571428571428
2025-04-23,0.33,0.252,746,400,610,320,136,80,757,671.4285714285714,477.1666666666667,422.1428571428572,545.6666666666666,484.42857142857144,311.3333333333333,276.57142857142856,211.33333333333331,187,165.83333333333334,145.57142857142858
2025-04-24,0.409,0.333,655,438,585,396,70,42,655.8333333333334,584.7142857142857,385.5,343.57142857142856,514.6666666666666,457.8571428571428,283,252.28571428571428,141.16666666666669,126.85714285714285,102.5,91.28571428571428
2025-04-25,0.557,0.473,436,275,355,222,81,53,567.3333333333334,508.8571428571429,312.6666666666667,281.14285714285717,477.3333333333333,425.8571428571428,261.1666666666667,233.57142857142856,90,83,51.5,47.57142857142857
2025-04-26,0.544,0.598,158,92,117,68,41,24,547.6666666666666,492,297.6666666666667,268.2857142857143,447.1666666666667,400,245.16666666666663,219.8571428571429,100.5,92,52.5,48.42857142857143
2025-04-27,0.25,0.3,369,189,319,165,50,24,480,434,253.33333333333337,230.28571428571428,391.1666666666667,352,210.66666666666663,190.28571428571428,88.83333333333333,82,42.666666666666664,40
2025-04-28,0.286,0.287,519,227,428,196,91,31,445,405.57142857142856,216.4,196.71428571428572,352.4,318.57142857142856,173.6,155.14285714285714,92.6,87,42.8,41.57142857142857
2025-04-29,0.42,0.353,561,257,386,172,175,85,556.4,485.1428571428572,301,257.14285714285717,446.8,386,251.4,210.71428571428572,109.6,99.14285714285714,49.6,46.42857142857143
2025-04-30,0.531,0.49,340,134,274,113,66,21,608.1666666666666,586.4285714285714,336.8333333333333,317.7142857142857,469,452.1428571428572,265.5,249,139.16666666666666,134.28571428571428,71.33333333333333,68.71428571428571
2025-05-01,0.43,0.517,456,203,351,150,105,53,669,638.5714285714286,386.1666666666667,360,500.3333333333333,479,292.8333333333333,272.42857142857144,168.66666666666666,159.57142857142858,93.33333333333331,87.57142857142857
2025-05-02,0.214,0.178,993,698,827,611,166,87,699,596.7142857142857,418,347.85714285714283,514.8,434.57142857142856,312.2,254.57142857142856,184.2,162.14285714285714,105.8,93.28571428571428
2025-05-03,0.318,0.192,867,516,580,336,287,180,733.5,522.2857142857143,458.25,314.7142857142857,547,382.42857142857144,347.25,232.57142857142856,186.5,139.85714285714286,111,82.14285714285714
2025-05-04,0.488,0.349,734,485,507,329,227,156,864.6666666666666,477.1428571428572,566.3333333333334,297.14285714285717,638,346,425.3333333333333,217.28571428571428,226.66666666666663,131.14285714285714,141,79.85714285714286
2025-05-05,0.7,0.598,226,142,117,71,109,71,864.6666666666666,423.8571428571428,566.3333333333334,273,638,303.28571428571433,425.3333333333333,198.14285714285717,226.66666666666663,120.57142857142858,141,74.85714285714286
2025-05-06,0.863,0.807,40,25,21,18,19,7,800.5,287.71428571428567,500.5,177,543.5,189.28571428571428,332.5,113.57142857142858,257,98.42857142857142,168,63.42857142857143
2025-05-07,0.849,0.892,24,11,19,6,5,5,734,173.7142857142857,485,108.57142857142858,507,111.42857142857142,329,68,227,62.28571428571429,156,40.57142857142857
2025-05-08,0.768,0.751,83,34,52,16,31,18,NA,76.28571428571429,NA,43.57142857142857,NA,41.857142857142854,NA,22.428571428571427,NA,34.42857142857143,NA,21.142857142857142
2025-05-09,0.819,0.857,40,26,29,19,11,7,NA,52.714285714285715,NA,28.428571428571427,NA,28.571428571428573,NA,13.857142857142858,NA,24.142857142857142,NA,14.571428571428571
2025-05-10,0.69,0.663,69,37,35,17,34,20,128,65.28571428571429,64,34,85,37.714285714285715,45,17.714285714285715,43,27.57142857142857,19,16.285714285714285
2025-05-11,0.575,0.561,52,30,20,10,32,20,152,87,62.5,41.142857142857146,93.5,49.57142857142857,39.5,21.714285714285715,58.5,37.42857142857143,23,19.428571428571427
2025-05-12,0.613,0.654,61,36,24,11,37,25,137.66666666666666,90.71428571428572,60.666666666666664,44.42857142857143,76,48,32,21.857142857142858,61.666666666666664,42.714285714285715,28.666666666666668,22.571428571428573
2025-05-13,0.488,0.47,128,64,85,45,43,19,137.66666666666666,91.85714285714286,60.666666666666664,41.285714285714285,76,48.85714285714286,32,19.428571428571427,61.666666666666664,43,28.666666666666668,21.857142857142858
2025-05-14,0.525,0.391,176,61,102,34,74,27,137.66666666666666,83.14285714285714,60.666666666666664,36.42857142857143,76,44,32,17,61.666666666666664,39.142857142857146,28.666666666666668,19.428571428571427
2025-05-15,0.605,0.488,109,57,41,17,68,40,137.66666666666666,85,60.666666666666664,36,76,46.714285714285715,32,18,61.666666666666664,38.285714285714285,28.666666666666668,18
2025-05-16,0.839,0.831,48,4,35,2,13,2,137.66666666666666,89.42857142857143,60.666666666666664,37.285714285714285,76,51.714285714285715,32,19.42857142857143,61.666666666666664,37.714285714285715,28.666666666666668,17.857142857142858
2025-05-17,0.904,0.935,8,3,1,0,7,3,142.5,84,59,32.42857142857143,71.5,50.857142857142854,25.5,16.714285714285715,71,33.142857142857146,33.5,15.714285714285714
2025-05-18,0.678,0.678,65,27,39,17,26,10,124.5,78.85714285714286,54,31,80.5,53.42857142857143,28.5,17.571428571428573,44,25.428571428571427,25.5,13.428571428571429
2025-05-19,0.723,0.709,92,45,59,21,33,24,160,89,64.5,34,116.5,63.714285714285715,47,22.857142857142858,43.5,25.285714285714285,17.5,11.142857142857142
2025-05-20,0.698,0.741,90,30,79,26,11,4,176.33333333333334,112,77,48,115,74.71428571428571,48.666666666666664,30,61.333333333333336,37.285714285714285,28.333333333333332,18
2025-05-21,0.373,0.383,140,51,120,40,20,11,176.33333333333334,148.71428571428572,77,69.71428571428571,115,94.85714285714286,48.666666666666664,41,61.333333333333336,53.857142857142854,28.333333333333332,28.71428571428571
2025-05-22,0.467,0.346,180,78,113,54,67,24,176.33333333333334,154.71428571428572,77,72,115,97.14285714285714,48.666666666666664,41.285714285714285,61.333333333333336,57.57142857142857,28.333333333333332,30.714285714285715
2025-05-23,0.606,0.464,209,102,112,52,97,50,176.33333333333334,153.57142857142858,77,73,115,91.42857142857144,48.666666666666664,38.42857142857143,61.333333333333336,62.14285714285714,28.333333333333332,34.57142857142857
2025-05-24,0.77,0.669,265,155,142,77,123,78,176.33333333333334,148.28571428571428,77,71.42857142857143,115,83.71428571428571,48.666666666666664,35.285714285714285,61.333333333333336,64.57142857142857,28.333333333333332,36.142857142857146
2025-05-25,0.783,0.717,107,43,55,19,52,24,194.5,145.28571428571428,90,77.14285714285714,112.5,70.42857142857143,53,31.428571428571427,82,74.85714285714286,37,45.714285714285715
2025-05-26,0.901,0.914,84,52,19,1,65,51,209,131.85714285714286,102,74.71428571428571,112,60.42857142857143,52,28.285714285714285,97,71.42857142857143,50,46.42857142857143
2025-05-27,0.902,0.89,53,19,25,4,28,15,NA,120.57142857142856,NA,69.57142857142857,NA,60.285714285714285,NA,29.285714285714285,NA,60.285714285714285,NA,40.285714285714285
2025-05-28,0.868,0.834,119,91,27,13,92,78,NA,97.42857142857144,NA,54.285714285714285,NA,53,NA,24.142857142857142,NA,44.42857142857143,NA,30.142857142857142
2025-05-29,0.806,0.744,86,61,43,32,43,29,206,111.57142857142856,94,61.57142857142857,137,64.71428571428571,65,30.714285714285715,69,46.857142857142854,29,30.857142857142858
2025-05-30,0.657,0.718,130,66,111,59,19,7,250.5,141.71428571428572,119.5,74.85714285714286,156,87,72,41.85714285714286,94.5,54.71428571428571,47.5,33
2025-05-31,0.636,0.688,103,48,91,41,12,7,307,194.1428571428571,161.66666666666666,107.28571428571428,207,127.57142857142858,115.66666666666669,70.28571428571429,100,66.57142857142857,46,37
2025-06-01,0.433,0.395,206,94,137,65,69,29,294.5,213.8571428571429,155.25,113.71428571428572,195,146.42857142857142,111.5,82.57142857142857,99.5,67.42857142857143,43.75,31.142857142857142
2025-06-02,0.465,0.374,295,145,175,79,120,66,350.4,283.57142857142856,187.8,150.42857142857142,211.2,179.71428571428572,121,100.71428571428572,139.2,103.85714285714286,66.8,49.71428571428571
2025-06-03,0.535,0.425,420,246,309,203,111,43,394.1666666666667,352.57142857142856,226,200.57142857142856,238.5,217.42857142857144,145,130.14285714285714,155.66666666666666,135.14285714285714,81,70.42857142857143
2025-06-04,0.457,0.485,257,136,159,99,98,37,413,413,243.8571428571429,243.8571428571429,244.1428571428571,244.1428571428571,151,151,168.85714285714286,168.85714285714286,92.85714285714286,92.85714285714286
2025-06-05,0.261,0.207,574,318,276,159,298,159,485.1428571428572,485.1428571428572,296.7142857142857,296.7142857142857,272.2857142857143,272.2857142857143,173.28571428571428,173.28571428571428,212.8571428571429,212.8571428571429,123.42857142857144,123.42857142857144
2025-06-06,0.338,0.337,613,417,375,265,238,152,607.7142857142857,607.7142857142857,401.2857142857143,401.2857142857143,331.14285714285717,331.14285714285717,227,227,276.57142857142856,276.57142857142856,174.28571428571428,174.28571428571428
2025-06-07,0.305,0.235,526,351,278,187,248,164,686.8571428571429,686.8571428571429,479,479,353.42857142857144,353.42857142857144,248.71428571428572,248.71428571428572,333.42857142857144,333.42857142857144,230.28571428571428,230.28571428571428
2025-06-08,0.232,0.111,711,464,334,221,377,243,758.5,749.7142857142857,536.1666666666666,535.7142857142857,385.8333333333333,376.57142857142856,273.6666666666667,270.7142857142857,372.6666666666667,373.1428571428572,262.5,265
2025-06-09,0.373,0.304,1153,877,587,455,566,422,795.4,696.4285714285714,579.8,509.1428571428572,407.8,352.57142857142856,296.6,259.57142857142856,387.6,343.85714285714283,283.2,249.57142857142856
2025-06-10,0.416,0.391,974,790,465,355,509,435,841,645,620.5,472,416,318.14285714285717,304.5,233,425,326.85714285714283,316,239
2025-06-11,0.618,0.536,697,533,321,253,376,280,946,588.2857142857143,710.3333333333334,434,462,287.7142857142857,343.6666666666667,212.71428571428572,484,300.57142857142856,366.6666666666667,221.28571428571428
2025-06-12,0.605,0.62,201,132,108,81,93,51,1063.5,497.28571428571433,833.5,373.8571428571428,526,249,405,186,537.5,248.28571428571428,428.5,187.8571428571429
2025-06-13,0.555,0.552,253,157,134,79,119,78,974,370.8571428571428,790,271.14285714285717,465,192.14285714285717,355,134.14285714285714,509,178.71428571428572,435,137
2025-06-14,0.613,0.709,129,85,65,45,64,40,NA,266,NA,180.85714285714283,NA,151.28571428571428,NA,100.28571428571428,NA,114.71428571428572,NA,80.57142857142858
2025-06-15,0.636,0.808,74,43,63,34,11,9,NA,211.8571428571429,NA,131.14285714285714,NA,131,NA,77.42857142857143,NA,80.85714285714286,NA,53.714285714285715
2025-06-16,0.453,0.535,268,158,189,92,79,66,NA,217.28571428571428,NA,134,NA,135.71428571428572,NA,78.42857142857143,NA,81.57142857142857,NA,55.57142857142857
2025-06-17,0.588,0.562,240,158,179,118,61,40,NA,219.71428571428572,NA,128,NA,137.14285714285714,NA,73.28571428571429,NA,82.57142857142857,NA,54.714285714285715
2025-06-18,0.522,0.556,318,185,179,93,139,92,NA,229.57142857142856,NA,133.28571428571428,NA,150,NA,81.85714285714286,NA,79.57142857142857,NA,51.42857142857143
2025-06-19,0.65,0.652,239,152,141,88,98,64,NA,242.1428571428571,NA,138.42857142857142,NA,157.71428571428572,NA,85.85714285714286,NA,84.42857142857143,NA,52.57142857142857
2025-06-20,0.53,0.552,270,115,144,43,126,72,NA,228.1428571428571,NA,126.57142857142856,NA,146.85714285714286,NA,80.71428571428571,NA,81.28571428571429,NA,45.857142857142854
2025-06-21,0.515,0.532,198,122,155,105,43,17,NA,230.71428571428572,NA,123.71428571428572,NA,139.14285714285714,NA,74.71428571428571,NA,91.57142857142856,NA,49
2025-06-22,0.516,0.558,162,79,117,62,45,17,NA,217.42857142857144,NA,115.71428571428572,NA,131,NA,70.42857142857143,NA,86.42857142857143,NA,45.285714285714285
2025-06-23,0.519,0.505,170,75,113,56,57,19,701,283.42857142857144,525,169,305,154.42857142857142,196,85.85714285714286,396,129,329,83.14285714285714
2025-06-24,0.548,0.523,258,138,125,76,133,62,569.5,307.42857142857144,396,190.71428571428572,249,161.42857142857142,162,98,320.5,146,234,92.71428571428572
2025-06-25,0.614,0.626,225,129,122,63,103,66,569.5,295.14285714285717,396,184.28571428571428,249,147.28571428571428,162,88.14285714285714,320.5,147.85714285714286,234,96.14285714285714
2025-06-26,0.381,0.434,701,525,305,196,396,329,569.5,299.7142857142857,396,191.71428571428572,249,148.42857142857142,162,90.42857142857144,320.5,151.28571428571428,234,101.28571428571428
2025-06-27,0.505,0.4,438,267,193,128,245,139,569.5,353.85714285714283,396,227.57142857142856,249,186.28571428571428,162,119.28571428571428,320.5,167.57142857142858,234,108.28571428571428
2025-06-28,0.745,0.802,112,77,56,36,56,41,569.5,372.57142857142856,396,241.57142857142856,249,199,162,125.85714285714286,320.5,173.57142857142858,234,115.71428571428572
2025-06-29,0.66,0.637,194,131,125,78,69,53,569.5,369.57142857142856,396,238.28571428571428,249,202.28571428571428,162,127.71428571428572,320.5,167.28571428571428,234,110.57142857142858
2025-06-30,0.507,0.54,549,326,378,258,171,68,477,343.14285714285717,295,209.42857142857144,272.5,209,172.5,130.71428571428572,204.5,134.14285714285714,122.5,78.71428571428571
2025-07-01,0.436,0.51,389,236,214,122,175,114,522.5,356.14285714285717,320.5,216.71428571428572,322.5,223.28571428571428,191.5,136.14285714285714,200,132.85714285714286,129,80.57142857142857
2025-07-02,0.396,0.545,204,106,145,76,59,30,464.3333333333333,389.8571428571428,279,233.71428571428572,290.3333333333333,247.57142857142856,170,149.14285714285714,174,142.28571428571428,109,84.57142857142857
2025-07-03,0.218,0.325,516,323,352,217,164,106,462,427.1428571428572,264.75,246.71428571428572,285.75,268.57142857142856,160.75,157,176.25,158.57142857142858,104,89.71428571428571
2025-07-04,0.332,0.268,529,318,293,166,236,152,583.4,501.42857142857144,336.6,289.2857142857143,364,311.2857142857143,210.6,178.71428571428572,219.4,190.1428571428571,126,110.57142857142856
2025-07-05,0.364,0.408,348,196,226,127,122,69,737.3333333333334,661.1428571428571,448.5,399.57142857142856,423,383.2857142857143,251.5,226.42857142857144,314.3333333333333,277.85714285714283,197,173.14285714285717
2025-07-06,0.323,0.267,455,222,272,133,183,89,950.1428571428572,950.1428571428572,615.7142857142857,615.7142857142857,511,511,313.85714285714283,313.85714285714283,439.1428571428572,439.1428571428572,301.85714285714283,301.85714285714283
2025-07-07,0.361,0.269,1069,624,677,410,392,214,1192.142857142857,1192.142857142857,823,823,627.2857142857143,627.2857142857143,417,417,564.8571428571429,564.8571428571429,406,406
2025-07-08,0.34,0.211,1507,1008,718,456,789,552,1336.7142857142858,1336.7142857142858,945.1428571428572,945.1428571428572,681.7142857142857,681.7142857142857,464.42857142857144,464.42857142857144,655,655,480.7142857142857,480.7142857142857
2025-07-09,0.51,0.289,2227,1619,1039,688,1188,931,1513.857142857143,1513.857142857143,1094.142857142857,1094.142857142857,737.7142857142857,737.7142857142857,512.2857142857143,512.2857142857143,776.1428571428571,776.1428571428571,581.8571428571429,581.8571428571429
