date,days_since_invasion,estimate,ci_lower,ci_upper,pi_low,pi_high,type,country
2026-09-30,1679,512490.1635247911,417489.13232381316,661032.0045286193,372651.10547207255,712992.0348152259,deaths,russia
2026-09-29,1678,512103.6404977913,417489.13232381316,660189.2253448667,372651.10547207255,712188.7520916872,deaths,russia
2026-09-28,1677,511692.16997263447,417489.13232381316,659356.9203371204,372651.10547207255,711387.6241869684,deaths,russia
2026-09-27,1676,510865.34316094057,417489.13232381316,657645.9573713917,372651.10547207255,709745.9452534263,deaths,russia
2026-09-26,1675,510131.72340715915,417489.13232381316,655912.0344836037,372651.10547207255,708111.4740199938,deaths,russia
2026-09-25,1674,509452.1158722765,417489.13232381316,654172.7535327477,372651.10547207255,706489.08818245,deaths,russia
2026-09-24,1673,508810.3010699729,417489.13232381316,652377.0336083573,372651.10547207255,704832.3833963386,deaths,russia
2026-09-23,1672,508208.8558599639,417489.13232381316,650563.2269822395,372651.10547207255,703174.1457923095,deaths,russia
2026-09-22,1671,507614.85436826426,417489.13232381316,648695.7563224352,372651.10547207255,701475.8159230014,deaths,russia
2026-09-21,1670,507051.7426097735,417489.13232381316,646800.3071034494,372651.10547207255,699764.7922518398,deaths,russia
2026-09-20,1669,506458.1327877301,417489.13232381316,644919.0368016018,372651.10547207255,698058.5560909992,deaths,russia
2026-09-19,1668,505858.49111634475,417489.13232381316,643062.4275605865,372651.10547207255,696373.2671426177,deaths,russia
2026-09-18,1667,505205.8089516195,417489.13232381316,641218.2169535164,372651.10547207255,694685.2154282425,deaths,russia
2026-09-17,1666,504528.3000544047,417489.13232381316,639316.0301519544,372651.10547207255,692946.1564848749,deaths,russia
2026-09-16,1665,503873.8718129513,417489.13232381316,637421.1637616354,372651.10547207255,691223.045488982,deaths,russia
2026-09-15,1664,503236.9706157027,417489.13232381316,635509.5864143638,372651.10547207255,689494.6932762433,deaths,russia
2026-09-14,1663,502610.322355044,417489.13232381316,633568.6310652005,372651.10547207255,687748.51580894,deaths,russia
2026-09-13,1662,501998.2853929839,417489.13232381316,631569.7035458564,372651.10547207255,685962.7866543299,deaths,russia
2026-09-12,1661,501365.29896156053,417489.13232381316,629554.723297229,372651.10547207255,684160.5954366818,deaths,russia
2026-09-11,1660,500707.39991673344,417489.13232381316,627512.0537733778,372651.10547207255,682331.082015749,deaths,russia
2026-09-10,1659,500096.9149714389,417489.13232381316,625546.2263528045,372651.10547207255,680581.7849497106,deaths,russia
2026-09-09,1658,499492.28178243164,417489.13232381316,623591.5895103446,372651.10547207255,678847.4534766938,deaths,russia
2026-09-08,1657,498909.7387564299,417489.13232381316,621651.6464661694,372651.10547207255,677136.0252166089,deaths,russia
2026-09-07,1656,498379.3062574409,417489.13232381316,619737.5894119585,372651.10547207255,675465.9798803539,deaths,russia
2026-09-06,1655,497918.5423584834,417489.13232381316,617856.9795200811,372651.10547207255,673849.3669776025,deaths,russia
2026-09-05,1654,497468.517725684,417489.13232381316,615926.6515291494,372651.10547207255,672201.8686321963,deaths,russia
2026-09-04,1653,497130.84306314785,417489.13232381316,614052.5395748061,372651.10547207255,670639.9798270433,deaths,russia
2026-09-03,1652,496775.8272639109,417489.13232381316,612185.1958159006,372651.10547207255,669082.714212718,deaths,russia
2026-09-02,1651,496376.9207774758,417489.13232381316,610327.9207024508,372651.10547207255,667522.7929165082,deaths,russia
2026-09-01,1650,495955.06644576456,417489.13232381316,608524.5108853871,372651.10547207255,666000.4080237105,deaths,russia
2026-08-31,1649,495541.84494250355,417489.13232381316,606745.2780795738,372651.10547207255,664504.6249229565,deaths,russia
2026-08-30,1648,495126.0391696934,417489.13232381316,604975.5479371283,372651.10547207255,663020.5466384134,deaths,russia
2026-08-29,1647,494739.472882803,417489.13232381316,603246.1706425465,372651.10547207255,661582.6429340984,deaths,russia
2026-08-28,1646,494310.5649922781,417489.13232381316,601469.3525008471,372651.10547207255,660099.0826984453,deaths,russia
2026-08-27,1645,493878.9835953899,417489.13232381316,599682.6103740591,372651.10547207255,658612.277970299,deaths,russia
2026-08-26,1644,493473.92024998204,417489.13232381316,597888.9656749467,372651.10547207255,657135.1240753438,deaths,russia
2026-08-25,1643,493075.4763806591,417489.13232381316,596075.1269197741,372651.10547207255,655649.9403842603,deaths,russia
2026-08-24,1642,492652.0532887567,417489.13232381316,594260.2831805869,372651.10547207255,654159.9083466752,deaths,russia
2026-08-23,1641,492242.1272442783,417489.13232381316,592465.5219284662,372651.10547207255,652695.9574815179,deaths,russia
2026-08-22,1640,491837.45377292216,417489.13232381316,590692.1765868551,372651.10547207255,651255.4419300745,deaths,russia
2026-08-21,1639,491439.23263012094,417489.13232381316,588968.2797911259,372651.10547207255,649858.6345570409,deaths,russia
2026-08-20,1638,491030.874694151,417489.13232381316,587261.2487504034,372651.10547207255,648475.2025110289,deaths,russia
2026-08-19,1637,490603.4957022356,417489.13232381316,585559.6211451318,372651.10547207255,647093.0875940309,deaths,russia
2026-08-18,1636,490172.2885027097,417489.13232381316,583850.3487626057,372651.10547207255,645708.9723465126,deaths,russia
2026-08-17,1635,489729.8516395848,417489.13232381316,582144.8034567441,372651.10547207255,644327.7917728629,deaths,russia
2026-08-16,1634,489259.64850082534,417489.13232381316,580453.4412434952,372651.10547207255,642950.2220180825,deaths,russia
2026-08-15,1633,488771.2975657169,417489.13232381316,578775.6838621297,372651.10547207255,641579.321284316,deaths,russia
2026-08-14,1632,488302.1290642171,417489.13232381316,577131.6370777171,372651.10547207255,640244.7173880772,deaths,russia
2026-08-13,1631,487842.6867406718,417489.13232381316,575498.7691461006,372651.10547207255,638927.1271933389,deaths,russia
2026-08-12,1630,487405.99155697535,417489.13232381316,573891.819693019,372651.10547207255,637642.3666224153,deaths,russia
2026-08-11,1629,486979.97332776804,417489.13232381316,572315.2344796486,372651.10547207255,636387.8637993202,deaths,russia
2026-08-10,1628,486447.58681706915,417489.13232381316,570705.368443905,372610.5175501213,635065.9197285037,deaths,russia
2026-08-09,1627,485885.64201764564,417489.13232381316,569105.1544642447,372527.2135552482,633740.7693254735,deaths,russia
2026-08-08,1626,485302.7616042804,417489.13232381316,567510.7666173428,372413.62782348937,632413.6134009039,deaths,russia
2026-08-07,1625,484688.98930019216,417489.13232381316,565914.6659892254,372260.2358505855,631074.5725867203,deaths,russia
2026-08-06,1624,484049.8356917353,417489.13232381316,564343.0485478323,372063.85876443086,629743.3139064767,deaths,russia
2026-08-05,1623,483363.8057127402,417489.13232381316,562770.0796222981,371807.6453465762,628392.2555528461,deaths,russia
2026-08-04,1622,482644.9280002691,417489.13232381316,561193.9884201451,371510.0251849615,627026.5461432231,deaths,russia
2026-08-03,1621,481998.4363442662,417489.13232381316,559675.9337304137,371279.8501280594,625735.4814342384,deaths,russia
2026-08-02,1620,481359.4548365971,417489.13232381316,558182.4222177211,371048.48104564624,624466.5480964235,deaths,russia
2026-08-01,1619,480745.5763522665,417489.13232381316,556726.8792515501,370832.69490738685,623237.1915879903,deaths,russia
2026-07-31,1618,480148.21832930285,417489.13232381316,555305.0757480117,370623.4758704146,622040.2443643295,deaths,russia
2026-07-30,1617,479533.3030441705,417489.13232381316,553899.1211003507,370385.3538314831,620846.8042093164,deaths,russia
2026-07-29,1616,478953.4491802027,417489.13232381316,552551.9381465259,370167.6651001929,619710.4085851858,deaths,russia
2026-07-28,1615,478406.7364797354,417489.13232381316,551269.1731777163,369965.98898333544,618633.4527317055,deaths,russia
2026-07-27,1614,477907.99887658295,417489.13232381316,550018.138086257,369810.78274461615,617603.36254072,deaths,russia
2026-07-26,1613,477443.2320173682,417489.13232381316,548794.6656190037,369686.1811147026,616610.486950458,deaths,russia
2026-07-25,1612,477003.50153212395,417489.13232381316,547592.2799528489,369583.3435590809,615646.5788942623,deaths,russia
2026-07-24,1611,476581.3982853901,417489.13232381316,546406.0194916376,369495.02317340864,614704.5222633249,deaths,russia
2026-07-23,1610,476179.4257029602,417489.13232381316,545234.8222383391,369424.92216747714,613784.4687519105,deaths,russia
2026-07-22,1609,475751.34903396055,417489.13232381316,544046.9776978997,369327.61523872,612842.737738013,deaths,russia
2026-07-21,1608,475312.9794363821,417489.13232381316,542851.4802947623,369219.29043577024,611893.1803973231,deaths,russia
2026-07-20,1607,474850.0342783395,417489.13232381316,541668.2602259195,369075.20331303607,610940.0700553489,deaths,russia
2026-07-19,1606,474351.2682555406,417489.13232381316,540470.5804298717,368891.20928897633,609961.2745379091,deaths,russia
2026-07-18,1605,473838.41251550615,417489.13232381316,539280.4481062642,368685.9980587835,608981.7840698466,deaths,russia
2026-07-17,1604,473311.8401755956,417489.13232381316,538103.7666349292,368458.1908367474,608004.7144970781,deaths,russia
2026-07-16,1603,472790.6610911299,417489.13232381316,536949.2197657992,368228.23997252696,607045.3042147747,deaths,russia
2026-07-15,1602,472282.0582303225,417489.13232381316,535814.1711375355,368005.83503912477,606106.0042378844,deaths,russia
2026-07-14,1601,471790.8373156001,417489.13232381316,534705.3636752298,367794.4409282332,605193.4562029898,deaths,russia
2026-07-13,1600,471347.3831729415,417489.13232381316,533632.1831948517,367627.5765731624,604330.4761217735,deaths,russia
2026-07-12,1599,470944.0987967927,417489.13232381316,532595.5510071579,367495.61486118456,603513.4425225495,deaths,russia
2026-07-11,1598,470513.44409584656,417489.13232381316,531543.5549617845,367334.7089327093,602674.0996703226,deaths,russia
2026-07-10,1597,470090.6767564591,417489.13232381316,530500.2259937652,367179.34976877255,601846.1241490159,deaths,russia
2026-07-09,1596,469709.0861896614,417489.13232381316,529486.5701757534,367062.48372405407,601060.7561192305,deaths,russia
2026-07-08,1595,469377.7606362492,417489.13232381316,528511.9457164593,366991.7525617808,600328.7832137526,deaths,russia
2026-07-07,1594,469052.49518442433,417489.13232381316,527540.4442713943,366926.12571631605,599604.24699071306,deaths,russia
2026-07-06,1593,468689.39792431437,417489.13232381316,526550.348241386,366820.205663349,598849.1227957315,deaths,russia
2026-07-05,1592,468306.76313878404,417489.13232381316,525563.7417973579,366688.65341713076,598086.1857246793,deaths,russia
2026-07-04,1591,467948.9051342543,417489.13232381316,524617.546436755,366572.3609331285,597361.8728478751,deaths,russia
2026-07-03,1590,467554.1916990735,417489.13232381316,523649.0716288261,366418.4880558928,596604.9021448492,deaths,russia
2026-07-02,1589,467130.4252348685,417489.13232381316,522675.99942875287,366230.58810650045,595829.3976006326,deaths,russia
2026-07-01,1588,466674.34045878064,417454.4522928563,521699.0404295244,366004.60542194016,595033.6085816488,deaths,russia
2026-06-30,1587,466213.9674368742,417395.91028154356,520743.15295372205,365765.93782655,594247.6661823974,deaths,russia
2026-06-29,1586,465775.35008332395,417347.72927843675,519823.6961080914,365540.6197804074,593495.6328326762,deaths,russia
2026-06-28,1585,465355.9847358194,417310.63348599605,518934.1384081171,365327.8116691892,592772.4843854002,deaths,russia
2026-06-27,1584,464932.22030500293,417256.9416519213,518056.0838090099,365105.48104895366,592053.6993131351,deaths,russia
2026-06-26,1583,464531.22223241976,417210.00780521234,517220.9290024911,364895.8864305718,591372.3296840371,deaths,russia
2026-06-25,1582,464113.28934908233,417131.09472267225,516388.211120533,364665.06238095945,590682.3263026905,deaths,russia
2026-06-24,1581,463664.28494599083,417008.59330749296,515540.80639715714,364401.77184769016,589965.8982269643,deaths,russia
2026-06-23,1580,463154.0026705444,416821.2156403842,514637.80245733826,364083.321610752,589182.8998743824,deaths,russia
2026-06-22,1579,462631.56134801387,416613.40390141413,513733.4819436176,363750.5136125521,588392.2724378511,deaths,russia
2026-06-21,1578,462076.17321464524,416361.85496950045,512810.36428940104,363384.43180040544,587571.7249464939,deaths,russia
2026-06-20,1577,461486.41001802165,416071.83829952154,511858.7210153491,362986.4582156539,586715.3718165907,deaths,russia
2026-06-19,1576,460894.92382601893,415781.11082170333,510904.48451699124,362586.8738659812,585857.28265322675,deaths,russia
2026-06-18,1575,460322.3088468822,415511.9467181574,509965.9275164336,362204.1680130425,585019.9357809303,deaths,russia
2026-06-17,1574,459754.7744510011,415248.5120945572,509031.9412258492,361825.6138104254,584188.8342492665,deaths,russia
2026-06-16,1573,459229.2952179805,415015.13260161463,508154.55683150317,361478.5767067569,583413.7536515201,deaths,russia
2026-06-15,1572,458663.9934420249,414733.4069328809,507248.5510411254,361093.4776539079,582598.9549827758,deaths,russia
2026-06-14,1571,458082.6426022871,414428.5672604578,506335.60198072775,360691.4899423496,581770.6621059426,deaths,russia
2026-06-13,1570,457536.41959734244,414148.8162775792,505469.94653290365,360315.82685555593,580989.1646036325,deaths,russia
2026-06-12,1569,457007.96480063023,413885.16955621203,504624.2143907696,359954.4774062901,580229.7469888097,deaths,russia
2026-06-11,1568,456455.7835608578,413599.83883257373,503752.8400557518,359572.8828792643,579442.7482836007,deaths,russia
2026-06-10,1567,455862.5036367794,413271.60980319954,502843.27682637225,359154.69080808776,578610.40274713,deaths,russia
2026-06-09,1566,455230.0283269478,412911.28496294376,501886.553885812,358704.7654924078,577729.7016778477,deaths,russia
2026-06-08,1565,454599.607532984,412561.3310861803,500922.02831725864,358259.1763538812,576847.2515308077,deaths,russia
2026-06-07,1564,453966.33025625034,412211.3461529346,499951.5000692081,357811.74526202766,575960.5366070368,deaths,russia
2026-06-06,1563,453264.8133212093,411795.0227966661,498911.3726061805,357305.6450292237,574995.1223796335,deaths,russia
2026-06-05,1562,452528.38566325174,411341.09625410463,497840.25113061315,356767.9949889575,573991.9313077664,deaths,russia
2026-06-04,1561,451791.5390268554,410880.7602314778,496776.25401574734,356227.4728432857,572992.318147005,deaths,russia
2026-06-03,1560,451082.946795981,410440.8809313279,495749.88709812134,355708.32164908416,572030.0090495055,deaths,russia
2026-06-02,1559,450361.3898503439,409976.34732310136,494725.010543515,355173.6421655746,571059.7987691925,deaths,russia
2026-06-01,1558,449633.7692510984,409491.31459735724,493711.76138546853,354628.4670200866,570091.0972630723,deaths,russia
2026-05-31,1557,448850.14712848945,408946.8516062853,492647.36381307844,354033.5147895506,569060.4136735765,deaths,russia
2026-05-30,1556,448131.33070581063,408462.0891894719,491653.4812957652,353492.5047297688,568107.355681641,deaths,russia
2026-05-29,1555,447438.2699895504,407990.0057445784,490701.0254677534,352969.04250214994,567191.4065810038,deaths,russia
2026-05-28,1554,446728.72007196315,407488.0496517751,489748.4766167556,352426.63407002925,566264.1021662646,deaths,russia
2026-05-27,1553,446021.54847902514,406977.8628821238,488811.146649269,351882.5587129192,565345.507737673,deaths,russia
2026-05-26,1552,445374.19710213033,406522.9273291134,487938.6821323701,351388.40138466406,564498.3633754556,deaths,russia
2026-05-25,1551,444725.878382558,406069.0466799725,487062.95087609,350893.9106698043,563649.30495229794,deaths,russia
2026-05-24,1550,444157.5315660696,405687.0613473133,486276.2711940082,350465.53416956204,562896.7620734752,deaths,russia
2026-05-23,1549,443594.7324404905,405307.4542564011,485499.0250031451,350040.6885223144,562152.6166463419,deaths,russia
2026-05-22,1548,443005.2786096356,404903.2447762342,484693.01417719707,349593.3757480435,561376.9987707784,deaths,russia
2026-05-21,1547,442427.67000409093,404508.6177542161,483901.5351532907,349155.41292177106,560616.3877957384,deaths,russia
2026-05-20,1546,441862.2784709054,404125.7085244141,483122.84279851924,348727.7012093759,559870.2794737326,deaths,russia
2026-05-19,1545,441253.34956610244,403698.097724951,482302.4804882925,348261.9538061185,559074.9088166122,deaths,russia
2026-05-18,1544,440646.82176880084,403269.82399048685,481488.2702449901,347797.1204823209,558284.1573401405,deaths,russia
2026-05-17,1543,440053.8297520134,402850.0001002428,480693.64648662054,347342.164101485,557511.8529156252,deaths,russia
2026-05-16,1542,439431.64397801744,402393.0365827149,479879.64789977175,346859.37216279126,556710.2567528281,deaths,russia
2026-05-15,1541,438851.19854952156,401970.2564155734,479116.1306153562,346409.98446311255,555960.8087090799,deaths,russia
2026-05-14,1540,438322.8190499107,401594.12729926454,478410.7579983172,346003.61174421996,555274.245993795,deaths,russia
2026-05-13,1539,437815.271054199,401229.30127678835,477737.4419721764,345612.070421187,554616.6609740347,deaths,russia
2026-05-12,1538,437342.2134898894,400881.4865049681,477119.17713120725,345244.62317008624,554007.7945352828,deaths,russia
2026-05-11,1537,436889.93872118596,400531.9209603021,476548.3812457763,344887.8736104016,553434.4164906772,deaths,russia
2026-05-10,1536,436405.38077253266,400135.8436451871,475962.5247174777,344498.8014016778,552831.118160807,deaths,russia
2026-05-09,1535,435912.1575483841,399716.17591145344,475385.8446835694,344097.5467088386,552225.4188054957,deaths,russia
2026-05-08,1534,435363.5003412986,399226.442751782,474771.6024977056,343643.9602532876,551563.2583962306,deaths,russia
2026-05-07,1533,434746.7955261419,398667.3487790135,474091.437854166,343131.40520394186,550823.3273871782,deaths,russia
2026-05-06,1532,434086.46143584553,398075.9927330622,473354.48937544366,342584.8954979536,550027.3473984841,deaths,russia
2026-05-05,1531,433392.58841617074,397464.7121327471,472568.09699965006,342013.82307969255,549185.8134181346,deaths,russia
2026-05-04,1530,432660.18277954694,396827.2687086529,471728.7882853881,341413.50532827026,548293.5899615596,deaths,russia
2026-05-03,1529,431893.43562441756,396164.5968011776,470844.5914320453,340786.52887652826,547357.1455073099,deaths,russia
2026-05-02,1528,431087.49553110445,395470.32761406375,469912.4926720658,340128.26061685133,546371.6265155978,deaths,russia
2026-05-01,1527,430265.2190354354,394770.65290606924,468951.20422597957,339459.39841926313,545361.7213760157,deaths,russia
2026-04-30,1526,429434.92028309306,394059.518007151,467986.05352601554,338782.58455117344,544344.2601533718,deaths,russia
2026-04-29,1525,428616.5820106398,393351.4503896814,467043.35199689673,338113.27471813705,543345.0654253738,deaths,russia
2026-04-28,1524,427835.8487608379,392675.58902594575,466144.381819108,337474.6137719407,542391.9611651989,deaths,russia
2026-04-27,1523,427083.9874074716,392016.772428616,465288.0971945711,336857.1284935576,541478.0341039218,deaths,russia
2026-04-26,1522,426353.67484483885,391384.1065828408,464447.74034420215,336259.60601392906,540586.6630898599,deaths,russia
2026-04-25,1521,425663.18279653584,390793.5940192479,463644.1262325056,335697.0548310426,539740.0551790271,deaths,russia
2026-04-24,1520,425021.08435180265,390246.1252203813,462894.87790122733,335174.45194251585,538951.9469071812,deaths,russia
2026-04-23,1519,424427.347159316,389751.3501141513,462188.48182029836,334694.74737448135,538217.5115617476,deaths,russia
2026-04-22,1518,423859.13600842474,389279.50641629775,461510.50112189964,334236.1713147965,537513.8403172955,deaths,russia
2026-04-21,1517,423299.4287753066,388811.67508336727,460846.2970505629,333783.5091002908,536822.2273657346,deaths,russia
2026-04-20,1516,422743.2115452794,388345.9762756531,460187.1610188834,333333.4567965998,536135.2724439166,deaths,russia
2026-04-19,1515,422168.7055516173,387844.52284531074,459530.5875519866,332862.3501715818,535435.7980421358,deaths,russia
2026-04-18,1514,421589.2696488635,387336.0278582068,458871.6320524934,332386.3736053952,534731.6554331655,deaths,russia
2026-04-17,1513,420993.94184639264,386820.1668525677,458186.8175363533,331899.3582531912,534004.9591328653,deaths,russia
2026-04-16,1512,420372.19620703685,386273.8860361593,457480.5411326477,331388.43657219847,533249.7098726998,deaths,russia
2026-04-15,1511,419730.6958914363,385712.10375574586,456749.63622914365,330861.85156159085,532469.548389788,deaths,russia
2026-04-14,1510,419096.07321124786,385165.2338366147,456016.0579390915,330343.60591253306,531693.4161781202,deaths,russia
2026-04-13,1509,418480.32968816784,384649.92536116723,455286.2131074161,329845.4261913309,530932.8942149048,deaths,russia
2026-04-12,1508,417889.5472596231,384165.8449454646,454573.71444073285,329370.6161369476,530198.0974622474,deaths,russia
2026-04-11,1507,417310.47283058736,383688.906222853,453878.24471527967,328904.481086904,529479.0474743395,deaths,russia
2026-04-10,1506,416720.5462139568,383179.48216566374,453197.6072196728,328422.4976307067,528757.9774435861,deaths,russia
2026-04-09,1505,416121.18641305953,382647.2618904363,452523.41966843116,327928.40636545286,528032.4709117075,deaths,russia
2026-04-08,1504,415526.458806206,382108.6082342304,451866.9247245811,327434.9622592973,527317.6838775006,deaths,russia
2026-04-07,1503,414899.6703921405,381522.2488147095,451197.12494598294,326909.2957191875,526573.4225267876,deaths,russia
2026-04-06,1502,414254.9392541604,380907.6002038883,450521.7544210586,326365.1401909279,525813.402999994,deaths,russia
2026-04-05,1501,413651.20048135973,380337.5040772433,449882.8481848929,325857.2599772069,525099.0074576377,deaths,russia
2026-04-04,1500,413062.03718213254,379776.0549646452,449265.4174202431,325360.1286470907,524404.3042941322,deaths,russia
2026-04-03,1499,412540.0135040033,379289.57461865,448705.3552959904,324922.9802036194,523783.4078957118,deaths,russia
2026-04-02,1498,412028.4447377198,378818.0609472815,448150.3322095018,324496.1952280437,523172.3654146231,deaths,russia
2026-04-01,1497,411484.9321236353,378311.3136898087,447567.50381857273,324041.0491439941,522525.9377024965,deaths,russia
2026-03-31,1496,410960.06478749664,377823.15309887304,447003.2473439036,323601.9057550926,521901.067086041,deaths,russia
2026-03-30,1495,410443.94531834516,377334.8558811496,446458.1870595256,323167.6125442769,521290.6028548468,deaths,russia
2026-03-29,1494,409889.2973089074,376788.01504914433,445898.58901282324,322694.25519336073,520645.2959897176,deaths,russia
2026-03-28,1493,409344.8581649797,376251.325813994,445349.19362995226,322229.6566241501,520011.8021200212,deaths,russia
2026-03-27,1492,408774.3111361012,375685.0943703924,444777.9575161893,321741.6491174912,519349.7585947933,deaths,russia
2026-03-26,1491,408216.37325348466,375127.7644624747,444223.6322451349,321263.3618255847,518704.08050173306,deaths,russia
2026-03-25,1490,407708.1204900446,374622.199823342,443716.15059074893,320828.33711487765,518114.8320350857,deaths,russia
2026-03-24,1489,407199.203593121,374118.7337316632,443204.74056123267,320393.60036715335,517523.4394323752,deaths,russia
2026-03-23,1488,406703.2347497092,373629.9056412046,442704.1863300992,319970.4932073404,516946.1870440769,deaths,russia
2026-03-22,1487,406224.36196034355,373167.2975229632,442209.79636614374,319564.82466922194,516384.2358645578,deaths,russia
2026-03-21,1486,405718.54824385646,372672.90521145245,441694.42424004443,319134.6081842872,515793.46987255855,deaths,russia
2026-03-20,1485,405183.97024569154,372146.5056441723,441154.3661300402,318678.7670355602,515170.99501188763,deaths,russia
2026-03-19,1484,404641.291267509,371610.1293573501,440608.50808260584,318215.4327751805,514540.05007564154,deaths,russia
2026-03-18,1483,404076.9763791934,371047.7071702761,440046.42349354306,317732.23311792786,513886.21603068575,deaths,russia
2026-03-17,1482,403479.74221031944,370446.8412719964,439458.24264429504,317219.16163339076,513196.9810448865,deaths,russia
2026-03-16,1481,402856.05789714615,369815.9922403579,438848.0343389276,316682.35707218305,512478.8762605158,deaths,russia
2026-03-15,1480,402178.1214659957,369127.6769520876,438187.84445329517,316098.0961339322,511699.5646777356,deaths,russia
2026-03-14,1479,401492.71072695835,368430.8960531801,437521.44933949615,315507.1398736315,510912.0998254086,deaths,russia
2026-03-13,1478,400805.17736420274,367733.5294961877,436851.1459718571,314914.85747562,510121.4043374489,deaths,russia
2026-03-12,1477,400112.11719809775,367034.4967102678,436170.7966604362,314319.04501016287,509322.3835274812,deaths,russia
2026-03-11,1476,399403.53938925307,366327.8050535104,435465.7290899694,313712.3764944992,508501.4683815738,deaths,russia
2026-03-10,1475,398707.98549032235,365642.09732615156,434764.12903896964,313119.3457771166,507691.6305210842,deaths,russia
2026-03-09,1474,397997.48533228197,364947.2488250766,434040.8220552234,312515.32012371084,506861.5812574137,deaths,russia
2026-03-08,1473,397333.42782272235,364308.48026262195,433352.127987188,311954.0879590818,506080.43960419873,deaths,russia
2026-03-07,1472,396695.59041658154,363708.16308500286,432674.89796772075,311419.1068717022,505323.5183941234,deaths,russia
2026-03-06,1471,396057.2872467538,363108.7149014326,431995.6225621567,310884.1747227303,504565.34641958756,deaths,russia
2026-03-05,1470,395420.87397526944,362517.3377713979,431310.8693914568,310352.7995893816,503806.22958111815,deaths,russia
2026-03-04,1469,394787.8788753203,361928.97882438934,430629.98250873626,309824.2708377614,503051.2139570775,deaths,russia
2026-03-03,1468,394151.180106748,361346.4716252052,429934.05392050167,309295.5321048789,502287.1065921785,deaths,russia
2026-03-02,1467,393533.92832540564,360799.4813465782,429238.2986072661,308788.40446656727,501537.47620549315,deaths,russia
2026-03-01,1466,392923.53042858245,360267.34794515005,428539.82920054055,308289.6071338837,500791.78886446694,deaths,russia
2026-02-28,1465,392278.06574466877,359705.8929733418,427799.7541285664,307762.5530650887,500002.6189976965,deaths,russia
2026-02-27,1464,391614.38688516844,359137.30119759636,427028.4416984993,307223.32147630304,499186.808548149,deaths,russia
2026-02-26,1463,390909.33972392645,358532.8578978868,426209.5424862944,306650.39023271267,498320.2979824416,deaths,russia
2026-02-25,1462,390202.7141641816,357930.1472225168,425385.14226224215,306077.1514237642,497450.2693628999,deaths,russia
2026-02-24,1461,389494.82937981776,357318.3891458691,424568.7629735389,305500.47578458075,496582.62013283896,deaths,russia
2026-02-23,1460,388798.3834030195,356709.2991075433,423774.1644849335,304930.93325946137,495732.5468279101,deaths,russia
2026-02-22,1459,388095.0963600866,356085.06413010735,422982.6535074924,304353.0325762354,494878.62000174186,deaths,russia
2026-02-21,1458,387398.63967040763,355461.4344350595,422205.3153119127,303779.1252931075,494035.626884117,deaths,russia
2026-02-20,1457,386711.1995442744,354842.7828644558,421441.71946444054,303211.74955140153,493205.01726769196,deaths,russia
2026-02-19,1456,386080.8101375929,354271.98740445817,420745.6350686654,302690.4472054362,492444.99786913325,deaths,russia
2026-02-18,1455,385471.781962412,353715.89380661823,420078.6492701845,302185.44210048835,491712.9658532202,deaths,russia
2026-02-17,1454,384865.65884475363,353156.525599387,419421.8853854899,301681.0922896898,490987.2890231973,deaths,russia
2026-02-16,1453,384253.04774528916,352582.1658113429,418768.7875676037,301168.6578334377,490258.22593646863,deaths,russia
2026-02-15,1452,383592.1969800018,351952.2269858073,418076.56341890525,300612.7935559137,489476.7824018388,deaths,russia
2026-02-14,1451,382874.64001155307,351262.8974999675,417331.28720044345,300007.6803144449,488630.8334641207,deaths,russia
2026-02-13,1450,382189.8715607367,350592.7825535154,416634.67240493826,299426.54261219973,487829.5436420599,deaths,russia
2026-02-12,1449,381512.9581335448,349923.3066138719,415954.43715424056,298849.96932935825,487040.88780267123,deaths,russia
2026-02-11,1448,380838.1132811706,349248.87156432186,415284.62421683554,298273.0654555858,486258.0724541518,deaths,russia
2026-02-10,1447,380179.7577357465,348582.4290817144,414641.2912015406,297707.71040279954,485498.5602239123,deaths,russia
2026-02-09,1446,379471.0025898839,347866.06066612614,413947.4334088105,297099.44354656583,484680.3342095679,deaths,russia
2026-02-08,1445,378766.1507117901,347153.2607145614,413257.8776524515,296494.4525558459,483866.77212603384,deaths,russia
2026-02-07,1444,378113.62907555443,346483.8216325629,412630.9282061345,295931.50770811824,483118.3303275913,deaths,russia
2026-02-06,1443,377413.6539821833,345769.4236264258,411953.98805278295,295328.7709045939,482313.61909481924,deaths,russia
2026-02-05,1442,376691.8400445018,345029.9151339085,411259.331300818,294706.37510119687,481485.2282276345,deaths,russia
2026-02-04,1441,375958.6836624931,344274.3244936133,410559.12747294357,294072.8347356764,480646.08504440455,deaths,russia
2026-02-03,1440,375229.9330875255,343516.5427394373,409871.2210845467,293441.020135996,479815.4233646469,deaths,russia
2026-02-02,1439,374541.65441380814,342788.5371442023,409236.2667554794,292840.516595549,479037.1141879238,deaths,russia
2026-02-01,1438,373893.9067303027,342089.3365292151,408655.5694330714,292271.02817718405,478311.79378657765,deaths,russia
2026-01-31,1437,373231.27467501385,341370.6084820887,408065.74573117134,291687.35992011934,477571.646391631,deaths,russia
2026-01-30,1436,372608.93109664717,340679.68027587887,407530.88430489466,291134.210069084,476884.68488764146,deaths,russia
2026-01-29,1435,372008.40774628654,340000.23671790096,407030.12962840823,290596.4191611339,476228.46932973055,deaths,russia
2026-01-28,1434,371415.03363471915,339320.14494811697,406545.924272705,290062.2125581664,475584.7392972933,deaths,russia
2026-01-27,1433,370818.1375786088,338630.52907901164,406065.5658155335,289522.99391750724,474940.26386863645,deaths,russia
2026-01-26,1432,370195.9513633579,337918.74747565994,405556.5188079243,288963.06936085963,474265.03171748307,deaths,russia
2026-01-25,1431,369533.49510070257,337173.511146999,404999.51174814923,288370.803098465,473539.761049061,deaths,russia
2026-01-24,1430,368853.1099247254,336412.7681614818,404421.95738646295,287763.9208397185,472792.61085001833,deaths,russia
2026-01-23,1429,368137.93840524874,335622.63976478035,403803.5862615976,287128.92914596596,472002.53162399516,deaths,russia
2026-01-22,1428,367381.4482326933,334798.9126138738,403135.1369540608,286460.9910439014,471160.72712982766,deaths,russia
2026-01-21,1427,366586.9401413392,333944.1066534169,402420.8162915437,285762.6969778535,470271.408703779,deaths,russia
2026-01-20,1426,365780.20116431674,333077.84085800394,401693.6129536797,285054.0841843126,469367.76461356273,deaths,russia
2026-01-19,1425,365002.55187898205,332230.4035469299,401007.73672359367,284366.95719634014,468503.4721462674,deaths,russia
2026-01-18,1424,364255.6957357892,331402.849107261,400365.67164603533,283702.54685530945,467680.88037896785,deaths,russia
2026-01-17,1423,363552.9112994344,330608.2437814832,399780.8506725614,283072.0950525339,466915.5608453525,deaths,russia
2026-01-16,1422,362875.1784917297,329828.76253604743,399233.0260423666,282459.68487362994,466184.91295849864,deaths,russia
2026-01-15,1421,362225.3182777167,329066.3891624558,398726.02361186116,281867.4277860388,465492.7040857088,deaths,russia
2026-01-14,1420,361610.0536523182,328327.30297986313,398267.18596646003,281300.8556793943,464847.0848277056,deaths,russia
2026-01-13,1419,361006.8453528304,327591.77564766724,397830.8598105253,280741.5344968434,464220.5761264353,deaths,russia
2026-01-12,1418,360421.48046475486,326864.47754028894,397424.15417739,280194.0089902843,463620.5521650515,deaths,russia
2026-01-11,1417,359854.4788676945,326145.3558477436,397048.3063861075,279658.50406697387,463047.9860785031,deaths,russia
2026-01-10,1416,359290.90779176244,325425.28007090697,396681.4883455274,279124.18541123805,462482.3896485172,deaths,russia
2026-01-09,1415,358726.55022115365,324709.09237330925,396308.46226686484,278590.52125059353,461913.78154274746,deaths,russia
2026-01-08,1414,358179.7480039634,324019.7197385021,395941.72969013185,278074.7856017765,461360.7424921634,deaths,russia
2026-01-07,1413,357650.7811277402,323355.43983878865,395584.0085808236,277576.54160252603,460824.71621212474,deaths,russia
2026-01-06,1412,357097.07331382245,322677.66027849657,395188.34490605764,277060.73075462563,460254.1959920475,deaths,russia
2026-01-05,1411,356521.8070157739,321985.3619615471,394763.0296287262,276528.6389149358,459655.2515101386,deaths,russia
2026-01-04,1410,355936.7443248734,321287.6878579763,394322.8973429505,275989.4320984303,459042.9783278044,deaths,russia
2026-01-03,1409,355346.57709640317,320583.519390299,393879.7065029378,275445.133408955,458426.1151874737,deaths,russia
2026-01-02,1408,354753.89932311676,319866.18720370537,393447.3983465109,274894.74921382644,457813.0084934011,deaths,russia
2026-01-01,1407,354148.2455756406,319120.1573204714,393021.8777066882,274327.5406009114,457194.5312250223,deaths,russia
2025-12-31,1406,353533.3388345732,318350.63151187776,392605.0696622124,273747.1366066336,456574.26733259496,deaths,russia
2025-12-30,1405,352912.4047554184,317575.05560188636,392182.61866398336,273161.34197335126,455947.5439915215,deaths,russia
2025-12-29,1404,352307.63360167365,316830.70806715114,391757.754548373,272594.52817944915,455330.997768423,deaths,russia
2025-12-28,1403,351711.1531356957,316089.01092596503,391348.4081436481,272032.47517981555,454728.0600306147,deaths,russia
2025-12-27,1402,351137.51233916706,315369.1750698434,390963.17451492365,271489.2919880756,454152.7664791876,deaths,russia
2025-12-26,1401,350547.07631075504,314631.5393110863,390563.00738780707,270931.01935088664,453559.41862707323,deaths,russia
2025-12-25,1400,349959.84402906214,313892.95009363705,390171.5797674747,270373.59843232884,452973.08327129623,deaths,russia
2025-12-24,1399,349378.0857211701,313166.20256436453,389778.0000798646,269822.8445689441,452389.88005721016,deaths,russia
2025-12-23,1398,348832.03624593525,312468.6354620515,389428.0806004202,269300.01165502146,451852.4583497447,deaths,russia
2025-12-22,1397,348261.72099022847,311725.9239232433,389080.53908196307,268748.512002201,451300.3912623741,deaths,russia
2025-12-21,1396,347685.19651075447,310979.39220840886,388724.3362670535,268192.1695061202,450740.52321350394,deaths,russia
2025-12-20,1395,347128.399228292,310263.03383227973,388374.84247771505,267656.2989458757,450197.51071263646,deaths,russia
2025-12-19,1394,346619.9582506596,309610.0850194701,388054.507487028,267167.1506344169,449701.46556706546,deaths,russia
2025-12-18,1393,346106.65060853324,308972.02134743024,387704.93548341497,266680.9511055587,449187.94907549635,deaths,russia
2025-12-17,1392,345589.1860290319,308320.7129741334,387363.014796339,266187.47099837364,448676.0344509928,deaths,russia
2025-12-16,1391,345065.0136722383,307655.9613937076,387023.2960317233,265685.39514432586,448161.3219688302,deaths,russia
2025-12-15,1390,344568.66777650925,307012.4128341688,386719.7529453226,265204.25812926464,447683.7296705671,deaths,russia
2025-12-14,1389,344087.7910500207,306375.7625006467,386442.6881006171,264732.7002376303,447230.32370528474,deaths,russia
2025-12-13,1388,343585.0902515042,305697.71049003815,386169.22351661423,264234.5891960092,446765.1852735404,deaths,russia
2025-12-12,1387,343068.6995899097,304984.4778133132,385909.8505704415,263716.0986561012,446299.05404415925,deaths,russia
2025-12-11,1386,342547.36687430297,304248.9621117099,385667.9942926613,263186.28617255937,445839.39414390485,deaths,russia
2025-12-10,1385,342032.4007067785,303524.6524861267,385426.826763271,262663.2986875966,445384.94213262096,deaths,russia
2025-12-09,1384,341486.7326470888,302775.98790323304,385147.92702202965,262116.01636514298,444891.92998829106,deaths,russia
2025-12-08,1383,340939.976324399,302025.86252686253,384869.051737907,261567.0881924725,444399.09754427534,deaths,russia
2025-12-07,1382,340354.03501113085,301242.04982550733,384545.27106494905,260986.1869575972,443858.67279445165,deaths,russia
2025-12-06,1381,339732.5168168353,300426.6993900959,384182.0028210841,260375.83241324223,443275.79315709334,deaths,russia
2025-12-05,1380,339114.031642173,299611.9772491442,383825.4529464069,259766.52688219672,442699.28655382036,deaths,russia
2025-12-04,1379,338512.8345781945,298808.37658989074,383494.43535383814,259169.00482862614,442148.08106198354,deaths,russia
2025-12-03,1378,337918.5147737987,298014.2358503099,383167.36987974343,258577.99052902043,441603.9352991016,deaths,russia
2025-12-02,1377,337374.75927740114,297267.51813563466,382894.520165837,258028.64456334972,441120.9939504904,deaths,russia
2025-12-01,1376,336821.846110003,296528.7591746027,382591.15191319224,257478.0200586979,440616.49563605705,deaths,russia
2025-11-30,1375,336313.15599454613,295873.091696888,382281.35040186805,256981.12626697522,440135.8901141527,deaths,russia
2025-11-29,1374,335708.97939002176,295152.6553418572,381838.5726296408,256414.71728879897,439524.6169587728,deaths,russia
2025-11-28,1373,335113.1505336285,294450.4997407871,381391.56747302675,255859.24695771345,438916.6297267309,deaths,russia
2025-11-27,1372,334551.85992379644,293819.558974069,380931.178141243,255348.5136196865,438322.4747915702,deaths,russia
2025-11-26,1371,334014.37811309943,293233.3830148603,380467.1294687255,254866.86143848283,437740.863363306,deaths,russia
2025-11-25,1370,333476.8383066051,292646.86102791457,380003.61704042397,254384.8867013644,437159.7581439408,deaths,russia
2025-11-24,1369,332936.2837460639,292053.2829690578,379542.59473048075,253898.51321610154,436578.4124447759,deaths,russia
2025-11-23,1368,332376.46889985463,291402.8657495116,379111.70235345914,253379.70316233078,436002.4173618886,deaths,russia
2025-11-22,1367,331959.1601593449,290873.51138167764,378848.6499067409,252974.04897475414,435605.7180007475,deaths,russia
2025-11-21,1366,331521.7193056775,290318.18645377655,378573.8647053688,252548.3285051653,435190.8987321025,deaths,russia
2025-11-20,1365,331061.0266868561,289733.9186299957,378283.7882096157,252100.19933723612,434753.69258765125,deaths,russia
2025-11-19,1364,330578.28769313346,289130.81805038644,377967.986631562,251634.48202229253,434288.95855604106,deaths,russia
2025-11-18,1363,330066.03818526794,288523.37404446164,377590.6266267977,251154.00327998635,433772.27636912663,deaths,russia
2025-11-17,1362,329578.95791739406,287942.9053600596,377235.8241208598,250695.72507380496,433283.53464515996,deaths,russia
2025-11-16,1361,329099.5660163781,287365.5147584724,376894.9732048703,250241.78560901643,432807.6805026397,deaths,russia
2025-11-15,1360,328605.34519990976,286765.23546678567,376550.51639145904,249771.38370929478,432321.4460979598,deaths,russia
2025-11-14,1359,328113.1892990822,286166.05466345587,376209.7985380319,249302.00115058338,431839.0776504716,deaths,russia
2025-11-13,1358,327620.18058649683,285560.6259928445,375875.49037624575,248829.4565106958,431360.0214535139,deaths,russia
2025-11-12,1357,327086.87363813794,284897.01603061904,375525.5272382091,248314.37018217324,430848.71717020625,deaths,russia
2025-11-11,1356,326551.85460452206,284206.5702673744,375207.325461437,247786.63250071503,430355.01348202105,deaths,russia
2025-11-10,1355,326015.0789419091,283513.1436445668,374889.3951482698,247256.57528233947,429860.8746306871,deaths,russia
2025-11-09,1354,325515.1457382555,282884.0863585154,374571.4417608036,246770.03974354372,429388.38566401246,deaths,russia
2025-11-08,1353,325039.9689036279,282308.1044216733,374240.469464244,246317.10381788097,428922.8753267035,deaths,russia
2025-11-07,1352,324556.35375909635,281758.27852736146,373855.6693426951,245872.07388580305,428421.46198351635,deaths,russia
2025-11-06,1351,324054.8423943087,281216.94935596234,373418.42863057175,245423.3760905456,427879.2361469981,deaths,russia
2025-11-05,1350,323602.2806681454,280760.4700818004,372981.46055851725,245032.6723878161,427365.2353074796,deaths,russia
2025-11-04,1349,323182.7103501071,280373.8977230521,372527.79297323775,244686.71432608692,426860.3943223961,deaths,russia
2025-11-03,1348,322764.80227891664,280025.0991760267,372027.8167831244,244358.25922014873,426329.4362935626,deaths,russia
2025-11-02,1347,322326.2898775925,279659.9270348309,371502.0888997682,244014.00487073796,425771.6185698212,deaths,russia
2025-11-01,1346,321871.77114918793,279270.6300909289,370971.50601373246,243652.41346819676,425201.77634831576,deaths,russia
2025-10-31,1345,321449.33771745133,278919.0538051233,370464.76709001564,243320.93359855097,424664.1615323689,deaths,russia
2025-10-30,1344,321040.13791974715,278569.1765538156,369986.2847305762,242995.70145127183,424150.6126871033,deaths,russia
2025-10-29,1343,320620.209940289,278175.9980649986,369540.61997975846,242646.7656178877,423650.1110650394,deaths,russia
2025-10-28,1342,320183.42613876227,277746.5635144507,369104.2987703656,242274.72135888634,423145.4366374114,deaths,russia
2025-10-27,1341,319751.51665497274,277305.2109323678,368695.05594853155,241899.41751651315,422659.34951627173,deaths,russia
2025-10-26,1340,319295.50760326756,276838.7991660868,368263.59713382757,241502.98416841635,422146.5063767265,deaths,russia
2025-10-25,1339,318819.86978078494,276356.8360168583,367807.6194438219,241091.49109627423,421608.1374403385,deaths,russia
2025-10-24,1338,318320.53677590005,275834.3397853204,367350.9714919305,240652.12138434063,421055.8912447303,deaths,russia
2025-10-23,1337,317795.84576834406,275272.43990347313,366888.3471507287,240184.67973695183,420485.73336148285,deaths,russia
2025-10-22,1336,317264.5406556208,274713.29517626885,366406.8960041505,239715.70295514778,419900.833330161,deaths,russia
2025-10-21,1335,316737.78824872256,274166.1321794503,365920.05759876274,239253.95365624627,419315.3807528089,deaths,russia
2025-10-20,1334,316214.2695539064,273635.75785989454,365418.28396683716,238801.09898638117,418722.91574965697,deaths,russia
2025-10-19,1333,315726.29610308,273149.8429270303,364939.3253414771,238382.8017732632,418164.02503136883,deaths,russia
2025-10-18,1332,315283.2434799838,272731.46268392267,364474.0247941779,238013.26734742767,417638.61548238405,deaths,russia
2025-10-17,1331,314852.7285381997,272330.5411273837,364014.4217133517,237656.7261923755,417123.6602781389,deaths,russia
2025-10-16,1330,314448.67572985176,271948.8398369426,363590.35868870723,237319.66954251702,416644.664026678,deaths,russia
2025-10-15,1329,314065.5777890267,271591.4637552626,363182.24902600085,237002.1467768737,416186.9244522041,deaths,russia
2025-10-14,1328,313688.85042191384,271225.26519600046,362800.72243079287,236683.24327446704,415748.53028715256,deaths,russia
2025-10-13,1327,313316.46181089175,270840.4323937241,362454.2011634865,236357.6982604719,415333.3284155163,deaths,russia
2025-10-12,1326,312940.5398817949,270444.6409048724,362114.1856732379,236025.77821478137,414919.97788450384,deaths,russia
2025-10-11,1325,312538.96290466614,269998.3547640055,361782.4181022399,235660.62082610876,414497.0430079004,deaths,russia
2025-10-10,1324,312163.36563396343,269591.14716087613,361458.4666896817,235323.70604321006,414093.37016173516,deaths,russia
2025-10-09,1323,311833.02543461585,269289.66688178264,361097.6382628677,235053.00371621054,413693.2794689514,deaths,russia
2025-10-08,1322,311545.58792474086,269058.74610760296,360741.63939215546,234831.61033504872,413320.26465649944,deaths,russia
2025-10-07,1321,311296.97774677066,268903.5377092786,360374.1513196818,234660.18107176365,412962.37037585635,deaths,russia
2025-10-06,1320,311006.2016821323,268691.8988656434,359984.55476962327,234446.206603757,412567.4505678718,deaths,russia
2025-10-05,1319,310710.34188687324,268629.27681528125,359599.6952940933,234224.62386196342,412172.4307821373,deaths,russia
2025-10-04,1318,310427.40956415696,268629.27681528125,359221.70413422387,234016.11096708782,411788.70311709045,deaths,russia
2025-10-03,1317,310160.3341800088,268629.27681528125,358833.86442729237,233829.71460229246,411408.1189896875,deaths,russia
2025-10-02,1316,309870.18174963514,268629.27681528125,358415.74051370384,233625.9762173819,410996.85646961426,deaths,russia
2025-10-01,1315,309525.4698438716,268629.27681528125,357916.5995206841,233384.5951972479,410507.1135759391,deaths,russia
2025-09-30,1314,309155.4739974783,268629.27681528125,357360.94053123385,233132.01809573115,409970.04426169343,deaths,russia
2025-09-29,1313,308808.8850902438,268629.27681528125,356776.58656554297,232916.79445640644,409429.3694327037,deaths,russia
2025-09-28,1312,308473.62277929345,268629.27681528125,356117.591825028,232739.68704087022,408851.80016176583,deaths,russia
2025-09-27,1311,308128.1262561565,268629.27681528125,355358.67478638235,232583.4101624113,408210.6086292929,deaths,russia
2025-09-26,1310,307738.41382159025,268629.27681528125,354516.4433346505,232401.99896492326,407496.54711995536,deaths,russia
2025-09-25,1309,307345.5508473549,268629.27681528125,353679.2086409791,232214.60048758858,406784.84156619385,deaths,russia
2025-09-24,1308,306968.1368806739,268629.27681528125,352877.8674753006,232033.12111187828,406103.80209475016,deaths,russia
2025-09-23,1307,306591.7715897998,268629.27681528125,352117.40356629906,231839.14607686078,405447.50245218084,deaths,russia
2025-09-22,1306,306273.9658888101,268629.27681528125,351381.4605718155,231705.6968411981,404840.3138289164,deaths,russia
2025-09-21,1305,305962.62288846844,268629.27681528125,350664.6042360611,231572.9608126724,404249.177969159,deaths,russia
2025-09-20,1304,305695.7699157073,268629.27681528125,350013.98467112804,231470.24923714518,403723.41572715127,deaths,russia
2025-09-19,1303,305463.00215962087,268629.27681528125,349402.4358303557,231394.18278152187,403241.4144153503,deaths,russia
2025-09-18,1302,305246.36694221507,268629.27681528125,348811.677476523,231329.778563018,402781.8435572808,deaths,russia
2025-09-17,1301,305042.1463770815,268629.27681528125,348216.64499821444,231280.73623621173,402328.431051593,deaths,russia
2025-09-16,1300,304832.905911272,268629.27681528125,347568.26332553074,231242.30734971518,401843.43498142774,deaths,russia
2025-09-15,1299,304562.9289362576,268629.27681528125,346891.86734742473,231141.6307780484,401306.58853734686,deaths,russia
2025-09-14,1298,304294.7963912207,268629.27681528125,346241.82473482453,231034.2846532138,400786.32722387166,deaths,russia
2025-09-13,1297,304003.6904561435,268629.27681528125,345575.08166534925,230904.88266014724,400243.98011412565,deaths,russia
2025-09-12,1296,303698.6043024319,268629.27681528125,344892.94663281617,230763.35184788913,399686.027830703,deaths,russia
2025-09-11,1295,303380.90627179184,268629.27681528125,344185.4223456407,230614.4541531488,399107.79495069315,deaths,russia
2025-09-10,1294,303043.3501747931,268629.27681528125,343456.6871261019,230448.520434882,398506.93973676773,deaths,russia
2025-09-09,1293,302702.2793853633,268629.27681528125,342727.1598226955,230278.07208819085,397904.799345343,deaths,russia
2025-09-08,1292,302373.58246477804,268629.27681528125,341960.7656356139,230132.60756714892,397292.11420809967,deaths,russia
2025-09-07,1291,302030.1151984512,268629.27681528125,341158.41216431896,229980.43692115363,396652.32017932116,deaths,russia
2025-09-06,1290,301683.35208625725,268629.27681528125,340355.2899286549,229823.97788623965,396011.42133676907,deaths,russia
2025-09-05,1289,301353.26273433986,268629.27681528125,339567.8408748627,229680.95305888605,395391.3614979162,deaths,russia
2025-09-04,1288,301023.1452950026,268629.27681528125,338763.85867367947,229541.74529745337,394764.88155949063,deaths,russia
2025-09-03,1287,300695.85493581166,268629.27681528125,337940.43717551796,229410.44689029566,394132.421278394,deaths,russia
2025-09-02,1286,300370.3387102458,268629.27681528125,337113.3659061826,229281.19408893434,393501.29373458197,deaths,russia
2025-09-01,1285,300026.2276833415,268629.27681528125,336305.09707655344,229124.62463785076,392868.44315615157,deaths,russia
2025-08-31,1284,299687.1612477283,268629.27681528125,335527.84736414516,228964.1739154448,392255.5694352989,deaths,russia
2025-08-30,1283,299339.29123344325,268629.27681528125,334758.01428233454,228790.99595576266,391641.5591062682,deaths,russia
2025-08-29,1282,298978.3362643455,268629.27681528125,334020.2173645442,228593.22051479045,391035.5411619369,deaths,russia
2025-08-28,1281,298627.67348320776,268629.27681528125,333349.1747471541,228387.49536329697,390470.16156740964,deaths,russia
2025-08-27,1280,298318.2779282461,268629.27681528125,332742.44686589245,228209.43599034188,389965.5155204659,deaths,russia
2025-08-26,1279,298038.5449577696,268629.27681528125,332174.0320042122,228053.37847829403,389500.9196805264,deaths,russia
2025-08-25,1278,297793.44121028914,268629.27681528125,331613.01511073764,227933.68109423475,389064.79781125096,deaths,russia
2025-08-24,1277,297562.0112817344,268629.27681528125,331032.81027388596,227834.01414825305,388630.30549158313,deaths,russia
2025-08-23,1276,297353.994852271,268629.27681528125,330449.12899914104,227760.81315278012,388211.929880862,deaths,russia
2025-08-22,1275,297162.6222725203,268629.27681528125,329841.2825266119,227712.06011199762,387795.45192867616,deaths,russia
2025-08-21,1274,296946.5570832724,268629.27681528125,329166.9612630912,227652.97494158073,387332.2300160203,deaths,russia
2025-08-20,1273,296676.92638806,268629.27681528125,328429.8723281202,227550.05056541707,386804.0183349821,deaths,russia
2025-08-19,1272,296378.40558108926,268629.27681528125,327661.24290893733,227422.3428723936,386242.7549223474,deaths,russia
2025-08-18,1271,296082.5612577716,268629.27681528125,326889.4906787925,227297.31284044005,385684.0637239575,deaths,russia
2025-08-17,1270,295750.2253132644,268629.27681528125,326082.7502583675,227139.9378292919,385085.32940632844,deaths,russia
2025-08-16,1269,295379.8357344651,268629.27681528125,325249.79144433,226946.3655934774,384448.9879640185,deaths,russia
2025-08-15,1268,294996.78959994693,268629.27681528125,324420.90192882274,226736.78354598465,383806.94634739606,deaths,russia
2025-08-14,1267,294632.0341950636,268629.27681528125,323626.501758447,226537.49044260185,383195.19114963873,deaths,russia
2025-08-13,1266,294295.5373835945,268629.27681528125,322876.8964428376,226356.88310748813,382625.4334575116,deaths,russia
2025-08-12,1265,293965.8259261394,268629.27681528125,322158.57673263305,226175.08975077016,382075.40341848024,deaths,russia
2025-08-11,1264,293634.2493713451,268629.27681528125,321456.4946785114,225986.42171954204,381532.2209414554,deaths,russia
2025-08-10,1263,293315.96998504794,268629.27681528125,320784.768484003,225803.9959224329,381013.11985775904,deaths,russia
2025-08-09,1262,293014.222558917,268629.27681528125,320145.9845841834,225630.91175435035,380521.2511104827,deaths,russia
2025-08-08,1261,292697.81569741416,268629.27681528125,319502.69240410737,225442.42155564995,380017.3401102914,deaths,russia
2025-08-07,1260,292380.9919891915,268629.27681528125,318854.9687383062,225253.77271288272,379512.67567990697,deaths,russia
2025-08-06,1259,292057.8981232055,268629.27681528125,318202.9155940419,225058.68315593293,379002.6400642623,deaths,russia
2025-08-05,1258,291749.94059413887,268629.27681528125,317553.82685631973,224878.4936673957,378506.8461805325,deaths,russia
2025-08-04,1257,291476.4060751748,268629.27681528125,316932.43071034184,224728.04086721694,378050.38256192044,deaths,russia
2025-08-03,1256,291239.76165385963,268629.27681528125,316343.4649937574,224608.85199578293,377637.0787020127,deaths,russia
2025-08-02,1255,291033.514854728,268629.27681528125,315771.4621340671,224517.54039021448,377255.788437778,deaths,russia
2025-08-01,1254,290842.0478319173,268629.27681528125,315215.7514793734,224437.64073405263,376893.6839422282,deaths,russia
2025-07-31,1253,290648.82817503024,268629.27681528125,314679.6679613278,224350.78060489552,376538.7813761467,deaths,russia
2025-07-30,1252,290458.15459557995,268629.27681528125,314155.72669472307,224263.25178442497,376191.64705391886,deaths,russia
2025-07-29,1251,290243.46113637177,268629.27681528125,313616.3072822317,224152.94660680034,375820.5489954539,deaths,russia
2025-07-28,1250,289991.4331243313,268629.27681528125,313053.32064111077,224007.60787051625,375411.5542755972,deaths,russia
2025-07-27,1249,289719.6508465167,268612.8770678602,312485.81559249846,223841.79339720597,374985.7683411289,deaths,russia
2025-07-26,1248,289426.63119041565,268562.4988621861,311912.5262634755,223654.30509092603,374541.347999124,deaths,russia
2025-07-25,1247,289131.3622949435,268499.3391354081,311349.59828264377,223461.86813421352,374099.41224629147,deaths,russia
2025-07-24,1246,288845.1861108949,268441.5372900771,310800.387650583,223275.69613932277,373670.53594631294,deaths,russia
2025-07-23,1245,288564.48525001155,268371.8224216648,310277.0585386863,223089.58256181187,373255.74367632467,deaths,russia
2025-07-22,1244,288310.8741667273,268314.6598179753,309797.8033596592,222922.36827497353,372879.42683223274,deaths,russia
2025-07-21,1243,288076.1684940587,268270.83810279676,309344.0985617383,222769.2922187383,372528.3789414367,deaths,russia
2025-07-20,1242,287830.9472688901,268213.2310344955,308884.00339295133,222606.20517063764,372166.8880271421,deaths,russia
2025-07-19,1241,287576.54905233457,268144.7570964779,308417.0092369982,222434.61981855813,371795.8839755967,deaths,russia
2025-07-18,1240,287319.42410790804,268080.8682227246,307939.16479949217,222262.0078277572,371419.5553138162,deaths,russia
2025-07-17,1239,287054.1630212386,268012.33488364244,307449.50834815425,222082.92558465732,371033.01582521375,deaths,russia
2025-07-16,1238,286787.3000259605,267953.79086936783,306945.20758482174,221904.71468799448,370640.88861537667,deaths,russia
2025-07-15,1237,286517.41786945006,267898.9770667469,306430.47330018156,221725.01699462894,370243.45363163913,deaths,russia
2025-07-14,1236,286246.91597525135,267841.8062755425,305917.43237667874,221543.96023247857,369846.7005436828,deaths,russia
2025-07-13,1235,285987.1240195116,267793.5104125424,305417.4523334374,221371.060068345,369464.01642032724,deaths,russia
2025-07-12,1234,285723.7554062157,267738.73436583224,304917.5151795977,221194.12160020438,369078.8385510488,deaths,russia
2025-07-11,1233,285446.2935937481,267659.85541309044,304415.2228670959,221002.86138977885,368681.15566430264,deaths,russia
2025-07-10,1232,285135.94062255375,267539.02404847846,303890.74087863293,220781.76550591143,368248.2872294398,deaths,russia
2025-07-09,1231,284793.4021270656,267379.1608384896,303342.2242348018,220531.92722747586,367780.23055064515,deaths,russia
2025-07-08,1230,284420.18524416775,267181.23176010983,302771.7753089321,220254.51800933055,367278.92327079776,deaths,russia
2025-07-07,1229,284009.10052563716,266935.53450126835,302175.0193056671,219943.09494873445,366736.5384895609,deaths,russia
2025-07-06,1228,283587.8277755912,266670.1035767841,301579.09289301635,219620.97783362007,366185.6754139209,deaths,russia
2025-07-05,1227,283171.440643152,266402.5459603644,300996.11925818364,219301.3433039937,365643.2907674603,deaths,russia
2025-07-04,1226,282769.9624413707,266141.9855273156,300437.048005626,218992.49031874188,365121.43218316673,deaths,russia
2025-07-03,1225,282394.17238117714,265896.50294090674,299915.6361426319,218702.96624193582,364633.6855474704,deaths,russia
2025-07-02,1224,282037.6067285401,265664.1716131523,299420.3313248103,218428.2255420102,364170.93728038576,deaths,russia
2025-07-01,1223,281696.0650481568,265441.2095279113,298946.47489855275,218164.8317202115,363728.06954008195,deaths,russia
2025-06-30,1222,281370.0791695944,265229.0913171821,298493.4966627084,217913.46764794097,363305.317084329,deaths,russia
2025-06-29,1221,281044.113699481,265012.86233162705,298045.26444786333,217661.2297813234,362884.0741694299,deaths,russia
2025-06-28,1220,280701.8671415412,264775.4660556951,297586.3818421252,217394.33006392652,362445.23133753974,deaths,russia
2025-06-27,1219,280341.24371521716,264520.205625119,297108.6733614657,217112.05585725018,361984.564647206,deaths,russia
2025-06-26,1218,279946.52878586855,264236.78247186146,296590.394002488,216802.26773401734,361481.7318565749,deaths,russia
2025-06-25,1217,279540.05854301946,263937.4249447337,296065.15359175915,216481.78176429326,360966.3782888519,deaths,russia
2025-06-24,1216,279135.40311776253,263634.97512814426,295547.290852859,216161.82336304703,360454.8319456189,deaths,russia
2025-06-23,1215,278728.73069348646,263330.60621537716,295027.3604521946,215840.12772951057,359940.9736539779,deaths,russia
2025-06-22,1214,278315.71605462173,263020.31844286073,294500.69130915345,215513.1292407105,359419.57872988604,deaths,russia
2025-06-21,1213,277912.7276539278,262718.8473440604,293985.4224901063,215194.23718961797,358910.5612595422,deaths,russia
2025-06-20,1212,277504.1213485111,262409.76130088046,293466.8393666002,214870.2259973375,358395.5723681596,deaths,russia
2025-06-19,1211,277121.88426946604,262121.0424443887,292981.3004216757,214567.1440706902,357913.78692256316,deaths,russia
2025-06-18,1210,276742.76089353336,261835.21933159817,292499.150240549,214266.5791753371,357435.8467752162,deaths,russia
2025-06-17,1209,276342.6738704545,261528.38969147735,291996.1968440922,213948.4176793639,356933.1094223768,deaths,russia
2025-06-16,1208,275957.1308852963,261234.2536960125,291509.85171218024,213642.0369915974,356448.289394178,deaths,russia
2025-06-15,1207,275586.0269767781,260951.81124025607,291041.00930049736,213347.19301966694,355981.52294619934,deaths,russia
2025-06-14,1206,275225.22522283305,260677.67326998248,290584.7068733981,213060.56410824653,355527.6650824551,deaths,russia
2025-06-13,1205,274878.27187948604,260415.0929033862,290144.7989079396,212785.07788958083,355090.9929778069,deaths,russia
2025-06-12,1204,274522.01135331887,260142.31348687748,289696.63835056627,212501.6220320044,354643.57546753157,deaths,russia
2025-06-11,1203,274157.38280125754,259859.5253046552,289241.99559934204,212210.85424678255,354186.74171245634,deaths,russia
2025-06-10,1202,273797.3417970982,259576.91782445268,288796.8604167669,211923.14129283084,353736.6647147001,deaths,russia
2025-06-09,1201,273401.5309335034,259257.9324569419,288316.7700435956,211605.39806136914,353244.2885052441,deaths,russia
2025-06-08,1200,272995.66060535837,258927.81347031408,287827.875638138,211279.03274002887,352740.3124785771,deaths,russia
2025-06-07,1199,272570.341712572,258574.8564508772,287323.38186770125,210935.8268705396,352214.19575057965,deaths,russia
2025-06-06,1198,272132.4854073601,258208.3885247015,286807.4913195537,210581.96937733094,351673.46634820645,deaths,russia
2025-06-05,1197,271690.8756206874,257840.37957643665,286285.4266442819,210225.32831292073,351127.6876080769,deaths,russia
2025-06-04,1196,271245.9326352494,257471.68586948258,285757.12611911126,209866.32277662802,350577.24581348134,deaths,russia
2025-06-03,1195,270809.84099075856,257111.89710925927,285237.6116307052,209514.70904614587,350037.3395215301,deaths,russia
2025-06-02,1194,270402.6433321194,256774.2372980061,284754.4301021946,209186.10604329177,349533.6867209049,deaths,russia
2025-06-01,1193,269996.30078437534,256433.17794901217,284276.8381852637,208857.50688081922,349032.24071986246,deaths,russia
2025-05-31,1192,269607.7577655197,256101.92756087537,283825.8606447089,208542.4737535418,348554.1481487719,deaths,russia
2025-05-30,1191,269215.692731138,255765.55406236986,283373.15882707277,208224.24157850677,348072.3001860139,deaths,russia
2025-05-29,1190,268840.00848169904,255439.1240112744,282943.94019320514,207918.63352441316,347611.7105640783,deaths,russia
2025-05-28,1189,268474.0539852848,255116.1515920731,282531.3850089703,207620.13093836396,347164.40641300485,deaths,russia
2025-05-27,1188,268097.18321832205,254782.98390641852,282107.15465999924,207312.63715847553,346703.90839926846,deaths,russia
2025-05-26,1187,267687.7080938106,254424.33344773407,281642.5335666565,206979.08590090572,346202.6643652936,deaths,russia
2025-05-25,1186,267262.7885551389,254056.87167201424,281155.1840920378,206633.7075478188,345681.2577688976,deaths,russia
2025-05-24,1185,266833.3294725289,253691.52653597345,280655.94674670795,206285.61913428988,345152.64642888843,deaths,russia
2025-05-23,1184,266402.5083474404,253326.61738458046,280153.3776645613,205936.6837848294,344621.93365686917,deaths,russia
2025-05-22,1183,265946.53302958974,252938.92565416708,279623.1117276694,205567.1453334551,344060.62409423315,deaths,russia
2025-05-21,1182,265474.12021016737,252538.2887220395,279072.60785583104,205184.44918983983,343478.81069738447,deaths,russia
2025-05-20,1181,265007.62575074553,252139.564332327,278532.4473956933,204806.06172472518,342905.104196588,deaths,russia
2025-05-19,1180,264543.3774979603,251739.8955997817,277998.0696192991,204429.0502844076,342334.9127777486,deaths,russia
2025-05-18,1179,264073.50542362,251330.9427130839,277462.1455403023,204046.77359988115,341758.9884774363,deaths,russia
2025-05-17,1178,263596.4127296503,250913.41083036383,276920.52823194733,203658.2757440983,341174.7998128522,deaths,russia
2025-05-16,1177,263127.08498755406,250500.04733278026,276390.6367596179,203275.70557963353,340600.78777492145,deaths,russia
2025-05-15,1176,262673.19803449,250100.31365081566,275878.1548144239,202905.7405089458,340045.6357436723,deaths,russia
2025-05-14,1175,262235.2706281153,249715.89783946605,275382.31454671157,202548.9825088133,339509.6765366685,deaths,russia
2025-05-13,1174,261795.03663514083,249330.5988154607,274882.61114160845,202190.53372253347,338970.5842529874,deaths,russia
2025-05-12,1173,261364.04194976127,248955.10325434187,274391.5137412947,201839.8801924752,338442.3551745568,deaths,russia
2025-05-11,1172,260948.60948574904,248594.78931403765,273916.3738007307,201502.13798124387,337932.7847382019,deaths,russia
2025-05-10,1171,260543.3081031013,248243.54135132692,273452.51975834044,201172.68637930477,337435.5550883996,deaths,russia
2025-05-09,1170,260150.18026295968,247903.23858173532,273002.16949436703,200853.20105205057,336953.1459357688,deaths,russia
2025-05-08,1169,259758.88239382778,247562.4454362444,272556.206942458,200534.90101190505,336473.49374322064,deaths,russia
2025-05-07,1168,259361.53206534707,247212.9846358386,272107.0976619733,200211.17035415684,335987.2781567568,deaths,russia
2025-05-06,1167,258960.90125899902,246859.45610766846,271655.58920323616,199884.60249402802,335497.329921282,deaths,russia
2025-05-05,1166,258560.48626937385,246505.76036681788,271204.7278853302,199558.16522149698,335007.726815065,deaths,russia
2025-05-04,1165,258159.76865544106,246146.1702158924,270759.72305438883,199230.65389031038,334519.14766203426,deaths,russia
2025-05-03,1164,257735.6405225749,245765.6378322041,270288.65321976173,198884.0372473949,334001.98371245083,deaths,russia
2025-05-02,1163,257292.6685390931,245368.28009332414,269796.5698086836,198522.0512002036,333461.79744183226,deaths,russia
2025-05-01,1162,256842.61616582578,244965.5594077324,269295.5388828193,198154.44641365513,332912.70301042416,deaths,russia
2025-04-30,1161,256404.91661707315,244571.8728990082,268810.485151589,197796.65087786512,332379.15742970136,deaths,russia
2025-04-29,1160,255970.78966236117,244180.44707170513,268330.44169837487,197441.65607420923,331850.1745887378,deaths,russia
2025-04-28,1159,255539.68309211888,243785.04001730803,267861.10924306914,197088.16883925043,331326.4966447042,deaths,russia
2025-04-27,1158,255104.25801807854,243382.11834686005,267390.9803567204,196730.64763127736,330798.4098794842,deaths,russia
2025-04-26,1157,254691.30716366085,242988.70687330695,266957.520319652,196389.95277018743,330300.3249625064,deaths,russia
2025-04-25,1156,254294.64684701446,242596.44243541735,266556.9596325927,196060.61340334147,329825.4055075454,deaths,russia
2025-04-24,1155,253912.03096375545,242205.76373894073,266184.1100769516,195741.14775652133,329370.3177867266,deaths,russia
2025-04-23,1154,253526.0877729039,241800.35433440792,265820.4879589725,195417.24975030406,328914.06681308296,deaths,russia
2025-04-22,1153,253140.61795142823,241386.95390528595,265466.6524058817,195092.51875250664,328460.45747210656,deaths,russia
2025-04-21,1152,252767.2924956049,240982.66284029023,265128.2777848236,194777.45813703845,328022.0933956037,deaths,russia
2025-04-20,1151,252400.66859126568,240586.14614589332,264795.41314419935,194468.1521153636,327591.4424399331,deaths,russia
2025-04-19,1150,252019.31652844916,240183.26173239318,264438.6685726716,194147.85103855835,327141.0938475631,deaths,russia
2025-04-18,1149,251627.94097979352,239781.62432841107,264059.5320819721,193820.90423071684,326675.93320183933,deaths,russia
2025-04-17,1148,251209.9318827864,239374.50271336778,263630.5472836229,193474.98555970928,326173.6044786013,deaths,russia
2025-04-16,1147,250786.35192817327,238977.30486074343,263178.9515983017,193126.76325547916,325660.7026101169,deaths,russia
2025-04-15,1146,250358.4948545768,238589.3310580543,262708.22909186844,192777.01645791292,325139.27167042275,deaths,russia
2025-04-14,1145,249913.59296515366,238192.68088224417,262211.2923542156,192414.36881730656,324595.33486355783,deaths,russia
2025-04-13,1144,249462.33244790966,237792.82170220854,261704.54690157267,192046.9285572724,324042.9728086864,deaths,russia
2025-04-12,1143,249003.67031498306,237400.97161894385,261173.47797716453,191675.61641475128,323477.9213280857,deaths,russia
2025-04-11,1142,248534.10505006326,237012.6149370588,260615.7226879584,191297.35141010044,322896.28129102103,deaths,russia
2025-04-10,1141,248079.6467263544,236637.15330847734,260075.51184448,190931.2821128659,322333.31421364995,deaths,russia
2025-04-09,1140,247622.36011867225,236253.85448910482,259537.9939191425,190562.14765249597,321768.1780916985,deaths,russia
2025-04-08,1139,247165.95217776945,235867.5876339237,259005.59570835636,190193.18811366925,321205.0357744608,deaths,russia
2025-04-07,1138,246698.30938033157,235480.06704851837,258451.05858685455,189816.32013729715,320626.05450471624,deaths,russia
2025-04-06,1137,246230.0146732807,235094.3608568351,257893.1767409637,189439.27292955067,320045.6873315603,deaths,russia
2025-04-05,1136,245761.5624028835,234707.4859391452,257336.30439334174,189061.89581857697,319465.47192631324,deaths,russia
2025-04-04,1135,245300.0710400474,234325.83405820307,256788.33677847893,188690.00177301987,318894.092617062,deaths,russia
2025-04-03,1134,244829.38929834974,233930.74451769222,256235.88122404384,188309.87036283422,318312.74496766605,deaths,russia
2025-04-02,1133,244347.82409908331,233533.69673100658,255662.80975645036,187921.95473651218,317716.26230565103,deaths,russia
2025-04-01,1132,243859.77889427805,233134.26497350849,255078.81042322874,187529.2271784958,317111.0698102019,deaths,russia
2025-03-31,1131,243388.78513993518,232740.1936975748,254524.65306272008,187149.01713636602,316529.0628055406,deaths,russia
2025-03-30,1130,242911.88479690792,232343.9449167836,253960.5467943636,186764.41216985995,315939.1318008133,deaths,russia
2025-03-29,1129,242458.4793838722,231957.34434177825,253435.05334164912,186397.39533337488,315380.56973647437,deaths,russia
2025-03-28,1128,242019.79390695138,231573.27427137434,252937.59172012526,186040.93021637466,314842.45406954444,deaths,russia
2025-03-27,1127,241595.46589117055,231194.6027987078,252464.24984618512,185695.18726212936,314323.5562011009,deaths,russia
2025-03-26,1126,241172.41511005218,230806.7049849049,252003.6627272282,185349.1122986231,313808.55282992125,deaths,russia
2025-03-25,1125,240746.56286785472,230406.13930750208,251551.05821216223,184999.4182463315,313292.3962610373,deaths,russia
2025-03-24,1124,240317.67476058644,229997.16051306386,251101.29691129673,184646.51646033768,312773.7804286066,deaths,russia
2025-03-23,1123,239889.80366732556,229582.964018249,250659.35840423705,184293.65532011958,312257.75209704257,deaths,russia
2025-03-22,1122,239460.9727389921,229166.533733295,250217.85273062333,183939.85522733608,311740.8241815643,deaths,russia
2025-03-21,1121,239012.55455846104,228740.1324032779,249746.3013735962,183571.1346798279,311198.1925986465,deaths,russia
2025-03-20,1120,238572.01612942485,228324.98462468584,249278.931510154,183209.42341419196,310664.2070520593,deaths,russia
2025-03-19,1119,238162.00036179204,227933.55194648323,248849.4531041985,182872.13376526503,310168.3134640633,deaths,russia
2025-03-18,1118,237768.66259562998,227561.68997617433,248433.46078958482,182549.08180514368,309691.7224324886,deaths,russia
2025-03-17,1117,237382.96526815425,227198.3860557068,248024.09082420252,182232.51328502168,309224.04497363785,deaths,russia
2025-03-16,1116,237010.814722966,226845.77313133515,247631.35880919616,181926.8141478985,308773.2249387077,deaths,russia
2025-03-15,1115,236634.47720811455,226488.34604488767,247235.13300954734,181617.58801439693,308317.489416147,deaths,russia
2025-03-14,1114,236274.42922262836,226130.18768937522,246873.7470404609,181319.61962701517,307885.0996601281,deaths,russia
2025-03-13,1113,235907.37175706236,225755.3893119924,246515.88623216836,181014.58416595747,307446.4523069647,deaths,russia
2025-03-12,1112,235524.42671380582,225361.37871741122,246145.8173675136,180695.9546196224,306989.49561499467,deaths,russia
2025-03-11,1111,235129.14034005743,224948.00572819434,245771.11097527604,180366.18810994638,306519.30050840287,deaths,russia
2025-03-10,1110,234726.93924473762,224528.95750852258,245388.15213866765,180030.89149089486,306040.486806067,deaths,russia
2025-03-09,1109,234300.27747141902,224096.6088171819,244968.57814198115,179676.8849909219,305529.7045032464,deaths,russia
2025-03-08,1108,233858.11297821248,223660.4381302488,244520.76685876457,179311.64523251978,304997.60220692516,deaths,russia
2025-03-07,1107,233399.71572471573,223227.10604051047,244035.92598552455,178935.54226001815,304441.6468179043,deaths,russia
2025-03-06,1106,232938.71747409384,222800.80140765005,243537.97053790104,178558.60662161213,303880.3348507504,deaths,russia
2025-03-05,1105,232480.19876622537,222380.85099180212,243038.24568357013,178184.29283893906,303321.0436346676,deaths,russia
2025-03-04,1104,232027.52580131937,221965.7543777631,242545.42993315507,177814.73655422035,302768.9213607872,deaths,russia
2025-03-03,1103,231570.39040210628,221540.27783226344,242054.62840081588,177440.73486708017,302212.7350370638,deaths,russia
2025-03-02,1102,231114.66968155355,221098.81723429298,241584.26685158515,177065.60469289558,301662.1772017982,deaths,russia
2025-03-01,1101,230658.83368091678,220643.24535168067,241129.09226989487,176688.54349476902,301114.6212677008,deaths,russia
2025-02-28,1100,230196.3959496473,220165.8180400473,240683.99668701322,176304.0371188976,300562.53146701487,deaths,russia
2025-02-27,1099,229713.94143386913,219669.35293393463,240217.85405477934,175903.15349015704,299986.10612257593,deaths,russia
2025-02-26,1098,229199.0111886885,219154.3054809315,239704.11813942704,175477.3147745949,299367.43569109443,deaths,russia
2025-02-25,1097,228656.9455494908,218629.83107887956,239143.94594454076,175031.45282080458,298712.0566170184,deaths,russia
2025-02-24,1096,228098.47812242652,218102.8916248681,238552.1727087686,174573.9404625818,298033.7237259281,deaths,russia
2025-02-23,1095,227529.06539362614,217577.17125637727,237936.17856942053,174109.06240449846,297339.3824135074,deaths,russia
2025-02-22,1094,226946.77617839226,217048.49157358657,237296.49528896748,173634.91505227162,296627.23296139983,deaths,russia
2025-02-21,1093,226362.6406995768,216530.59503158744,236641.17381853037,173160.9644601413,295909.93664806266,deaths,russia
2025-02-20,1092,225783.54264232414,216027.20819439608,235980.54747265394,172692.45456748529,295196.5258837817,deaths,russia
2025-02-19,1091,225231.67563249526,215547.39476006123,235351.1069560763,172245.9893397118,294516.65026898845,deaths,russia
2025-02-18,1090,224699.82188903293,215074.223239301,234756.24997892114,171814.3410770569,293863.79243467824,deaths,russia
2025-02-17,1089,224169.41331158282,214599.4249447885,234166.20135286747,171383.51930779064,293213.3145187086,deaths,russia
2025-02-16,1088,223643.46238760315,214128.58133611293,233581.15984188105,170956.35408889156,292568.2565047121,deaths,russia
2025-02-15,1087,223124.09435467285,213662.81063442546,233004.34694512325,170534.46331847255,291931.40864235576,deaths,russia
2025-02-14,1086,222619.7798479549,213199.27201046882,232456.550367299,170123.38349023546,291315.4584589327,deaths,russia
2025-02-13,1085,222115.46360557343,212726.53371240446,231918.78875994563,169711.15674846852,290701.4801148564,deaths,russia
2025-02-12,1084,221599.4416689747,212248.60833387994,231362.24420424525,169290.13499024342,290071.937456355,deaths,russia
2025-02-11,1083,221074.31457113172,211773.81082035438,230783.2850787663,168863.19884145027,289428.70553764375,deaths,russia
2025-02-10,1082,220558.7658026552,211309.6992781838,230212.68818294132,168444.3429724,288796.7172841776,deaths,russia
2025-02-09,1081,220049.00040839112,210853.81603108317,229645.21267596987,168030.5999433621,288171.12163805775,deaths,russia
2025-02-08,1080,219535.3939465579,210397.4917564822,229070.21635187243,167614.14344777077,287540.13186084037,deaths,russia
2025-02-07,1079,219010.01796608005,209937.5253417888,228474.62963952584,167189.03966653394,286893.1591468305,deaths,russia
2025-02-06,1078,218475.68231327544,209474.69542835923,227863.4798157842,166757.3385674396,286234.0469662922,deaths,russia
2025-02-05,1077,217938.25672788222,209005.86828419828,227252.43529784126,166322.73752001068,285571.8269966901,deaths,russia
2025-02-04,1076,217402.5026523043,208532.11170448957,226650.25386752878,165888.7264660855,284912.9873550655,deaths,russia
2025-02-03,1075,216872.91668802453,208059.50902673992,226059.68791346255,165459.2192077632,284262.5922046874,deaths,russia
2025-02-02,1074,216322.67925980617,207566.1250301535,225448.66483572772,165012.71201265897,283587.2816944101,deaths,russia
2025-02-01,1073,215782.080130805,207076.17241212766,224854.01685552037,164573.4289938375,282924.8407312232,deaths,russia
2025-01-31,1072,215247.28396030635,206591.65313292205,224265.57372463754,164138.91867479062,282269.4260903965,deaths,russia
2025-01-30,1071,214720.12406511896,206112.0773199262,223687.68889107526,163710.41099368146,281623.7311433878,deaths,russia
2025-01-29,1070,214196.2555648875,205633.92030966908,223115.1319673617,163284.42565379597,280982.3446370164,deaths,russia
2025-01-28,1069,213675.83966359525,205160.73316440475,222544.38130001127,162861.50742045106,280344.7531144943,deaths,russia
2025-01-27,1068,213154.36689719942,204689.6424133077,221969.15952274977,162438.1335652993,279705.18596629734,deaths,russia
2025-01-26,1067,212660.15709787724,204241.38021577222,221425.97162442474,162036.72318085877,279099.36522592977,deaths,russia
2025-01-25,1066,212155.05316544382,203779.94620756793,220874.3788714267,161626.12758053275,278480.7860749474,deaths,russia
2025-01-24,1065,211643.08525236612,203306.77040879743,220321.22609682966,161209.3551406733,277854.84546609985,deaths,russia
2025-01-23,1064,211132.0847453821,202831.44159241937,219772.42566153317,160793.0586940974,277230.6399280516,deaths,russia
2025-01-22,1063,210620.38376370113,202352.645657459,219225.92749082416,160375.90869047237,276606.08171499294,deaths,russia
2025-01-21,1062,210107.92057550294,201870.1233375161,218681.88206354342,159957.83509737256,275981.13024369953,deaths,russia
2025-01-20,1061,209582.0922872196,201370.18117471854,218128.88732831343,159528.34973022057,275340.77435194043,deaths,russia
2025-01-19,1060,209056.07675747236,200866.42543256618,217579.63419884865,159098.34248531927,274700.8442984398,deaths,russia
2025-01-18,1059,208535.01179063765,200367.3912798421,217035.5713387838,158672.44203752297,274066.8539886173,deaths,russia
2025-01-17,1058,208021.48932287932,199873.4918228183,216501.64685531904,158252.52282118448,273442.37757048826,deaths,russia
2025-01-16,1057,207517.37385700791,199385.92891164913,215980.4400762808,157840.0339545185,272829.8103721092,deaths,russia
2025-01-15,1056,207016.7461224804,198899.1205126644,215465.67606637406,157430.1494271637,272221.9300100135,deaths,russia
2025-01-14,1055,206519.9811619674,198413.77593311854,214957.36740096763,157023.21578061374,271619.12400309753,deaths,russia
2025-01-13,1054,206031.40277591994,197935.79026860456,214458.1290927378,156622.97078711295,271026.3019607367,deaths,russia
2025-01-12,1053,205537.75288650335,197452.61523363608,213953.95632048787,156218.59944373442,270427.296507638,deaths,russia
2025-01-11,1052,205049.58147632674,196973.01903931395,213457.31250466977,155818.5648025409,269835.2197604477,deaths,russia
2025-01-10,1051,204559.60046738168,196492.09676781876,212958.33968899737,155417.15404666786,269240.7829567897,deaths,russia
2025-01-09,1050,204073.151318905,196015.36606360835,212462.17816619194,155018.76817117012,268650.4195248587,deaths,russia
2025-01-08,1049,203577.2438059283,195528.05366631836,211957.79311430219,154612.54092437314,268048.7625769118,deaths,russia
2025-01-07,1048,203083.19431092264,195041.9434552186,211455.97536311392,154207.8150548789,267449.4142959387,deaths,russia
2025-01-06,1047,202581.74459901731,194546.91820730738,210948.4146892476,153796.89531555708,266841.3383191591,deaths,russia
2025-01-05,1046,202078.82292966338,194049.1425867274,210440.77318993342,153384.6772049562,266231.65899703215,deaths,russia
2025-01-04,1045,201574.05603426695,193549.40488595932,209931.41939941133,152970.98681155048,265619.69439497305,deaths,russia
2025-01-03,1044,201073.39961209352,193052.4513312454,209427.61062419423,152560.57046508402,265012.89867539937,deaths,russia
2025-01-02,1043,200564.38588546126,192544.2769266386,208918.56818047282,152143.01348322228,264396.4965863082,deaths,russia
2025-01-01,1042,200051.59650202954,192031.31993902262,208406.85394860085,151722.30394833154,263775.6433501011,deaths,russia
2024-12-31,1041,199535.9023344174,191513.40963617433,207894.46872564597,151299.0242011565,263151.62017613364,deaths,russia
2024-12-30,1040,199004.0743745635,190979.1698749551,207366.1974925595,150862.5564544489,262508.0080434948,deaths,russia
2024-12-29,1039,198471.0018899435,190441.77235812705,206838.7691064842,150424.90353659942,261863.20090129683,deaths,russia
2024-12-28,1038,197940.29198087245,189904.2036557745,206316.45991379264,149988.94458874495,261221.70418149506,deaths,russia
2024-12-27,1037,197407.85568103314,189362.50003682508,205795.05447544451,149551.33788115386,260578.5454371532,deaths,russia
2024-12-26,1036,196877.11265503158,188822.01441835047,205275.86487134325,149115.1151315296,259937.469722243,deaths,russia
2024-12-25,1035,196360.92815499048,188296.6760597569,204770.57475966253,148690.95439358693,259313.83655439247,deaths,russia
2024-12-24,1034,195844.2754518188,187772.10767947286,204263.4796361057,148266.60950127227,258689.31201732342,deaths,russia
2024-12-23,1033,195354.88458520916,187274.07244870695,203784.39827834466,147864.57715964678,258097.90493902453,deaths,russia
2024-12-22,1032,194863.75304589738,186773.08909445954,203304.90655561804,147461.02621347853,257504.57600931296,deaths,russia
2024-12-21,1031,194373.23859896965,186271.5229193927,202827.3516535125,147057.880912156,256912.1946838381,deaths,russia
2024-12-20,1030,193881.8773896889,185767.95685887843,202350.22355791726,146653.9466183046,256318.97910258613,deaths,russia
2024-12-19,1029,193383.36503151825,185255.21030091983,201868.18318875408,146243.95599756142,255717.4661069451,deaths,russia
2024-12-18,1028,192872.5779610844,184726.93370590176,201377.45332205205,145823.56882854167,255101.6966121012,deaths,russia
2024-12-17,1027,192360.24096657758,184193.04446722273,200889.6238143263,145401.46181372504,254484.8630359341,deaths,russia
2024-12-16,1026,191842.24472400936,183650.12269222763,200399.8473253834,144974.3493773518,253861.84436879738,deaths,russia
2024-12-15,1025,191324.5170809915,183105.8849716954,199912.09617486887,144547.30426202936,253239.45129696323,deaths,russia
2024-12-14,1024,190806.59192822315,182559.8187049908,199425.95926966195,144119.9276564888,252617.14629335146,deaths,russia
2024-12-13,1023,190290.38656073145,182013.82694330398,198943.36893421056,143693.78393764253,251997.26498626967,deaths,russia
2024-12-12,1022,189773.6924765375,181465.01186119742,198462.8768167788,143266.98139938232,251377.27743323834,deaths,russia
2024-12-11,1021,189260.89019608955,180917.5161833785,197989.11799210732,142843.07318647276,250762.55613809192,deaths,russia
2024-12-10,1020,188745.75194572043,180365.96805105617,197514.94770923592,142417.0602005856,250145.3730442725,deaths,russia
2024-12-09,1019,188233.0057675219,179814.95576510436,197045.24127331312,141992.7869748616,249531.50843115908,deaths,russia
2024-12-08,1018,187724.92232158175,179266.98597570864,196582.00895718747,141572.1409993928,248923.66752869738,deaths,russia
2024-12-07,1017,187217.12912825917,178718.1868964537,196120.34214163813,141151.60099533672,248316.44386014112,deaths,russia
2024-12-06,1016,186709.41352393018,178168.40097342775,195659.97138368365,140730.99674092905,247709.5733442179,deaths,russia
2024-12-05,1015,186199.61612363785,177615.5495765033,195198.6574126383,140308.57584989982,247100.41401127,deaths,russia
2024-12-04,1014,185695.72989735779,177067.14017232088,194744.91131851907,139890.8020487706,246498.79648460099,deaths,russia
2024-12-03,1013,185192.1693861085,176518.53942265632,194292.1159525772,139473.23347435845,245897.71928358398,deaths,russia
2024-12-02,1012,184689.5569284397,175969.96884598158,193841.33755791845,139056.317367682,245298.04608680308,deaths,russia
2024-12-01,1011,184187.42713474514,175422.9159231333,193389.9553952423,138639.94601232043,244698.73136771066,deaths,russia
2024-11-30,1010,183677.53919227154,174870.69269514657,192928.03219141468,138217.6033288201,244089.37918898254,deaths,russia
2024-11-29,1009,183155.05508595717,174308.66315043808,192450.51758213603,137785.37171754742,243464.05130961598,deaths,russia
2024-11-28,1008,182630.26278820302,173744.13288282498,191970.97250046858,137351.2436272957,242835.9799346547,deaths,russia
2024-11-27,1007,182101.86935707682,173176.7822159016,191487.0312873682,136914.29311184864,242203.36156738197,deaths,russia
2024-11-26,1006,181571.0132698108,172607.4116827941,191000.20159175427,136475.40875329368,241567.654253408,deaths,russia
2024-11-25,1005,181039.09258109308,172036.88393728234,190512.47536483532,136035.64787065148,240930.70610289084,deaths,russia
2024-11-24,1004,180519.41949294513,171487.4155491658,190027.22720274527,135607.1763732546,240306.39394534798,deaths,russia
2024-11-23,1003,180012.27678223434,170954.1480288089,189550.4349463708,135189.4976648901,239696.35053388422,deaths,russia
2024-11-22,1002,179521.1484190007,170441.89505754306,189084.09262047775,134785.65036186957,239104.46481602642,deaths,russia
2024-11-21,1001,179036.49940539157,169937.40086207667,188622.83287910552,134387.3050895636,238520.11578936235,deaths,russia
2024-11-20,1000,178556.41744604846,169436.23726872026,188167.54217035283,133992.53303243784,237941.629566808,deaths,russia
2024-11-19,999,178079.79172482723,168937.1941282918,187717.22586910025,133600.41228808954,237367.68385894442,deaths,russia
2024-11-18,998,177602.905370367,168437.47200115703,187267.16365501893,133208.0350345172,236793.5361387574,deaths,russia
2024-11-17,997,177117.11394974173,167917.72506612478,186820.62005129101,132806.80044940667,236211.41895744693,deaths,russia
2024-11-16,996,176616.87524365605,167376.75839102644,186367.2535144598,132392.81410007988,235613.4849846622,deaths,russia
2024-11-15,995,176111.91911046967,166823.49905904266,185917.6608157839,131973.89003350263,235011.78880582404,deaths,russia
2024-11-14,994,175609.45524641365,166271.2890317492,185472.23034753976,131556.7845900538,234413.54887050966,deaths,russia
2024-11-13,993,175104.48232101896,165718.77423765577,185021.9111775526,131137.96126344457,233811.71448675595,deaths,russia
2024-11-12,992,174598.03628308568,165168.784276421,184565.72405619238,130718.54910862779,233207.03928023475,deaths,russia
2024-11-11,991,174086.25566144462,164617.89122846295,184099.33078220848,130295.47336508524,232594.69327902448,deaths,russia
2024-11-10,990,173562.90299506971,164060.34846797117,183615.95555158542,129863.74096148665,231966.92237162046,deaths,russia
2024-11-09,989,173050.03473759445,163516.41496809266,183139.58707883942,129441.0561727622,231351.05883242414,deaths,russia
2024-11-08,988,172531.8495478256,162976.25324706215,182647.77343701862,129015.48802619413,230726.1707497822,deaths,russia
2024-11-07,987,172025.84900930838,162458.62812078488,182156.52904493557,128601.49230955128,230113.20874036587,deaths,russia
2024-11-06,986,171529.96473782035,161955.84988550612,181670.0875926312,128196.51688200072,229511.20424394074,deaths,russia
2024-11-05,985,171041.25916982495,161462.74119801857,181188.02605998813,127797.82881039266,228917.1874845532,deaths,russia
2024-11-04,984,170567.71931837391,160989.79478245517,180715.4847391672,127412.32658612094,228340.1770943806,deaths,russia
2024-11-03,983,170117.58237017965,160546.62138154806,180259.1218662788,127046.93535077745,227789.81220782417,deaths,russia
2024-11-02,982,169670.61652665676,160111.27915995632,179800.69519722823,126684.91141372026,227241.9291236034,deaths,russia
2024-11-01,981,169229.654169877,159680.166572888,179350.24568511217,126327.55809333496,226701.77499497787,deaths,russia
2024-10-31,980,168780.69031845572,159240.221102802,178892.75756488444,125963.61692444776,226152.02632176486,deaths,russia
2024-10-30,979,168336.47272107523,158808.26014394392,178436.36447748475,125604.09736827077,225607.07992001242,deaths,russia
2024-10-29,978,167892.94525544616,158378.35034173535,177979.1345997059,125245.40984926009,225062.51398727263,deaths,russia
2024-10-28,977,167443.32923276606,157942.38535835192,177515.8029424074,124881.83068487477,224510.43752632156,deaths,russia
2024-10-27,976,166992.28430260145,157505.60145248336,177050.36096035078,124517.23835860901,223956.3695113584,deaths,russia
2024-10-26,975,166533.8632975077,157058.2000357629,176581.21933677993,124146.19758595737,223394.14310655047,deaths,russia
2024-10-25,974,166077.76710537862,156608.01221716407,176120.15160903675,123776.29806148724,222836.12982572135,deaths,russia
2024-10-24,973,165614.83410660393,156143.0843737769,175661.177117579,123399.64443004555,222271.96068347956,deaths,russia
2024-10-23,972,165138.36109462767,155657.8759146606,175196.31408118742,123010.96442907723,221693.1397813703,deaths,russia
2024-10-22,971,164658.32301992713,155164.280438443,174733.35227291088,122618.66725676431,221111.30059033172,deaths,russia
2024-10-21,970,164171.41703429096,154656.38014668413,174271.95609220452,122219.64760083813,220523.17669763358,deaths,russia
2024-10-20,969,163677.52906845146,154131.25831453863,173815.1709971883,121813.3582956924,219929.44708815354,deaths,russia
2024-10-19,968,163189.83602529974,153608.90952682114,173368.46729750364,121411.57815071546,219344.26784415764,deaths,russia
2024-10-18,967,162710.87466214766,153100.37291075173,172924.76007162782,121017.74965530596,218768.23203503154,deaths,russia
2024-10-17,966,162255.24242475478,152627.62089899546,172490.24215217205,120644.93805893848,218216.96713027544,deaths,russia
2024-10-16,965,161819.77973201452,152186.48757971314,172062.89341616232,120290.41398520173,217686.90407485235,deaths,russia
2024-10-15,964,161388.20619476726,151761.87963104557,171625.15265528893,119941.15537470969,217157.80395707843,deaths,russia
2024-10-14,963,160979.83330763408,151375.82712525077,171193.1786700669,119613.27621107757,216652.4557451254,deaths,russia
2024-10-13,962,160586.3843427488,151017.50780287056,170761.59623937655,119299.64184172463,216161.49709256715,deaths,russia
2024-10-12,961,160205.4337939194,150684.91256311123,170327.5113434214,118998.35397049232,215681.83288736362,deaths,russia
2024-10-11,960,159839.56604224513,150377.305100427,169897.26572388015,118710.93463027549,215217.6533605946,deaths,russia
2024-10-10,959,159478.8082577235,150078.19136377153,169468.31279115265,118428.20352551309,214758.74094305505,deaths,russia
2024-10-09,958,159120.0793382028,149782.56814780904,169039.75367529358,118147.35250729058,214301.8898866834,deaths,russia
2024-10-08,957,158782.7501035808,149512.15673956406,168628.24300370918,117884.45585557798,213870.12067886122,deaths,russia
2024-10-07,956,158451.8605477206,149251.15063459316,168219.84655361646,117627.22183733407,213445.4298128718,deaths,russia
2024-10-06,955,158128.8548726885,149003.83507864116,167812.80309512885,117377.26742523763,213028.7738994711,deaths,russia
2024-10-05,954,157811.60610583314,148766.09298891143,167407.2384005067,117132.55177454534,212618.1257322767,deaths,russia
2024-10-04,953,157494.3361078582,148527.88552689346,167002.20536373628,116887.70325410366,212207.66423176145,deaths,russia
2024-10-03,952,157171.78383546288,148283.8829519852,166592.53558744505,116638.45489048983,211790.95927897005,deaths,russia
2024-10-02,951,156846.40878909198,148035.01920387134,166182.37578044814,116386.59066806208,211371.40153318184,deaths,russia
2024-10-01,950,156514.02236083295,147773.31355010247,165771.81566367304,116128.13170789856,210944.9277955165,deaths,russia
2024-09-30,949,156175.7648273262,147503.12305736716,165358.38470643887,115864.48675514727,210512.05274881242,deaths,russia
2024-09-29,948,155835.67804100897,147229.39810084886,164945.09209569416,115599.06461858186,210077.47875406125,deaths,russia
2024-09-28,947,155490.96652276957,146949.81836057865,164528.60828164677,115329.69240100757,209637.6197502442,deaths,russia
2024-09-27,946,155141.47152211037,146664.76857790293,164108.16284916777,115056.32537812156,209192.12876760174,deaths,russia
2024-09-26,945,154793.7282690201,146381.6882536174,163689.25675454477,114784.38941275809,208748.7656150153,deaths,russia
2024-09-25,944,154449.35051514124,146105.31841276694,163269.99546998827,114515.65658769596,208308.66071506112,deaths,russia
2024-09-24,943,154112.05542791012,145840.0370468062,162853.34949418326,114253.2235962064,207876.2070371943,deaths,russia
2024-09-23,942,153778.16412017043,145576.69031051476,162441.77469197472,113993.31101039948,207448.3554822149,deaths,russia
2024-09-22,941,153441.3491394543,145307.71548902564,162030.34388095504,113730.62073042785,207017.67570919605,deaths,russia
2024-09-21,940,153115.0075995607,145050.08239518246,161628.4291497651,113476.49439733975,206599.6731602586,deaths,russia
2024-09-20,939,152796.2457949204,144801.0631991236,161232.96310586744,113228.6098214728,206190.7657193335,deaths,russia
2024-09-19,938,152480.15355315825,144553.0684708047,160842.0302810447,112982.62681684805,205785.60512609922,deaths,russia
2024-09-18,937,152163.8206853373,144301.39608477763,160454.71459834636,112735.95537914075,205381.0544027452,deaths,russia
2024-09-17,936,151838.16045453085,144036.20775972717,160062.7856516203,112481.15865372618,204966.13361064933,deaths,russia
2024-09-16,935,151504.66494620554,143758.35991892262,159668.42263637402,112219.37839220656,204542.79319794668,deaths,russia
2024-09-15,934,151162.4365436571,143465.93055328605,159271.86274723566,111949.7611957771,204110.1672603082,deaths,russia
2024-09-14,933,150815.9176523756,143165.66985686138,158874.9807270189,111676.1941746785,203673.16296851588,deaths,russia
2024-09-13,932,150464.3978336699,142857.26845739555,158476.6178827671,111398.164716516,203230.79670369287,deaths,russia
2024-09-12,931,150111.47314633994,142548.2899648654,158075.95503602183,111119.11789911467,202786.49897856332,deaths,russia
2024-09-11,930,149760.22435206143,142243.11130508542,157674.6252444105,110841.71804811824,202343.7320880856,deaths,russia
2024-09-10,929,149409.78232143386,141938.95980049565,157273.86689381453,110565.02103882664,201901.8731233531,deaths,russia
2024-09-09,928,149063.9051988949,141641.68691406606,156875.1050926246,110292.34153208832,201465.02660527756,deaths,russia
2024-09-08,927,148722.85676302714,141350.2276926703,156480.06915851834,110023.72485419769,201033.8234554881,deaths,russia
2024-09-07,926,148383.26791016627,141059.54114733706,156087.26655462946,109756.20378744282,200604.57255580768,deaths,russia
2024-09-06,925,148047.808778247,140773.14879125342,155698.42035300727,109492.03844953331,200180.36182320412,deaths,russia
2024-09-05,924,147711.93264476102,140483.54811338667,155312.26588698724,109227.17860101958,199756.30107631278,deaths,russia
2024-09-04,923,147370.0656951904,140184.85208522275,154923.5840234409,108957.09992716051,199325.59055425265,deaths,russia
2024-09-03,922,147031.93517709558,139889.16069185873,154539.44756505472,108689.96161684032,198899.61900088313,deaths,russia
2024-09-02,921,146693.4419645517,139592.1206315003,154156.04714210334,108422.42866141272,198473.39916624615,deaths,russia
2024-09-01,920,146355.7813576206,139296.9570491541,153772.32890332708,108155.73085013703,198047.9155240006,deaths,russia
2024-08-31,919,146018.7198729822,139002.43865377232,153389.17082256518,107889.5351921167,197623.14260378171,deaths,russia
2024-08-30,918,145677.46987708233,138702.75201842294,153002.9311386887,107619.85185743227,197193.4289238488,deaths,russia
2024-08-29,917,145334.25962357118,138399.6495090425,152616.351945346,107348.42761478823,196761.60859504953,deaths,russia
2024-08-28,916,144978.8537998744,138077.88078637427,152224.7436025315,107066.41536696452,196316.189212613,deaths,russia
2024-08-27,915,144619.18419414814,137751.81026168098,151828.9299202294,106780.99638181886,195865.4820282345,deaths,russia
2024-08-26,914,144264.57129834595,137431.22090798008,151437.69794971545,106499.73137768032,195420.86448389874,deaths,russia
2024-08-25,913,143917.9060319084,137119.79376824189,151053.06155026623,106225.04291465505,194985.72268446375,deaths,russia
2024-08-24,912,143569.6852684264,136805.40661579202,150668.4288021442,105948.95237824626,194548.95014057754,deaths,russia
2024-08-23,911,143222.7942676322,136490.2873391787,150287.39998708697,105673.70383292121,194114.24617588188,deaths,russia
2024-08-22,910,142880.76228434962,136179.55319559012,149911.74510291254,105402.33580777956,193685.59685973043,deaths,russia
2024-08-21,909,142558.2031712188,135893.42883188208,149549.8606015476,105147.30373281578,193279.73802893207,deaths,russia
2024-08-20,908,142236.58901462602,135606.79861988444,149190.52105883934,104892.88508785621,192875.3262264054,deaths,russia
2024-08-19,907,141914.22215590256,135317.95472523803,148832.04371937574,104637.7089561179,192470.27653976486,deaths,russia
2024-08-18,906,141588.3106199728,135023.04205302167,148472.8116458769,104379.40338189583,192061.37906478092,deaths,russia
2024-08-17,905,141261.45252602088,134725.04949603433,148114.9850698208,104120.10933547994,191651.7441915638,deaths,russia
2024-08-16,904,140933.4630506531,134424.57294999246,147757.52004401528,103859.7731208523,191240.96933665543,deaths,russia
2024-08-15,903,140602.28572129988,134119.16093146612,147398.79822059558,103596.69685457801,190826.6004045014,deaths,russia
2024-08-14,902,140266.73538078292,133807.88111819475,147037.3582794172,103329.96172653465,190407.1138793426,deaths,russia
2024-08-13,901,139934.93331014956,133498.9457324676,146681.2016352568,103066.109020558,189992.50653385575,deaths,russia
2024-08-12,900,139599.94810395344,133185.47866610467,146323.35193696996,102799.57523265167,189574.21168856334,deaths,russia
2024-08-11,899,139261.7693437492,132868.2720163364,145962.91660131462,102530.44984509391,189152.03697880282,deaths,russia
2024-08-10,898,138920.36980296834,132547.4138392995,145599.74166734915,102258.72617883822,188725.92133764963,deaths,russia
2024-08-09,897,138576.86857998645,132224.1146395421,145234.8432991139,101985.31268263151,188297.22837162975,deaths,russia
2024-08-08,896,138234.5769534644,131901.99445679816,144871.185808079,101712.9049071153,187869.98017396734,deaths,russia
2024-08-07,895,137894.98969281465,131582.4074549106,144510.41483797648,101442.68685695923,187446.0530730771,deaths,russia
2024-08-06,894,137558.18238220655,131265.52077203803,144152.50514184212,101174.72911627899,187025.52181752637,deaths,russia
2024-08-05,893,137221.21901420425,130948.11859420227,143794.83455719225,100906.64487831667,186604.81569303025,deaths,russia
2024-08-04,892,136886.9765891509,130633.0037710498,143440.35497998807,100640.7331904262,186187.5076455223,deaths,russia
2024-08-03,891,136555.3636501888,130319.81476659422,143089.27166373894,100376.88910966278,185773.54308706586,deaths,russia
2024-08-02,890,136225.6820709257,130007.46243996345,142741.31745910455,100114.50469040047,185362.14682612,deaths,russia
2024-08-01,889,135896.5049299844,129694.66497283918,142394.90929667748,99852.45160833771,184951.52438955664,deaths,russia
2024-07-31,888,135562.8029680356,129376.84648085939,142044.53152716722,99586.7530000588,184535.35371592874,deaths,russia
2024-07-30,887,135226.17813667946,129055.58102667698,141691.8130023464,99318.68999867383,184115.62228301787,deaths,russia
2024-07-29,886,134890.72413312498,128735.07453240885,141340.71483635932,99051.55967698937,183697.36665613865,deaths,russia
2024-07-28,885,134552.21256487488,128410.90822531986,140987.22735878025,98781.95134667124,183275.39568692254,deaths,russia
2024-07-27,884,134213.279133556,128086.019035101,140633.6495280622,98512.01222135748,182852.90590569834,deaths,russia
2024-07-26,883,133873.64324903133,127760.17878240651,140279.64386653935,98241.52247222139,182429.54038109776,deaths,russia
2024-07-25,882,133530.5912196151,127430.19969562902,139923.02354091778,97968.25457687187,182002.04031983388,deaths,russia
2024-07-24,881,133189.70710600942,127101.39901346252,139569.65290024673,97696.65279780004,181577.3726879616,deaths,russia
2024-07-23,880,132849.796439883,126772.38309248435,139218.559187971,97425.73564099958,181154.10440338563,deaths,russia
2024-07-22,879,132510.09279769313,126442.538737003,138868.80978741075,97154.90734636084,180731.25340408948,deaths,russia
2024-07-21,878,132176.56493493856,126117.51886647298,138526.706967193,96888.90854451833,180316.28255690663,deaths,russia
2024-07-20,877,131847.62072007847,125796.04042270525,138190.322760466,96626.4982346636,179907.15641485044,deaths,russia
2024-07-19,876,131522.46103155348,125476.40080655584,137859.85319108673,96366.92968982302,179503.08420299497,deaths,russia
2024-07-18,875,131200.0560527943,125158.29210073684,137533.47835247903,96109.46413945306,179102.6321194442,deaths,russia
2024-07-17,874,130879.1438184748,124840.76625594423,137209.5944969607,95853.12794670953,178704.16909184062,deaths,russia
2024-07-16,873,130562.2513540637,124525.87133230857,136891.25035505215,95599.88347331782,178310.93694891938,deaths,russia
2024-07-15,872,130249.57883001174,124214.121430822,136578.30099542643,95349.92660714628,177923.11706578097,deaths,russia
2024-07-14,871,129937.15135091665,123901.41726067141,136266.91882389475,95100.06109294761,177535.8136540973,deaths,russia
2024-07-13,870,129626.75906713928,123588.2810729147,135960.28556677196,94851.56755474812,177151.52771009543,deaths,russia
2024-07-12,869,129317.66947517055,123274.5066060869,135657.0945106144,94603.91901407533,176769.2419908131,deaths,russia
2024-07-11,868,129011.84506052696,122962.06808840449,135359.29140471772,94358.68650576305,176391.38712064904,deaths,russia
2024-07-10,867,128706.7325582918,122649.84375932244,135062.75185005806,94114.00059324657,176014.47607682945,deaths,russia
2024-07-09,866,128400.40117319977,122336.82018237095,134764.54056507003,93868.42349876143,175635.91614274736,deaths,russia
2024-07-08,865,128093.9077887555,122022.74019448532,134467.16055113505,93622.6432219708,175257.3117979345,deaths,russia
2024-07-07,864,127787.35860855086,121708.49244257197,134169.85644305474,93376.83715078238,174878.6219852771,deaths,russia
2024-07-06,863,127476.96063535583,121391.37133267891,133867.64691264156,93128.10413886674,174494.8987338392,deaths,russia
2024-07-05,862,127163.0710641002,121070.9309166109,133561.77575971346,92876.63293598259,174106.76720198046,deaths,russia
2024-07-04,861,126847.97559140864,120749.21535051272,133254.78893187485,92624.22133744568,173717.11654778058,deaths,russia
2024-07-03,860,126534.2732429026,120427.46455572722,132950.77679265087,92372.78491761003,173329.47312885072,deaths,russia
2024-07-02,859,126219.25010180158,120103.48853761506,132646.45407689764,92120.21972358196,172940.34953866634,deaths,russia
2024-07-01,858,125903.60144994204,119779.10347613375,132341.27837446064,91867.21403353385,172550.35924731783,deaths,russia
2024-06-30,857,125584.97351341939,119453.45568913677,132031.241436007,91612.07576023866,172156.22863397418,deaths,russia
2024-06-29,856,125263.73302020795,119126.87786372539,131716.7454482549,91355.09643829339,171758.41576380056,deaths,russia
2024-06-28,855,124941.19133485391,118800.75296990032,131399.0212381281,91097.32919564021,171358.53735349103,deaths,russia
2024-06-27,854,124617.51256797915,118474.23163007629,131079.35301315744,90838.78096995411,170957.03028272622,deaths,russia
2024-06-26,853,124292.47502451493,118146.95016586588,130757.67572263571,90579.25964549983,170553.6480818333,deaths,russia
2024-06-25,852,123969.54405706514,117821.78818999758,130438.09264873884,90321.4572374104,170152.83166002756,deaths,russia
2024-06-24,851,123646.34853150704,117496.85050141632,130117.71144414486,90063.54177195647,169751.52281337703,deaths,russia
2024-06-23,850,123323.0254610854,117171.67602609166,129797.32774608574,89805.55381980115,169350.0212137051,deaths,russia
2024-06-22,849,123000.73981309966,116849.56327166129,129475.73725431858,89548.68825452776,168949.2723187625,deaths,russia
2024-06-21,848,122671.49801984528,116525.95210280758,129141.16436586459,89287.00067565903,168538.53208531337,deaths,russia
2024-06-20,847,122338.13590671527,116206.12623561698,128793.72566590682,89023.05033836122,168120.76008482793,deaths,russia
2024-06-19,846,122002.97390572543,115890.72888637995,128437.59353353604,88758.47844942634,167699.2337659266,deaths,russia
2024-06-18,845,121665.2588058498,115573.9579524473,128077.60745909014,88492.06529158067,167274.1871707925,deaths,russia
2024-06-17,844,121327.55712535103,115258.71575121394,127715.95442386976,88225.89632154348,166848.73486686117,deaths,russia
2024-06-16,843,120993.7103344137,114946.75245326039,127358.7826024795,87962.77267094525,166428.14479334978,deaths,russia
2024-06-15,842,120664.56690177614,114637.05548608038,127009.00216771389,87703.13611801939,166013.91376376085,deaths,russia
2024-06-14,841,120342.38899119273,114330.2819460339,126670.6484410996,87448.5922272762,165609.2284414537,deaths,russia
2024-06-13,840,120025.55215909483,114022.96056911744,126344.14695743375,87197.61790663673,165212.50072375726,deaths,russia
2024-06-12,839,119716.52029640408,113716.78392190946,126032.81012511604,86952.07717721284,164826.98277946885,deaths,russia
2024-06-11,838,119409.38305973855,113412.71694653771,125723.12761302212,86708.11115851761,164443.7168465026,deaths,russia
2024-06-10,837,119097.6835174777,113104.03538393496,125408.95583342543,86460.55286503232,164054.71819257856,deaths,russia
2024-06-09,836,118781.3693460812,112793.79973881709,125086.7899810062,86209.74495111548,163659.19178978467,deaths,russia
2024-06-08,835,118464.84197983425,112482.62444181579,124765.21982226416,85958.71801252826,163263.5129406874,deaths,russia
2024-06-07,834,118150.97489385962,112171.90823070305,124448.74742327201,85709.57665582556,162871.60606766515,deaths,russia
2024-06-06,833,117838.52574581634,111861.07905236099,124135.3912633846,85461.4133053248,162481.77009009145,deaths,russia
2024-06-05,832,117520.13180466976,111547.223286599,123812.87249461483,85208.9267071108,162083.7798422273,deaths,russia
2024-06-04,831,117200.95518151052,111234.05765544805,123487.94016523131,84956.04445525962,161684.40337506798,deaths,russia
2024-06-03,830,116888.86388333552,110928.35207434701,123169.65836607415,84708.88279885204,161293.70918051674,deaths,russia
2024-06-02,829,116584.85428332748,110626.35797271521,122864.2892529475,84467.64065005768,160914.06681893513,deaths,russia
2024-06-01,828,116280.8405326408,110324.10804984737,122559.20019648374,84226.40206941926,160534.42618760755,deaths,russia
2024-05-31,827,115980.2626434273,110025.53721440303,122257.2725064879,83987.9593366499,160158.96385680547,deaths,russia
2024-05-30,826,115685.27501114356,109728.23509643199,121965.73263052436,83753.44605143326,159791.4685859665,deaths,russia
2024-05-29,825,115397.85601569292,109432.74577292525,121688.15005253645,83524.25159484432,159434.7552934963,deaths,russia
2024-05-28,824,115115.79573493199,109138.74169259406,121420.227346806,83298.85703627407,159085.61624288347,deaths,russia
2024-05-27,823,114836.42464359858,108844.66020241506,121158.07306173744,83075.27923856094,158740.4599989447,deaths,russia
2024-05-26,822,114555.99452557057,108549.73094909229,120894.64105656698,82850.91440351804,158393.90041773493,deaths,russia
2024-05-25,821,114275.06330455998,108254.642334851,120630.33922022262,82626.22719001652,158046.59264055674,deaths,russia
2024-05-24,820,113992.06172174873,107957.86901061892,120363.5549759239,82399.97655755919,157696.5695162781,deaths,russia
2024-05-23,819,113702.72867931632,107661.39192806401,120083.08644385819,82169.57543646227,157336.99300022182,deaths,russia
2024-05-22,818,113408.4618880495,107364.4865320535,119792.68808588848,81935.86817635,156970.1146054451,deaths,russia
2024-05-21,817,113101.6036365533,107059.09503011762,119485.164233949,81692.7446934553,156586.4421796475,deaths,russia
2024-05-20,816,112787.10689702844,106749.91874136019,119165.7296286143,81444.10246124967,156192.2185405883,deaths,russia
2024-05-19,815,112463.75859315658,106435.63994753582,118833.28974767953,81188.97204117358,155785.94386991195,deaths,russia
2024-05-18,814,112139.65492969588,106123.5028641027,118496.86412489432,80933.66137577809,155377.94306537733,deaths,russia
2024-05-17,813,111809.2847280731,105805.71716298614,118153.5040871023,80673.51338089713,154961.88674255667,deaths,russia
2024-05-16,812,111479.0399550353,105486.52971590501,117811.9757564022,80413.3147414084,154546.29697647376,deaths,russia
2024-05-15,811,111149.73439443733,105164.97845334555,117475.07799279138,80153.4788948473,154132.63807849868,deaths,russia
2024-05-14,810,110833.33618610963,104853.53278768985,117154.17936577118,79903.5510988274,153735.74738557506,deaths,russia
2024-05-13,809,110522.37826458104,104545.62303903865,116840.83352361133,79657.73044110682,153346.06858236194,deaths,russia
2024-05-12,808,110224.47033126038,104245.30148810637,116546.60637260828,79421.5743992972,152974.02006821346,deaths,russia
2024-05-11,807,109931.2994510383,103945.53048214439,116261.78684254826,79188.66332907515,152608.89093701457,deaths,russia
2024-05-10,806,109649.63829473087,103653.02241797176,115993.20489193873,78964.33972615587,152259.19282834395,deaths,russia
2024-05-09,805,109370.80578339269,103358.94848654605,115732.37954331844,78741.70610607773,151914.11599831117,deaths,russia
2024-05-08,804,109095.4175530839,103068.60173377588,115474.69339495304,78521.85565082045,151573.2623931077,deaths,russia
2024-05-07,803,108820.33088241999,102776.93123655101,115219.14655329636,78302.05374657374,151233.1756335426,deaths,russia
2024-05-06,802,108549.28934917945,102483.62061777207,114974.02970903937,78084.71702902259,150899.595228194,deaths,russia
2024-05-05,801,108276.01827820129,102186.63181404407,114728.34901403735,77865.43352592633,150563.6030525615,deaths,russia
2024-05-04,800,107994.49794914677,101884.69875888861,114470.75016878532,77640.1026952898,150216.38648708755,deaths,russia
2024-05-03,799,107705.08221046011,101582.68236265339,114196.52283551,77409.60899270675,149857.2179538536,deaths,russia
2024-05-02,798,107413.51095218594,101283.3008273131,113914.78284396043,77178.08474705619,149494.07147009167,deaths,russia
2024-05-01,797,107112.72772194594,100983.38077458895,113614.11863608833,76940.49162987561,149117.06113766335,deaths,russia
2024-04-30,796,106802.51419753143,100683.7826054275,113293.09695865076,76696.80548270396,148725.62401432576,deaths,russia
2024-04-29,795,106486.31309687445,100390.38664601075,112952.40757461388,76450.07254082411,148323.43974352683,deaths,russia
2024-04-28,794,106168.14159879384,100104.29719951967,112599.32237910749,76203.07817680837,147916.2930033006,deaths,russia
2024-04-27,793,105857.56848080098,99826.29063451187,112253.26240120748,75962.19590277797,147518.47344287075,deaths,russia
2024-04-26,792,105551.12455368342,99552.37241991296,111911.36574823436,75724.60741104966,147125.7825092551,deaths,russia
2024-04-25,791,105239.56594297112,99276.03022767928,111561.34613391937,75483.39027002238,146725.90237516613,deaths,russia
2024-04-24,790,104937.09754143772,99003.4144212165,111226.41607907516,75248.67077108182,146338.75680500738,deaths,russia
2024-04-23,789,104640.56265240455,98735.02167920848,110899.32812607105,75018.43913876795,145959.4480406537,deaths,russia
2024-04-22,788,104348.13595813599,98468.8094861643,110578.505253861,74791.22404411323,145585.7449855659,deaths,russia
2024-04-21,787,104056.27544634647,98201.98431221496,110259.57388954153,74564.33444846897,145213.0032081019,deaths,russia
2024-04-20,786,103765.47493463394,97934.72252987367,109943.37833854825,74338.12372152158,144841.91485153668,deaths,russia
2024-04-19,785,103477.42206708709,97668.13391333145,109632.2502147863,74113.84471746095,144474.74975010534,deaths,russia
2024-04-18,784,103202.22798030218,97409.91756967439,109338.97170642068,73899.15473418996,144124.81765017178,deaths,russia
2024-04-17,783,102933.78510893174,97153.10179076603,109058.43074589723,73689.11765345461,143784.68645276816,deaths,russia
2024-04-16,782,102675.82511780252,96895.31884754614,108801.20430718093,73485.86122585437,143460.6295119145,deaths,russia
2024-04-15,781,102425.73518444547,96633.54402289643,108565.16273300248,73287.25993058842,143149.49658497673,deaths,russia
2024-04-14,780,102181.45583826682,96368.7612884532,108344.84000351497,73092.08956604877,142847.92480631964,deaths,russia
2024-04-13,779,101942.24981775662,96103.94264365238,108135.34233438196,72900.24999576995,142554.05036578988,deaths,russia
2024-04-12,778,101706.3523167296,95838.08181699585,107934.05522885283,72710.45474893381,142265.4529787145,deaths,russia
2024-04-11,777,101471.11941433202,95572.95918935978,107733.37018331344,72521.20637268404,141977.66620650404,deaths,russia
2024-04-10,776,101232.81262316322,95308.50222053648,107525.44285816849,72330.04526573993,141685.04495646033,deaths,russia
2024-04-09,775,100990.28543611335,95045.57170745613,107306.86145875341,72136.34758646514,141385.60149151625,deaths,russia
2024-04-08,774,100742.89204105217,94783.24744563551,107077.28952799809,71939.571336856,141078.59011369097,deaths,russia
2024-04-07,773,100495.43629808094,94523.08468606131,106845.17127099406,71743.06256315204,140770.90277497936,deaths,russia
2024-04-06,772,100250.19739815245,94264.75428867881,106615.72461886576,71548.25377264981,140466.1130506426,deaths,russia
2024-04-05,771,100008.24827466706,94006.42600531066,106393.30500584934,71355.58424963128,140166.3657109798,deaths,russia
2024-04-04,770,99764.58086938722,93747.45019284377,106167.97592023657,71161.73543164067,139864.13903306396,deaths,russia
2024-04-03,769,99522.91834098441,93489.50055562008,105945.77051269007,70969.34598575461,139564.68691890562,deaths,russia
2024-04-02,768,99285.23291071114,93233.0143634122,105730.39238051379,70779.75095651943,139270.91510090962,deaths,russia
2024-04-01,767,99051.03268581927,92979.26926078666,105519.35004203024,70592.80826998527,138981.72392136994,deaths,russia
2024-03-31,766,98816.95608325656,92728.59309179554,105305.10730937302,70406.39803709292,138691.85239751768,deaths,russia
2024-03-30,765,98578.9196751819,92480.47824098203,105079.53563532766,70217.8191081996,138395.1577045031,deaths,russia
2024-03-29,764,98338.87358266681,92234.72493324791,104847.02020681769,70028.29773482482,138094.69952261692,deaths,russia
2024-03-28,763,98096.15371200234,91989.93716611109,104607.70884287084,69837.22974753562,137789.80012709915,deaths,russia
2024-03-27,762,97849.46446223563,91746.60982490306,104358.27781434041,69643.85079586011,137478.32735099609,deaths,russia
2024-03-26,761,97594.07531605683,91503.97192122272,104089.51223845329,69445.01397118067,137153.19866158397,deaths,russia
2024-03-25,760,97331.45654904742,91263.93478915984,103802.37522861821,69241.93592315896,136816.1416315291,deaths,russia
2024-03-24,759,97066.13387118888,91026.61246442849,103506.38896702992,69037.53887039998,136474.10354428293,deaths,russia
2024-03-23,758,96797.710980201,90790.02344787381,103202.96373567064,68831.28246443367,136127.03701293885,deaths,russia
2024-03-22,757,96519.75906969256,90553.97885852629,102878.61084882554,68619.00471411961,135765.09184342873,deaths,russia
2024-03-21,756,96243.23646849931,90321.94505878951,102552.76070933568,68408.23639013959,135404.1936718883,deaths,russia
2024-03-20,755,95961.4726237646,90088.78425214477,102217.03684036875,68193.95359181314,135035.51683962453,deaths,russia
2024-03-19,754,95677.24856761958,89854.80928370223,101877.02489047784,67977.97751511823,134663.28084544477,deaths,russia
2024-03-18,753,95395.92575709769,89619.84214467373,101544.33544202661,67763.7516115239,134295.75662569923,deaths,russia
2024-03-17,752,95116.79770451204,89382.91890678897,101218.54297896121,67550.69967970671,133932.09821736233,deaths,russia
2024-03-16,751,94841.48773534075,89142.44070717481,100904.9074278895,67339.66033269226,133575.21699749216,deaths,russia
2024-03-15,750,94574.56982517532,88900.3023911565,100611.02199020723,67133.84943825683,133231.6194194106,deaths,russia
2024-03-14,749,94314.69038295775,88655.2534279265,100335.41841453615,66932.22087267955,132899.56904892635,deaths,russia
2024-03-13,748,94066.71684802485,88411.70434973002,100083.46284994895,66738.52746154646,132585.3338600535,deaths,russia
2024-03-12,747,93830.87461278785,88170.66367383505,99854.48727125174,66553.0572642811,132288.9769638643,deaths,russia
2024-03-11,746,93597.59174066296,87930.98375534153,99629.4141461282,66369.46696704478,131996.11700981788,deaths,russia
2024-03-10,745,93363.33552292678,87691.19879364643,99402.38857582328,66185.2684972148,131701.739223462,deaths,russia
2024-03-09,744,93133.29312598305,87455.69434182656,99179.49615553644,66004.40207413779,131412.63930699183,deaths,russia
2024-03-08,743,92898.4869212202,87222.94210559684,98943.34154009187,65820.87380925745,131115.4136294064,deaths,russia
2024-03-07,742,92657.96791583944,86991.1153674452,98693.9771764793,65633.8158360713,130809.11143061129,deaths,russia
2024-03-06,741,92411.95301706187,86760.36088821224,98431.69297609515,65443.39378297097,130494.01351120743,deaths,russia
2024-03-05,740,92167.93662816478,86530.61983142259,98172.516431117,65254.43311420296,130181.66296540975,deaths,russia
2024-03-04,739,91929.23764181296,86300.32091309583,97925.30391944165,65068.85329980066,129877.60580813437,deaths,russia
2024-03-03,738,91697.95021633964,86071.55194150073,97692.15290049984,64888.28683893125,129584.50195207233,deaths,russia
2024-03-02,737,91463.69729105776,85842.59731471895,97452.89594697456,64705.81624252249,129286.83663896675,deaths,russia
2024-03-01,736,91234.9149135077,85616.52491323752,97222.02092343263,64527.30345924335,128996.74411644098,deaths,russia
2024-02-29,735,91001.54421271515,85389.46142277718,96982.48924714015,64345.739653311,128699.79208513671,deaths,russia
2024-02-28,734,90769.52752303555,85166.09588153232,96741.64242513885,64165.59252135792,128403.85068294297,deaths,russia
2024-02-27,733,90528.08318444285,84941.79466407883,96481.77324717471,63979.27547476784,128093.5989251398,deaths,russia
2024-02-26,732,90276.44350399572,84719.25345223912,96198.18991462304,63786.661265686496,127767.117736038,deaths,russia
2024-02-25,731,90012.44994855557,84496.6297255954,95888.38716793891,63586.10468215151,127421.59119452395,deaths,russia
2024-02-24,730,89738.29142283331,84269.54308405962,95562.0048487691,63378.41423827695,127061.59572161421,deaths,russia
2024-02-23,729,89457.68972088172,84041.32965721785,95223.20331804278,63166.42526473358,126691.98423721964,deaths,russia
2024-02-22,728,89178.81794301407,83813.57979380398,94887.58148598313,62955.63208221411,126324.88776474122,deaths,russia
2024-02-21,727,88894.46332678843,83581.16689242255,94545.59861481561,62740.67860863119,125950.6183238024,deaths,russia
2024-02-20,726,88610.14283006843,83348.51237444572,94203.98793973432,62525.72705171343,125576.45496583797,deaths,russia
2024-02-19,725,88325.00460421179,83114.85715380806,93861.81126939929,62310.10966023526,125201.32308033078,deaths,russia
2024-02-18,724,88040.18941426842,82881.21484101423,93520.34791717488,62094.701093882395,124826.69983615719,deaths,russia
2024-02-17,723,87759.53904067264,82651.15526061792,93183.71787099447,61882.47729961329,124457.49896638955,deaths,russia
2024-02-16,722,87479.12600052639,82420.68273850856,92848.09656873705,61670.35432047161,124088.78110531178,deaths,russia
2024-02-15,721,87197.27954175702,82191.3991426787,92508.12179592851,61457.45966771203,123717.56324076171,deaths,russia
2024-02-14,720,86916.11340776598,81963.06297192397,92168.55724278261,61245.13559878605,123347.14101183177,deaths,russia
2024-02-13,719,86634.15482639104,81734.68142543215,91827.39375717584,61032.2968129378,122975.51995119976,deaths,russia
2024-02-12,718,86355.93538732645,81506.24710859542,91494.24817786284,60821.90493025479,122609.59728757053,deaths,russia
2024-02-11,717,86078.53676659537,81275.2510014302,91165.74732518334,60611.74660309376,122245.54911392348,deaths,russia
2024-02-10,716,85801.79209714974,81043.67316626712,90839.30565023783,60401.965454048644,121882.61285728963,deaths,russia
2024-02-09,715,85527.01075239718,80810.92156442281,90518.36171957411,60193.34710716093,121522.92307077623,deaths,russia
2024-02-08,714,85253.1050551037,80577.5360931693,90200.00613791919,59985.244293121126,121164.6959430689,deaths,russia
2024-02-07,713,84984.46975975073,80346.11324651196,89890.62260288023,59780.86631671173,120813.94117856263,deaths,russia
2024-02-06,712,84718.63533197361,80114.19356218808,89587.73350836945,59578.30089448948,120467.50296689576,deaths,russia
2024-02-05,711,84455.31930643499,79882.9930761071,89289.37403299694,59377.51087233062,120124.653169763,deaths,russia
2024-02-04,710,84196.08185712132,79653.43052166935,88997.81468980307,59179.63661109894,119787.52424949045,deaths,russia
2024-02-03,709,83939.10238414594,79425.20543813192,88709.54270891566,58983.44019470921,119453.44080485142,deaths,russia
2024-02-02,708,83681.36222571897,79196.93720179517,88419.72067968699,58786.767957968135,119118.17279724608,deaths,russia
2024-02-01,707,83423.822302336,78968.07459300279,88130.99666537262,58590.18919130155,118783.30225080521,deaths,russia
2024-01-31,706,83161.93611096132,78736.3176684823,87836.32823238135,58390.43646960255,118442.50637868869,deaths,russia
2024-01-30,705,82896.84805982193,78502.90973081057,87536.74637058564,58188.41190086001,118097.2165853258,deaths,russia
2024-01-29,704,82627.4276804498,78266.7815867444,87231.0554796551,57983.24496500943,117745.97822030824,deaths,russia
2024-01-28,703,82355.20451419418,78029.45560836773,86920.78805104541,57776.123397862946,117390.73956889471,deaths,russia
2024-01-27,702,82082.67586680842,77791.3102744289,86610.79694881999,57568.74124750651,117035.17752544238,deaths,russia
2024-01-26,701,81814.51980130211,77554.7273997068,86308.30331206742,57364.46650951252,116685.78532143924,deaths,russia
2024-01-25,700,81548.26021387218,77317.60151503941,86010.42345646254,57161.42556937777,116339.31206165782,deaths,russia
2024-01-24,699,81282.24255052576,77079.23568505116,85714.44112755304,56958.44505017321,115993.42555226602,deaths,russia
2024-01-23,698,81017.77844967254,76840.77756246281,85421.8444023981,56756.5257702857,115649.83205559733,deaths,russia
2024-01-22,697,80759.28429655376,76605.71053977181,85138.07062790511,56558.983589016505,115314.382189526,deaths,russia
2024-01-21,696,80503.13207615068,76371.29427398746,84858.51462154741,56363.1096157062,114982.23892475977,deaths,russia
2024-01-20,695,80246.38162552749,76135.48402014846,84579.24877561974,56166.72720954965,114649.44401037207,deaths,russia
2024-01-19,694,79986.58513047446,75896.57925318713,84297.00115246464,55968.02503194862,114312.70071210459,deaths,russia
2024-01-18,693,79726.87009129883,75657.26688675437,84015.37931800395,55769.37685096054,113976.10116865601,deaths,russia
2024-01-17,692,79469.61512500333,75418.92530841341,83737.86592747305,55572.514001769785,113642.90796845687,deaths,russia
2024-01-16,691,79213.31422016377,75180.24679014095,83462.73832945757,55376.295065474835,113311.14863092263,deaths,russia
2024-01-15,690,78952.57579834657,74937.09482577325,83183.22614025982,55176.68601040634,112973.65190340439,deaths,russia
2024-01-14,689,78692.1619433963,74693.58718590975,82904.79314673647,54977.29984464215,112636.64955495762,deaths,russia
2024-01-13,688,78431.50896122181,74448.62104406054,82627.4755719694,54777.645853717804,112299.53452911628,deaths,russia
2024-01-12,687,78170.87507347474,74202.28183805308,82351.72241844411,54577.906357667845,111962.67334003847,deaths,russia
2024-01-11,686,77911.56816782235,73955.91217705114,82078.79918536093,54379.093977180455,111627.73495761798,deaths,russia
2024-01-10,685,77652.92431028889,73709.11578965603,81807.74675152979,54180.72418362539,111293.81141845623,deaths,russia
2024-01-09,684,77394.28469416259,73461.06982678841,81538.0904494555,53982.273598470994,110960.09100497852,deaths,russia
2024-01-08,683,77136.34260421773,73212.40970778097,81270.58612923448,53784.27017487179,110627.47647311488,deaths,russia
2024-01-07,682,76877.0585343235,72961.01825906911,81003.28678784391,53585.13229808541,110293.37133708368,deaths,russia
2024-01-06,681,76621.19249948612,72711.96274382724,80740.59795699014,53388.56303493275,109963.81192152163,deaths,russia
2024-01-05,680,76370.07388507748,72467.17454468025,80483.1768218602,53195.64952231845,109640.37400386935,deaths,russia
2024-01-04,679,76121.75594514192,72224.53894545749,80229.26933145021,53004.870556076305,109320.60223392707,deaths,russia
2024-01-03,678,75877.4645180858,71985.33824731394,79980.03502912063,52817.17483842908,109006.0598419178,deaths,russia
2024-01-02,677,75638.24569783699,71751.07894219387,79736.00569271964,52633.417832056635,108697.98736625513,deaths,russia
2024-01-01,676,75402.56072616516,71520.15039055326,79495.72737780846,52452.4043157403,108394.42967161932,deaths,russia
2023-12-31,675,75171.47961313554,71293.68096578667,79260.20230187368,52274.96348171893,108096.74920398941,deaths,russia
2023-12-30,674,74939.8692036949,71066.05188350167,79024.85278955837,52097.089628573376,107798.46558412643,deaths,russia
2023-12-29,673,74706.90670911549,70836.22968684287,78789.0928203701,51918.12624933053,107498.56981862518,deaths,russia
2023-12-28,672,74470.93390391041,70602.53300005026,78551.29640994572,51736.79590694998,107194.93648317382,deaths,russia
2023-12-27,671,74230.1295285462,70362.69309722321,78310.146862466,51551.64941642124,106885.32599024154,deaths,russia
2023-12-26,670,73988.52138378151,70120.92544571159,78069.45103044627,51365.80527585545,106574.87204330471,deaths,russia
2023-12-25,669,73744.65674210798,69875.8663407967,77827.66335599463,51178.1568211743,106261.68749923761,deaths,russia
2023-12-24,668,73497.26342400479,69625.78967779489,77584.02348536995,50987.67703131336,105944.24017554885,deaths,russia
2023-12-23,667,73248.35926025413,69372.78619859254,77340.46509412938,50795.92573297933,105625.10897997716,deaths,russia
2023-12-22,666,72997.81295754765,69116.55930709776,77097.0434177489,50602.783177406935,105304.1649837807,deaths,russia
2023-12-21,665,72750.75156251685,68863.36417369224,76857.61147359801,50412.31051413857,104987.74885748864,deaths,russia
2023-12-20,664,72504.42085597964,68609.8745385974,76620.06626052439,50222.32825869722,104672.45220234735,deaths,russia
2023-12-19,663,72255.16446124854,68351.47970169198,76381.83124462489,50029.92026895633,104353.79533588371,deaths,russia
2023-12-18,662,72005.00464398708,68090.40379694656,76144.70065163779,49836.6608952286,104034.33801456289,deaths,russia
2023-12-17,661,71755.02768771596,67828.10412457887,75909.34734786024,49643.422663997,103715.39962523333,deaths,russia
2023-12-16,660,71505.21007298057,67564.7103891462,75675.58074742346,49450.20195776096,103396.92097874942,deaths,russia
2023-12-15,659,71255.27549098415,67299.7993151569,75443.29379707629,49256.76754232909,103078.58730789523,deaths,russia
2023-12-14,658,71001.61804857904,67028.98056584783,75209.77337375298,49060.26222333807,102755.94442027344,deaths,russia
2023-12-13,657,70747.96436851255,66756.75849404832,74977.86888955072,48863.6296186796,102433.61723715217,deaths,russia
2023-12-12,656,70494.95053081783,66484.20755517359,74747.72762140748,48667.403971143845,102112.32924702288,deaths,russia
2023-12-11,655,70240.20645118396,66209.74764650977,74516.09963127402,48469.86200527427,101788.83105413543,deaths,russia
2023-12-10,654,69987.93084274189,65938.08401047031,74286.59692147734,48274.278497677784,101468.41278308824,deaths,russia
2023-12-09,653,69733.63664639853,65665.11612970683,74054.31440036125,48077.26412772866,101145.19004989258,deaths,russia
2023-12-08,652,69481.56932799831,65394.534197819405,73824.10972242702,47882.00100798337,100824.78297284343,deaths,russia
2023-12-07,651,69230.89443169741,65125.03255664315,73595.68652539274,47687.7921296577,100506.2383222181,deaths,russia
2023-12-06,650,68980.19305371672,64854.97321631392,73367.88255952534,47493.522302548714,100187.78743248458,deaths,russia
2023-12-05,649,68733.74087946511,64591.05078989828,73142.20968946753,47302.76115532393,99874.31621276995,deaths,russia
2023-12-04,648,68491.7807343243,64331.44697555513,72921.24399549271,47115.44480818603,99566.66622473093,deaths,russia
2023-12-03,647,68250.2881617828,64072.659049811125,72700.38073774356,46928.55735645014,99259.50613361379,deaths,russia
2023-12-02,646,68016.3372980672,63821.86363976192,72486.54573010247,46747.52566363573,98961.93426442018,deaths,russia
2023-12-01,645,67781.50187180088,63569.0536006762,72273.1562351646,46565.69792577122,98663.5132836035,deaths,russia
2023-11-30,644,67547.18326080238,63316.50984916675,72060.61160434318,46384.25380122055,98365.82488989766,deaths,russia
2023-11-29,643,67315.257928512,63066.94545082241,71849.82743920396,46204.73328538984,98071.06830043417,deaths,russia
2023-11-28,642,67080.05870800086,62811.37615443053,71638.93779137578,46022.38407291158,97772.81541145839,deaths,russia
2023-11-27,641,66845.24774064597,62555.72103378664,71429.0207439799,45840.289471415126,97475.19367922707,deaths,russia
2023-11-26,640,66610.2368814133,62298.82033484155,71220.14056407362,45657.92901821446,97177.59415315674,deaths,russia
2023-11-25,639,66371.7713496512,62036.208271879725,71010.4490032517,45472.6542230988,96876.15817226899,deaths,russia
2023-11-24,638,66134.0594908471,61774.37289273371,70801.54360193836,45287.96782357076,96575.71493051926,deaths,russia
2023-11-23,637,65896.55702768563,61512.21128872039,70593.52359654136,45103.380074996036,96275.71935009974,deaths,russia
2023-11-22,636,65658.70834610856,61249.059245484015,70385.95827307127,44918.45346866786,95975.48089997828,deaths,russia
2023-11-21,635,65423.433310489294,60989.9266511351,70179.3509481616,44735.696745623776,95678.17545480479,deaths,russia
2023-11-20,634,65192.936060472995,60737.362961622,69975.47926420797,44556.84559471314,95386.53083021604,deaths,russia
2023-11-19,633,64965.64723603216,60489.61472744719,69772.98903596982,44380.68166878892,95098.56184674606,deaths,russia
2023-11-18,632,64742.572928093636,60248.66537555731,69571.75399370819,44208.10556893751,94815.28378821186,deaths,russia
2023-11-17,631,64522.592810871574,60011.82596575545,69372.4724950115,44038.04472434729,94535.71570794469,deaths,russia
2023-11-16,630,64308.18694240406,59782.81928060898,69176.16646159542,43872.56530731764,94262.6861063896,deaths,russia
2023-11-15,629,64101.46735598413,59565.86932325877,68982.47342649304,43713.58118087981,93998.2673967075,deaths,russia
2023-11-14,628,63899.52672481649,59356.391165611014,68790.43539838963,43558.64488177618,93739.19149774019,deaths,russia
2023-11-13,627,63698.9244148137,59148.98669810159,68598.89294032168,43404.85900948145,93481.59431542094,deaths,russia
2023-11-12,626,63509.39752680128,58958.64765319426,68411.41837484894,43260.38798168871,93236.46333057579,deaths,russia
2023-11-11,625,63327.74303138982,58779.74725714796,68227.64021411912,43122.44592230974,93000.39679635703,deaths,russia
2023-11-10,624,63149.449894075966,58606.09458214091,68045.02557796339,42987.36109896065,92768.06681552746,deaths,russia
2023-11-09,623,62968.86249456982,58428.81169607493,67861.69303962025,42850.37033511413,92533.13621394442,deaths,russia
2023-11-08,622,62786.93949205223,58248.61278994236,67678.87546521911,42712.1667832263,92296.92125781723,deaths,russia
2023-11-07,621,62608.30344353818,58073.09485749272,67497.70755108658,42576.69393317241,92064.48886515161,deaths,russia
2023-11-06,620,62432.45007460441,57901.7194007406,67317.72851573306,42443.56162776828,91835.19916574795,deaths,russia
2023-11-05,619,62257.037608859144,57730.5411922255,67138.46324251285,42310.75504076063,91606.51011413934,deaths,russia
2023-11-04,618,62084.10625844949,57563.08310505769,66960.2210708876,42180.0373222643,91380.61230144686,deaths,russia
2023-11-03,617,61919.25292865269,57408.25431086841,66784.72085588334,42056.134852138064,91163.746180343,deaths,russia
2023-11-02,616,61764.847357219594,57269.541385740784,66613.01695892797,41941.01009983609,90958.63564578998,deaths,russia
2023-11-01,615,61610.60553237563,57130.394005720766,66442.1676648006,41825.95735449564,90753.86901747256,deaths,russia
2023-10-31,614,61455.28974074756,56988.03775437049,66272.73398980837,41709.80975688783,90548.32902827773,deaths,russia
2023-10-30,613,61295.205737372824,56838.69326998987,66101.14582366255,41589.75114263397,90337.24680528455,deaths,russia
2023-10-29,612,61131.01133087001,56682.06845074906,65929.162166502545,41466.13794656867,90121.7811222574,deaths,russia
2023-10-28,611,60965.88547399971,56523.23979378833,65757.73134723863,41341.65839277392,89905.46301738247,deaths,russia
2023-10-27,610,60796.56910052417,56358.05563574122,65584.65273970527,41213.71452261051,89684.33264100073,deaths,russia
2023-10-26,609,60625.03791232853,56189.892088543806,65410.26087789366,41084.00712694112,89460.51967297142,deaths,russia
2023-10-25,608,60455.909655951655,56025.38928623317,65236.80034837738,40956.330557167195,89239.3984668971,deaths,russia
2023-10-24,607,60288.07519689626,55863.40690588614,65063.20134800573,40829.83820060479,89019.53592462308,deaths,russia
2023-10-23,606,60127.4191551641,55712.375394068964,64892.34398847948,40709.35884068748,88807.78066860118,deaths,russia
2023-10-22,605,59965.14871505277,55560.0452535307,64719.514684155045,40587.72622570363,88593.78731667977,deaths,russia
2023-10-21,604,59799.21326247274,55401.99701711509,64545.43546902505,40463.046634923645,88375.63020865443,deaths,russia
2023-10-20,603,59639.171794328024,55251.86761691339,64374.8536597373,40343.147257945435,88164.466033362085,deaths,russia
2023-10-19,602,59484.00495298489,55108.7999674292,64206.568784387775,40227.274320152,87958.92589317684,deaths,russia
2023-10-18,601,59330.023653961085,54968.2607035769,64037.89770179924,40112.51775448132,87754.46671275701,deaths,russia
2023-10-17,600,59183.0484348321,54838.49700364649,63871.800212009744,40003.62290266317,87557.91954348936,deaths,russia
2023-10-16,599,59039.34840591208,54713.80475544914,63706.87024230073,39897.47737742226,87365.05429065817,deaths,russia
2023-10-15,598,58899.71940495179,54593.9742528398,63545.06690646921,39794.54545074223,87177.21098548321,deaths,russia
2023-10-14,597,58760.98622476852,54475.65984336289,63383.42855950828,39692.404314693915,86990.29923496659,deaths,russia
2023-10-13,596,58616.76629653163,54349.036551655154,63219.62409647048,39585.72950507521,86797.08809351244,deaths,russia
2023-10-12,595,58470.97662758055,54219.13717984365,63056.24846626867,39477.64072883229,86602.33656253241,deaths,russia
2023-10-11,594,58330.14603752528,54095.975930455366,62895.73251058295,39373.572828512304,86413.46476853281,deaths,russia
2023-10-10,593,58188.473018440185,53970.45949579879,62736.14317547073,39268.666810901275,86223.94291508588,deaths,russia
2023-10-09,592,58050.947174044784,53849.74192535514,62579.92472911353,39166.99528433133,86039.6147582031,deaths,russia
2023-10-08,591,57921.01547221952,53740.33621947091,62426.94653731663,39071.584358170796,85864.05051474123,deaths,russia
2023-10-07,590,57799.617407570615,53642.97639086545,62278.380586270774,38983.1173609318,85698.5349594301,deaths,russia
2023-10-06,589,57686.61595028679,53557.061639028136,62134.62893657451,38901.42438858474,85543.03342870441,deaths,russia
2023-10-05,588,57580.70696128559,53481.58950071773,61994.06080588125,38825.54228125524,85395.79214905904,deaths,russia
2023-10-04,587,57478.328953169264,53412.43534859624,61853.7965616265,38752.69544770121,85252.3510265198,deaths,russia
2023-10-03,586,57384.57043060319,53355.90013963368,61717.5054244974,38686.87584699512,85119.02105844066,deaths,russia
2023-10-02,585,57295.24209994104,53305.97918060368,61583.14246740101,38624.65681104301,84990.9123271246,deaths,russia
2023-10-01,584,57208.57375788627,53258.92353870871,61451.243155537326,38564.42997475427,84866.31168117818,deaths,russia
2023-09-30,583,57126.08874552384,53217.270776191486,61322.14147070686,38507.48824156276,84746.89391965808,deaths,russia
2023-09-29,582,57047.73448446009,53181.57109155799,61195.08995170688,38453.870317252724,84632.41764743839,deaths,russia
2023-09-28,581,56968.114206023594,53143.15251140643,61068.495424588364,38399.07644857732,84516.77345942146,deaths,russia
2023-09-27,580,56890.23578880156,53104.941425880155,60945.439670314474,38345.36984019482,84403.90510428898,deaths,russia
2023-09-26,579,56806.8603562259,53057.88646958967,60820.80173043881,38287.06015143219,84284.85860872518,deaths,russia
2023-09-25,578,56717.374171785756,53000.32920676192,60695.15525792304,38223.56691891984,84159.09146743678,deaths,russia
2023-09-24,577,56623.30780728136,52935.366939555344,60568.21923049678,38156.24736867974,84028.15792489794,deaths,russia
2023-09-23,576,56526.76936703115,52866.614978086574,60440.35992436614,38086.882589479515,83894.39258826643,deaths,russia
2023-09-22,575,56426.98506668337,52793.00952296568,60311.133039608336,38014.85980374613,83756.84898394454,deaths,russia
2023-09-21,574,56324.421714025164,52715.27397467963,60180.69818801211,37940.574881432985,83616.042546201,deaths,russia
2023-09-20,573,56211.37327621601,52623.03373782199,60044.42223747678,37857.91243113464,83462.57422232069,deaths,russia
2023-09-19,572,56096.13936439368,52527.509000460246,59907.2331440414,37773.475879035126,83306.53221839634,deaths,russia
2023-09-18,571,55983.26541800083,52435.18039285264,59771.44705327621,37690.92069906486,83153.35484851288,deaths,russia
2023-09-17,570,55870.71612011424,52342.80800052265,59636.41407015663,37608.56745226154,83000.7004414909,deaths,russia
2023-09-16,569,55756.4479225049,52247.276749013974,59501.32101953352,37524.750007597504,82846.17410982469,deaths,russia
2023-09-15,568,55644.11845174698,52153.65589162296,59368.201161688696,37442.38812510865,82694.19894547336,deaths,russia
2023-09-14,567,55534.039680351954,52062.429304707395,59237.16555460958,37361.74199277342,82545.12905258437,deaths,russia
2023-09-13,566,55436.77005053347,51987.5447772412,59114.86774939497,37291.15587530887,82411.918100406,deaths,russia
2023-09-12,565,55343.24842672363,51917.08902704127,58995.53667533332,37223.46964987092,82283.44570327456,deaths,russia
2023-09-11,564,55250.0778618316,51846.24090647787,58877.41130801481,37155.95937704778,82155.63114028875,deaths,russia
2023-09-10,563,55158.19552736387,51776.17693326692,58761.15159639981,37089.35872159209,82029.63946863396,deaths,russia
2023-09-09,562,55064.22021268853,51702.58157428753,58644.4464761181,37021.024042307596,81901.26191359766,deaths,russia
2023-09-08,561,54967.56751686804,51624.240317817384,58527.43093466206,36950.44146378633,81769.89631729451,deaths,russia
2023-09-07,560,54869.27735403617,51543.13184821717,58410.07144744492,36878.50486311192,81636.65985771168,deaths,russia
2023-09-06,559,54764.96898592229,51453.49491683664,58289.56947852814,36801.76693930244,81496.1484481173,deaths,russia
2023-09-05,558,54662.04136306649,51364.32435135901,58171.48318892017,36725.96833085926,81357.67023988065,deaths,russia
2023-09-04,557,54561.963092461716,51277.8928214117,58056.36385057771,36652.30236850725,81222.95307677484,deaths,russia
2023-09-03,556,54462.92238335025,51191.975711153245,57942.87386072643,36579.362591951976,81089.71968221254,deaths,russia
2023-09-02,555,54369.059933549266,51111.84781107496,57833.85185370072,36510.387985524074,80963.121104647,deaths,russia
2023-09-01,554,54277.080847282596,51033.450603260906,57726.880610498185,36442.81794861563,80839.0216230753,deaths,russia
2023-08-31,553,54188.18933283855,50957.927648245575,57623.227895405056,36377.55000297269,80719.01729945553,deaths,russia
2023-08-30,552,54102.42032511541,50885.69995247793,57522.49053123864,36314.65446556122,80603.056536887525,deaths,russia
2023-08-29,551,54015.63406501108,50811.74644073745,57421.54382976404,36250.92244085572,80485.92498637737,deaths,russia
2023-08-28,550,53927.04295480364,50734.80945344489,57320.13452437898,36185.71107058247,80366.70266721654,deaths,russia
2023-08-27,549,53839.07417844493,50657.720066189286,57220.222532418426,36120.88756340337,80248.47746402885,deaths,russia
2023-08-26,548,53752.00514500907,50580.725268291935,57122.117932582296,36056.65704062755,80131.62059547318,deaths,russia
2023-08-25,547,53667.116625492046,50505.32954037897,57026.84293949603,35994.00583322868,80017.75912915231,deaths,russia
2023-08-24,546,53584.71586416291,50431.94583178832,56934.58405804365,35933.17542804444,79907.27213043475,deaths,russia
2023-08-23,545,53504.62500847425,50360.56525326504,56844.97291615823,35874.05168221166,79799.8834226185,deaths,russia
2023-08-22,544,53426.103816668576,50290.01487853078,56757.76048168855,35816.03191976734,79694.72505163957,deaths,russia
2023-08-21,543,53348.01190062066,50219.114719471385,56671.85527791886,35758.256920542146,79590.30673514378,deaths,russia
2023-08-20,542,53270.788134077506,50148.3896171114,56587.59739412459,35701.064282147694,79487.18617056608,deaths,russia
2023-08-19,541,53192.55848668873,50076.024501862914,56503.0533367795,35643.05604517293,79382.88353874852,deaths,russia
2023-08-18,540,53111.79277059862,50000.5335230961,56416.648657539634,35583.09111984074,79275.37368588996,deaths,russia
2023-08-17,539,53025.067270478765,49918.55236027784,56324.905857045225,35518.611696574975,79160.13561193367,deaths,russia
2023-08-16,538,52922.23488701784,49820.647104554,56216.91240738439,35442.098461148344,79023.63546030699,deaths,russia
2023-08-15,537,52802.981507957375,49706.75828404351,56092.06816975025,35353.34833691312,78865.39110099766,deaths,russia
2023-08-14,536,52670.23006223065,49580.04953983195,55953.01307939961,35254.58036046441,78689.18585369927,deaths,russia
2023-08-13,535,52521.630780602165,49437.94390482822,55797.66294846538,35144.01478407468,78491.97372728655,deaths,russia
2023-08-12,534,52359.17125731216,49282.44804528942,55627.976206577354,35023.14690739224,78276.35902221981,deaths,russia
2023-08-11,533,52186.52362969556,49117.43216603047,55447.38716306394,34894.75013233939,78047.12493671326,deaths,russia
2023-08-10,532,52006.80135007107,48945.85043704533,55259.17696867216,34761.14223281168,77808.403020234007,deaths,russia
2023-08-09,531,51831.28268428898,48778.264937878615,55075.38841094638,34630.694893674714,77575.20810943034,deaths,russia
2023-08-08,530,51670.07489762405,48624.5718246069,54906.327394194355,34510.93520894325,77360.92771111071,deaths,russia
2023-08-07,529,51518.41426527904,48479.62729247895,54747.678048770395,34398.256102185354,77159.38021004775,deaths,russia
2023-08-06,528,51376.7824366641,48344.08645367263,54599.72434945523,34293.033892830375,76971.16296286568,deaths,russia
2023-08-05,527,51243.74049837743,48216.61338162712,54460.91672964873,34194.20088321319,76794.35893196448,deaths,russia
2023-08-04,526,51118.396204297576,48096.3721022561,54330.30276268527,34101.09163403707,76627.78525432713,deaths,russia
2023-08-03,525,50999.70612403962,47982.465106169264,54206.67831437573,34012.94008489483,76470.03377782642,deaths,russia
2023-08-02,524,50882.917891030695,47870.85124130913,54084.50627479153,33926.27339901153,76314.66118397922,deaths,russia
2023-08-01,523,50762.46788089671,47755.26130846754,53959.04223934631,33836.85403352339,76154.50624998355,deaths,russia
2023-07-31,522,50631.10256815026,47628.96854866186,53822.46667930187,33739.33085950293,75979.8543340772,deaths,russia
2023-07-30,521,50502.423470586284,47505.42336783703,53688.49759977324,33643.8359061047,75808.70753488482,deaths,russia
2023-07-29,520,50376.20638049255,47384.297270553434,53557.029538302995,33550.19112362786,75640.7941634807,deaths,russia
2023-07-28,519,50247.46815252573,47260.87532075215,53422.795908593456,33454.70793829788,75469.46618497238,deaths,russia
2023-07-27,518,50119.117642442,47137.39964981042,53289.44781109321,33359.48515460117,75298.72706826784,deaths,russia
2023-07-26,517,49995.169959425584,47017.75998181039,53161.12578271913,33267.50718829452,75133.90667368779,deaths,russia
2023-07-25,516,49870.61336623017,46897.90163569841,53031.75651088649,33175.13534262478,74968.15759840707,deaths,russia
2023-07-24,515,49759.655103116005,46791.01946265636,52916.63518609759,33092.85558781972,74820.4996222435,deaths,russia
2023-07-23,514,49646.023191209875,46681.32128170198,52799.0123447211,33008.58233261109,74669.31782871268,deaths,russia
2023-07-22,513,49534.009128667894,46572.74217547938,52683.56555184281,32925.47517638966,74520.37378531529,deaths,russia
2023-07-21,512,49429.41516953291,46470.429328323364,52576.81482349151,32847.78768803789,74381.4987432996,deaths,russia
2023-07-20,511,49328.69505397629,46371.47792787778,52474.503085766395,32772.944219352445,74247.85129911405,deaths,russia
2023-07-19,510,49228.433313974754,46272.52285919168,52373.17145395173,32698.40790187114,74114.89796593062,deaths,russia
2023-07-18,509,49129.58730762112,46174.43018254794,52273.876942947354,32624.88145388743,73983.92849106962,deaths,russia
2023-07-17,508,49028.064348347114,46073.7971153395,52171.763164880336,32549.388811521294,73849.36432052108,deaths,russia
2023-07-16,507,48928.886687555074,45974.93559979539,52072.636166507444,32475.593744142294,73718.02329727479,deaths,russia
2023-07-15,506,48828.968925770285,45874.94437681927,51973.215364075426,32401.217171351313,73585.78076092646,deaths,russia
2023-07-14,505,48721.38729915722,45767.97527618223,51865.38689296651,32321.223873209114,73443.2049662098,deaths,russia
2023-07-13,504,48609.814838396174,45657.25400441302,51753.315642410584,32238.300186531906,73295.26631969879,deaths,russia
2023-07-12,503,48499.43932298461,45547.25153455874,51642.9802093564,32156.231194117794,73149.00554244634,deaths,russia
2023-07-11,502,48391.94404205209,45439.381333947276,51536.36340108245,32076.237501685857,73006.72255449774,deaths,russia
2023-07-10,501,48287.48867817817,45333.85282988041,51433.56819889102,31998.44181588503,72868.6192278235,deaths,russia
2023-07-09,500,48181.57164763575,45226.72917403522,51329.471929763,31919.557576369913,72728.59372201738,deaths,russia
2023-07-08,499,48073.63581449811,45117.89529508253,51223.01816418005,31839.219132597984,72585.79763874951,deaths,russia
2023-07-07,498,47967.847571418344,45010.8871912757,51119.0702206106,31760.458571826483,72445.90182594038,deaths,russia
2023-07-06,497,47860.41216321754,44902.30583914725,51013.40089028703,31680.49780231409,72303.78050308129,deaths,russia
2023-07-05,496,47751.881616693354,44792.90542419057,50906.33023882568,31599.76855872129,72160.1159713925,deaths,russia
2023-07-04,495,47633.7301737309,44675.62757316925,50787.70133102773,31512.10076498793,72003.23236902957,deaths,russia
2023-07-03,494,47508.37689865872,44552.31279776523,50660.58005029805,31419.22899097967,71836.4801046141,deaths,russia
2023-07-02,493,47380.713730221185,44427.25652388226,50530.514794554234,31324.722928286832,71666.49271566466,deaths,russia
2023-07-01,492,47248.84540430039,44299.156595001325,50394.94300994473,31227.243458755136,71490.60149217345,deaths,russia
2023-06-30,491,47114.49073888658,44169.00315564846,50256.40471122611,31127.98767171639,71311.2679065099,deaths,russia
2023-06-29,490,46982.22393014996,44040.75793706347,50120.15091353958,31030.28247157731,71134.71710421042,deaths,russia
2023-06-28,489,46850.01915946274,43912.595497566916,49983.93663722593,30932.64613050338,70958.21073554734,deaths,russia
2023-06-27,488,46727.54144421112,43792.054835618335,49859.80427964001,30842.014828990126,70795.11519084882,deaths,russia
2023-06-26,487,46609.21650202171,43674.78083781505,49740.817076502106,30754.385457277764,70637.72683847205,deaths,russia
2023-06-25,486,46493.8918762063,43559.654047840115,49625.7912744653,30668.903538772982,70484.51353154753,deaths,russia
2023-06-24,485,46383.67899036602,43447.75902228544,49517.998902929634,30587.02111657233,70338.5401792704,deaths,russia
2023-06-23,484,46269.242537523634,43330.46074295951,49407.35180137224,30501.89848365216,70187.22563028858,deaths,russia
2023-06-22,483,46153.9855279713,43212.35696628996,49295.8747614016,30416.185911291097,70034.79291972434,deaths,russia
2023-06-21,482,46037.93093221919,43093.65394001798,49183.38064422005,30329.922543324214,69881.22216021281,deaths,russia
2023-06-20,481,45911.070724233556,42964.91176788773,49059.26280745597,30235.760098785246,69713.06475156233,deaths,russia
2023-06-19,480,45780.40553270189,42833.25796404657,48930.341173265384,30138.90061613303,69539.58688251679,deaths,russia
2023-06-18,479,45638.53658179735,42693.14899698624,48787.13124399532,30034.080192085134,69350.4596777692,deaths,russia
2023-06-17,478,45484.78401806355,42544.03377660593,48628.808898081064,29920.815342927635,69144.736324348,deaths,russia
2023-06-16,477,45327.53001726898,42394.024030409266,48464.02477887065,29805.288747802035,68933.61993449008,deaths,russia
2023-06-15,476,45166.08662881636,42240.47158476531,48294.33312989385,29686.765055951673,68716.71319456544,deaths,russia
2023-06-14,475,45005.02249784668,42085.760452791445,48126.77913309056,29568.376972112415,68500.6666558772,deaths,russia
2023-06-13,474,44846.808371127685,41933.37459574322,47962.66458910967,29452.072200334715,68288.49546921461,deaths,russia
2023-06-12,473,44682.562807370115,41773.18991940916,47794.574574154096,29331.14522005306,68068.69981349182,deaths,russia
2023-06-11,472,44519.912207112335,41610.46501772182,47632.81244686648,29210.96836206033,67852.05314245164,deaths,russia
2023-06-10,471,44370.60910043986,41457.6875021504,47488.231312528835,29100.29636475544,67654.03709782075,deaths,russia
2023-06-09,470,44235.03453725117,41315.5228760406,47360.88583657139,28999.436722608767,67475.09593072286,deaths,russia
2023-06-08,469,44105.14269776551,41178.24328735225,47240.115066662634,28902.70439908873,67303.90762930358,deaths,russia
2023-06-07,468,43979.11282866843,41045.02752486889,47122.968028146664,28808.859213076936,67137.80088230633,deaths,russia
2023-06-06,467,43861.6318064189,40919.78819186783,47014.99569997808,28721.272647019316,66983.22883345462,deaths,russia
2023-06-05,466,43751.45598486931,40803.84129483116,46912.01760452157,28639.32613927523,66837.8371715298,deaths,russia
2023-06-04,465,43646.365979815404,40695.954162492155,46810.690132629294,28561.49374289976,66698.40307370655,deaths,russia
2023-06-03,464,43537.83191045569,40586.06230853317,46704.28737000734,28481.301771167753,66553.96689894139,deaths,russia
2023-06-02,463,43426.686620194196,40474.28773002043,46594.45475545439,28399.282552550092,66405.83086661347,deaths,russia
2023-06-01,462,43310.56564586951,40358.933803418426,46478.06779034972,28313.77776074483,66250.64353078789,deaths,russia
2023-05-31,461,43187.22087021548,40238.506382361185,46352.022466387585,28223.219037473456,66085.197650631555,deaths,russia
2023-05-30,460,43057.895304859645,40113.706355119015,46218.1789638047,28128.460323014322,65911.29832193011,deaths,russia
2023-05-29,459,42929.35283772519,39988.78749898062,46086.155086330305,28034.197010625816,65738.65294307565,deaths,russia
2023-05-28,458,42801.423405809255,39863.948031479915,45955.357132759855,27940.3480402878,65566.93145936816,deaths,russia
2023-05-27,457,42669.7255112065,39736.09387696905,45819.94387346024,27843.837518618824,65389.928550874705,deaths,russia
2023-05-26,456,42538.00512242635,39607.56575742357,45685.263592946074,27747.254721906706,65213.043800131105,deaths,russia
2023-05-25,455,42412.930984780345,39483.08391501272,45560.19665300919,27655.280238637453,65045.724294055595,deaths,russia
2023-05-24,454,42293.402092142875,39361.98167424147,45443.14838941464,27567.153056787087,64886.38270387495,deaths,russia
2023-05-23,453,42179.80932686071,39244.57300367106,45334.601231338536,27483.144284027843,64735.57855599221,deaths,russia
2023-05-22,452,42070.36368295768,39129.661669434056,45232.094398796646,27402.004351845026,64590.763180167625,deaths,russia
2023-05-21,451,41962.33058802113,39015.31953373537,45131.97393870655,27321.821360050322,64448.04722316075,deaths,russia
2023-05-20,450,41860.13317992183,38904.66148380403,45040.15367090014,27245.68907957064,64313.719518176375,deaths,russia
2023-05-19,449,41759.106336000914,38795.124401503104,44949.56844690525,27170.42074111623,64180.96549067411,deaths,russia
2023-05-18,448,41657.185971388295,38684.630248391564,44858.18439137473,27094.495299765887,64047.03287577116,deaths,russia
2023-05-17,447,41556.12658458275,38574.56005903562,44768.178044675486,27019.158120962256,63914.373320234285,deaths,russia
2023-05-16,446,41450.577869533256,38461.20401636292,44672.327807969756,26940.677597301175,63775.356800870715,deaths,russia
2023-05-15,445,41336.7319709236,38343.20892571633,44563.98874938779,26856.566096252616,63624.15630573556,deaths,russia
2023-05-14,444,41217.741391877404,38222.36249846358,44447.87517507034,26768.980564011814,63465.368752997376,deaths,russia
2023-05-13,443,41094.00313530848,38098.48598747333,44325.05353376389,26678.139409093743,63299.69865805142,deaths,russia
2023-05-12,442,40968.06452136052,37972.66001669474,44199.76139024809,26585.732242090384,63130.98451712556,deaths,russia
2023-05-11,441,40842.15957239622,37847.034033678116,44074.31846264008,26493.386676397982,62962.24647539121,deaths,russia
2023-05-10,440,40712.76236307497,37719.21327844493,43943.900954353645,26398.659032236785,62788.42163563512,deaths,russia
2023-05-09,439,40582.004904138965,37590.7506322316,43811.29977490569,26303.046690285028,62612.52649026643,deaths,russia
2023-05-08,438,40459.340740287844,37466.61457598462,43691.13739123953,26212.925411483942,62448.5542210833,deaths,russia
2023-05-07,437,40346.64788121579,37348.58942467607,43585.39286584082,26129.65492775394,62299.061810575404,deaths,russia
2023-05-06,436,40235.51030618642,37232.05843153493,43481.27055289939,26047.538745345042,62151.640445421865,deaths,russia
2023-05-05,435,40119.01635040258,37112.6670621967,43368.91796618937,25961.832031466176,61996.25936785652,deaths,russia
2023-05-04,434,39996.01501704213,36989.328934316145,43247.115540264545,25871.70013593044,61831.35407598955,deaths,russia
2023-05-03,433,39867.20201507555,36862.837094144394,43116.43502357352,25777.67391775967,61657.80907144076,deaths,russia
2023-05-02,432,39732.49144854927,36733.27613678673,42976.59070690061,25679.715721300705,61475.45002552473,deaths,russia
2023-05-01,431,39592.45581862356,36600.21006491301,42829.332815491965,25578.112934212713,61285.359245183805,deaths,russia
2023-04-30,430,39446.740412307954,36463.44970804095,42674.1126762534,25472.628797790836,61087.00567247053,deaths,russia
2023-04-29,429,39301.68253937837,36326.984618302755,42519.97084796,25367.60985322641,60889.59524888557,deaths,russia
2023-04-28,428,39162.59981560999,36194.29699864035,42374.33885606415,25266.714900661118,60700.823773960365,deaths,russia
2023-04-27,427,39021.51012274241,36060.01933063769,42226.225447111414,25164.440834123638,60509.16933914585,deaths,russia
2023-04-26,426,38878.661348191315,35924.83345156964,42075.366549704835,25061.02805156464,60314.823460357395,deaths,russia
2023-04-25,425,38733.958989513114,35788.56279543674,41921.76477080076,24956.399125200085,60117.68022283921,deaths,russia
2023-04-24,424,38584.34402861552,35649.07269698858,41761.302220883044,24848.431188464925,59913.35785199898,deaths,russia
2023-04-23,423,38433.67836517985,35508.22068881645,41600.16142398509,24739.69111099451,59707.65974169336,deaths,russia
2023-04-22,422,38281.405263645225,35365.83501358462,41437.33866590475,24629.82036417785,59499.72107236051,deaths,russia
2023-04-21,421,38124.9837429492,35220.486681445684,41269.00673075327,24517.105780473717,59285.782432985936,deaths,russia
2023-04-20,420,37968.00255624963,35075.238212679615,41099.345659000246,24404.1081901778,59070.81676040346,deaths,russia
2023-04-19,419,37813.7637564098,34931.30040127472,40934.086092048194,24292.973643485348,58859.90356055615,deaths,russia
2023-04-18,418,37659.789008517204,34787.435221133645,40769.31189815342,24182.05415121982,58649.321612760534,deaths,russia
2023-04-17,417,37502.93509864561,34642.67412929088,40599.355304975295,24069.32901456115,58434.18233420138,deaths,russia
2023-04-16,416,37344.04320766969,34496.68212738061,40426.42898612204,23955.25992951795,58215.98426751547,deaths,russia
2023-04-15,415,37186.284707611194,34351.2416647944,40255.309767604216,23841.98098313806,57999.427362506984,deaths,russia
2023-04-14,414,37029.43025809108,34206.501855786155,40085.32678404955,23729.373347793033,57784.08571372597,deaths,russia
2023-04-13,413,36875.138889659465,34063.007057663955,39919.434906966984,23618.50836234877,57572.529468899986,deaths,russia
2023-04-12,412,36716.85694528549,33916.76456136671,39748.12238821988,23504.941705233097,57355.12943785644,deaths,russia
2023-04-11,411,36557.7329569553,33769.85713756588,39575.766016239904,23390.833922329137,57136.45189278762,deaths,russia
2023-04-10,410,36400.83787840785,33623.82862278227,39407.20444872865,23278.22814259259,56921.1055815388,deaths,russia
2023-04-09,409,36239.096940326235,33475.86084964167,39230.426229007135,23162.505216736936,56698.2586770112,deaths,russia
2023-04-08,408,36069.42172324325,33323.792234339126,39041.27825390937,23041.53630573266,56463.45736093182,deaths,russia
2023-04-07,407,35893.022041961645,33167.962994312584,38841.98137633224,22916.096945772155,56218.590464306406,deaths,russia
2023-04-06,406,35713.296491257,33010.3404671844,38637.587002224085,22788.48075900384,55968.67893783094,deaths,russia
2023-04-05,405,35539.31431904797,32856.51734763808,38441.17488540092,22664.841262790556,55727.03647225521,deaths,russia
2023-04-04,404,35372.41128747844,32707.206324961393,38254.80088529768,22546.067595183777,55495.663744604295,deaths,russia
2023-04-03,403,35205.292480883174,32558.366838805516,38067.410657220746,22427.268772062274,55263.70988349268,deaths,russia
2023-04-02,402,35041.58996234672,32410.850660708806,37885.863593566275,22310.740815210793,55036.920050062276,deaths,russia
2023-04-01,401,34881.618240311465,32265.22031771395,37710.18112686803,22196.739563769122,54815.650173100126,deaths,russia
2023-03-31,400,34728.89387025449,32123.275443212984,37545.86275767357,22087.600885989275,54605.1829130552,deaths,russia
2023-03-30,399,34582.682580163586,31984.40494780004,37392.03648838875,21982.803441732805,54404.49679650855,deaths,russia
2023-03-29,398,34440.0970315985,31847.052285792815,37244.28083291273,21880.411436012695,54209.29547724268,deaths,russia
2023-03-28,397,34302.79373136185,31712.257987126668,37104.96607186538,21781.54114267695,54022.0259054387,deaths,russia
2023-03-27,396,34173.71860790013,31581.802121584624,36978.381702125254,21688.184940301802,53847.02739377182,deaths,russia
2023-03-26,395,34047.71902126416,31453.087329455277,36856.42078948606,21596.924861621166,53676.548652048914,deaths,russia
2023-03-25,394,33925.296145046625,31326.541057605034,36739.66727494123,21508.11104050932,53511.29764228269,deaths,russia
2023-03-24,393,33801.21319916764,31199.182056084624,36620.2799994711,21418.232230898906,53343.48975245124,deaths,russia
2023-03-23,392,33675.44360264747,31071.380056664122,36497.769421346995,21327.315347712327,53172.974020556445,deaths,russia
2023-03-22,391,33543.65142476919,30941.322103979186,36364.85966341985,21232.54667775863,52993.072588678166,deaths,russia
2023-03-21,390,33401.023423969855,30805.345370836305,36215.41898437981,21130.600192325102,52796.879597763575,deaths,russia
2023-03-20,389,33251.498037408615,30665.098272261184,36056.0456099138,21024.043204380258,52590.43421438024,deaths,russia
2023-03-19,388,33107.09586665188,30528.739118035013,35903.21382529631,20921.06148729445,52391.28183773956,deaths,russia
2023-03-18,387,32965.72118978571,30394.893556593677,35753.99496779264,20820.23108513658,52196.35317211463,deaths,russia
2023-03-17,386,32822.398963604646,30260.643112979687,35601.02763675498,20718.22955267062,51998.22620174414,deaths,russia
2023-03-16,385,32672.809956113106,30123.18297905661,35438.24124758713,20612.13754175451,51790.543985930424,deaths,russia
2023-03-15,384,32528.721751883146,29988.18582698862,35284.49082670808,20509.6752655849,51591.21277122382,deaths,russia
2023-03-14,383,32391.514862434975,29856.681969701112,35141.55941814125,20411.793003531297,51402.222639613974,deaths,russia
2023-03-13,382,32256.836884327302,29727.36200363793,35001.54503624311,20315.729376402724,51216.71312749036,deaths,russia
2023-03-12,381,32112.932746801707,29592.94396110819,34847.51328629374,20213.577755635262,51017.28459492751,deaths,russia
2023-03-11,380,31965.659588443435,29456.717402270602,34688.300091633624,20109.233382570383,50812.71540279119,deaths,russia
2023-03-10,379,31823.28659642623,29323.17603145621,34536.5606637354,20008.179692770285,50615.44286756026,deaths,russia
2023-03-09,378,31680.250742035994,29186.79804803211,34386.72303734134,19906.44408273909,50417.8286721422,deaths,russia
2023-03-08,377,31531.756123196614,29048.01672784437,34227.86786039118,19801.20728269304,50211.741860917995,deaths,russia
2023-03-07,376,31382.625153237765,28910.194931292142,34066.50136816714,19695.748238689634,50004.22540895786,deaths,russia
2023-03-06,375,31233.71209931109,28773.53733470078,33904.236256775206,19590.603861506315,49796.638538941974,deaths,russia
2023-03-05,374,31085.78439284548,28637.763289422397,33743.069558706964,19486.201507875347,49590.343518612084,deaths,russia
2023-03-04,373,30930.339390143046,28496.626745726524,33571.903309722555,19376.72760642578,49373.00826572537,deaths,russia
2023-03-03,372,30767.399945106805,28351.215769763152,33389.505979959824,19262.327045567064,49144.33809529472,deaths,russia
2023-03-02,371,30606.78931684493,28209.923335011907,33207.31441130392,19149.86213164962,48918.21366878789,deaths,russia
2023-03-01,370,30445.694205626616,28068.136267343194,33024.65814729634,19037.100821240165,48691.33623726107,deaths,russia
2023-02-28,369,30286.62810035398,27928.545302179627,32843.820523972274,18925.849738716588,48467.11756464698,deaths,russia
2023-02-27,368,30126.41861541136,27787.952755838232,32661.684360945375,18813.846304749706,48241.20179804113,deaths,russia
2023-02-26,367,29965.242457851436,27646.41098228271,32478.572326477904,18701.206682431155,48013.86056785169,deaths,russia
2023-02-25,366,29808.38500696833,27508.44031728191,32300.631461739984,18591.61234474938,47792.581731403836,deaths,russia
2023-02-24,365,29653.40908137201,27371.86899122483,32125.129731133886,18483.355285364563,47573.93889033161,deaths,russia
2023-02-23,364,29498.10291109916,27234.840632400825,31949.453183602174,18374.90201347382,47354.78254974703,deaths,russia
2023-02-22,363,29343.448756146812,27098.23089156371,31774.701809273665,18266.937890706104,47136.49891666819,deaths,russia
2023-02-21,362,29185.232232879946,26958.65610899634,31595.714220426154,18156.551679720455,46913.054079175345,deaths,russia
2023-02-20,361,29029.109365049822,26820.643373810926,31419.43179720611,18047.642024092926,46692.5622103582,deaths,russia
2023-02-19,360,28873.783355013238,26683.146613819594,31244.27345462016,17939.320323027034,46473.154082241155,deaths,russia
2023-02-18,359,28718.8923657437,26545.865341799967,31069.807301958816,17831.333627777974,46254.317841963166,deaths,russia
2023-02-17,358,28567.737226971945,26411.56411608448,30899.939359513297,17725.963282928875,46040.767025258756,deaths,russia
2023-02-16,357,28419.982359046684,26280.00209317072,30734.225344577502,17622.98336989564,45832.00794743608,deaths,russia
2023-02-15,356,28277.275470805882,26152.459520732187,30574.730639016714,17523.514831989156,45630.43447018922,deaths,russia
2023-02-14,355,28137.76583385017,26027.4505648962,30419.18933949176,17426.281327905835,45433.39311263338,deaths,russia
2023-02-13,354,28002.640409843607,25906.03356070116,30268.930207720845,17332.104979497068,45242.57013349244,deaths,russia
2023-02-12,353,27868.612628147694,25785.447359042595,30120.07505258456,17238.724341404464,45053.25463905753,deaths,russia
2023-02-11,352,27734.38531486883,25664.613065305773,29971.079957487735,17145.244171319595,44863.591196487745,deaths,russia
2023-02-10,351,27596.30719325042,25540.463675760133,29817.635063972815,17049.146238418765,44668.35677272151,deaths,russia
2023-02-09,350,27455.26550134783,25413.636452503575,29660.913969200923,16951.03629525123,44468.84091096069,deaths,russia
2023-02-08,349,27310.669097971342,25283.80684870233,29500.017747428283,16850.52160268395,44264.15600378571,deaths,russia
2023-02-07,348,27162.263991360505,25150.71563996885,29334.700247956083,16747.4240246886,44053.94797010089,deaths,russia
2023-02-06,347,27006.987515656252,25011.81418714448,29161.318825138485,16639.639285071986,43833.81906802067,deaths,russia
2023-02-05,346,26851.025893488393,24872.208861230843,28987.280582944706,16531.42681027135,43612.63899430279,deaths,russia
2023-02-04,345,26696.13954548044,24733.360953654425,28814.68313157098,16423.99445321863,43392.938841736584,deaths,russia
2023-02-03,344,26541.58646751773,24594.5978914752,28642.70846039302,16316.831351009298,43173.65967437711,deaths,russia
2023-02-02,343,26388.17370509512,24456.665226868652,28472.229852697757,16210.500638649792,42955.93815064117,deaths,russia
2023-02-01,342,26235.69670293705,24319.353009249684,28303.049702145203,16104.851386717155,42739.5028811068,deaths,russia
2023-01-31,341,26085.07437189337,24183.476410797495,28136.20163703626,16000.51686496117,42525.66551059005,deaths,russia
2023-01-30,340,25936.530304438453,24049.21019359609,27971.964612610376,15897.650532851272,42314.74828264542,deaths,russia
2023-01-29,339,25790.380016294417,23916.830107885897,27810.698218115205,15796.469068115148,42107.20327197178,deaths,russia
2023-01-28,338,25644.22133050207,23784.29817430949,27649.591196198824,15695.322022933635,41899.58438488031,deaths,russia
2023-01-27,337,25498.85452470208,23652.27491342481,27489.601508197757,15594.761394528512,41693.037141911525,deaths,russia
2023-01-26,336,25355.707470126803,23522.027993156138,27332.334222806134,15495.769679455514,41489.60246457699,deaths,russia
2023-01-25,335,25211.645688502012,23390.833798184827,27174.196227722103,15396.190250546737,41284.79472223096,deaths,russia
2023-01-24,334,25064.824935417077,23257.208600322465,27012.935679655075,15294.7690749192,41075.93721996347,deaths,russia
2023-01-23,333,24917.352266414637,23122.96253682943,26850.99174204454,15192.95185642995,40866.05435876189,deaths,russia
2023-01-22,332,24768.542651832016,22987.497429209867,26687.582652543046,15090.27008549361,40654.160783118146,deaths,russia
2023-01-21,331,24618.926165860226,22851.159844454512,26523.44826956654,14987.078811437625,40441.04238668487,deaths,russia
2023-01-20,330,24469.389314371816,22714.70643560358,26359.620499238885,14883.987948051565,40227.968932604264,deaths,russia
2023-01-19,329,24319.14847430131,22577.44975793994,26195.208564681638,14780.458020248707,40013.8201228293,deaths,russia
2023-01-18,328,24169.14579617998,22440.21494689446,26031.28471013765,14677.136428629334,39799.94518447567,deaths,russia
2023-01-17,327,24019.883689232596,22303.337330008966,25868.542232198077,14574.35846671063,39587.09067971038,deaths,russia
2023-01-16,326,23872.402464456714,22167.77332620005,25708.112310595585,14472.834915504262,39376.75030770967,deaths,russia
2023-01-15,325,23727.141766445744,22033.956443146544,25550.439033029154,14372.871306560772,39169.543243444285,deaths,russia
2023-01-14,324,23584.881119740443,21902.669730162812,25396.293083037464,14275.008356526527,38966.56815119269,deaths,russia
2023-01-13,323,23445.803774178898,21774.240502191446,25245.689564334138,14179.386319415566,38768.04674425639,deaths,russia
2023-01-12,322,23308.78232354502,21647.58269811733,25097.459709082177,14085.223969505367,38572.384850393,deaths,russia
2023-01-11,321,23172.766598473543,21521.647814811153,24950.557555206688,13991.792532836374,38378.1026211748,deaths,russia
2023-01-10,320,23037.009315075255,21395.71981844872,24804.2039787017,13898.578040935901,38184.135857902744,deaths,russia
2023-01-09,319,22902.90310588709,21271.18721410186,24659.78818322212,13806.536716812174,37992.466253469844,deaths,russia
2023-01-08,318,22771.088411530323,21148.579786538852,24518.07514138096,13716.100308765215,37804.0291359063,deaths,russia
2023-01-07,317,22643.651453311028,21029.97124245849,24381.153294780263,13628.705929750797,37621.78481871168,deaths,russia
2023-01-06,316,22516.369094363683,20911.512276359917,24244.39092826134,13541.470343055458,37439.662580369346,deaths,russia
2023-01-05,315,22391.477007787576,20795.036925370918,24110.47624391131,13455.9004588138,37260.92981754718,deaths,russia
2023-01-04,314,22268.90885819191,20680.602996311653,23979.19941309078,13371.963133542393,37085.458580773455,deaths,russia
2023-01-03,313,22149.728274301786,20569.1563334883,23851.75440673759,13290.381431956408,36914.785573032816,deaths,russia
2023-01-02,312,22031.738072631597,20458.6606499321,23725.770506408466,13209.644272111851,36745.77598694829,deaths,russia
2023-01-01,311,21909.13403724117,20343.94958471175,23594.73803599112,13125.813558863443,36570.029948532305,deaths,russia
2022-12-31,310,21780.342122920756,20223.21677442849,23457.36183539632,13037.78150585248,36385.37877979808,deaths,russia
2022-12-30,309,21649.952381328014,20100.459148771166,23318.892766522404,12948.667155072988,36198.46386340846,deaths,russia
2022-12-29,308,21516.66185698749,19974.78327364382,23177.560903007994,12857.610395620928,36007.33247006774,deaths,russia
2022-12-28,307,21382.087778463418,19847.662662083152,23035.140739773855,12765.713889533534,35814.312154698746,deaths,russia
2022-12-27,306,21246.381140310008,19719.261345825136,22891.76744677597,12673.083629487777,35619.61242107182,deaths,russia
2022-12-26,305,21108.601064840663,19588.719692427407,22746.411671511072,12579.078362412276,35421.87906059319,deaths,russia
2022-12-25,304,20975.693047408276,19462.34529637727,22606.717715706654,12488.416587868853,35231.14145817736,deaths,russia
2022-12-24,303,20848.59699991372,19341.306466184495,22473.354947112246,12401.75563555383,35048.69456076215,deaths,russia
2022-12-23,302,20722.66740133169,19221.157072290822,22341.4747845144,12315.930412450602,34867.86736371662,deaths,russia
2022-12-22,301,20597.116926521398,19101.14351157135,22210.25584780729,12230.403690044965,34687.53098025979,deaths,russia
2022-12-21,300,20471.143331762567,18980.54912765803,22078.801541644058,12144.633237270087,34506.520763830056,deaths,russia
2022-12-20,299,20344.678013259607,18859.279591793347,21947.07397482432,12058.569820968314,34324.745692437464,deaths,russia
2022-12-19,298,20219.048974490765,18738.95146609127,21816.056602582055,11973.145063289723,34144.03080040292,deaths,russia
2022-12-18,297,20091.509996977697,18616.639325405533,21683.229436611935,11886.464302551356,33960.50398356229,deaths,russia
2022-12-17,296,19959.216634188713,18489.51447867541,21545.74810205282,11796.58625378759,33770.096921524564,deaths,russia
2022-12-16,295,19826.9613296575,18362.174417873906,21408.60286243116,11706.775940094665,33579.691570682364,deaths,russia
2022-12-15,294,19695.07977058616,18234.956412452924,21272.1260148995,11617.263451794173,33389.766324999444,deaths,russia
2022-12-14,293,19563.924892725685,18108.148237364432,21136.74472945273,11528.283125341984,33200.844428629505,deaths,russia
2022-12-13,292,19434.037215780292,17982.357620903906,21002.917980678394,11440.2073770594,33013.6860722455,deaths,russia
2022-12-12,291,19303.342637443766,17855.229402849967,20868.913217579873,11351.594458870315,32825.40116606816,deaths,russia
2022-12-11,290,19175.495778494213,17730.676729565806,20738.05978295706,11264.952508862369,32641.164780199208,deaths,russia
2022-12-10,289,19050.847766100167,17609.41439741998,20610.280969912965,11180.55415503426,32461.38199795734,deaths,russia
2022-12-09,288,18930.133076019403,17492.02445313756,20486.484827981487,11098.879311367557,32287.157592897816,deaths,russia
2022-12-08,287,18810.480172061278,17375.73346570766,20363.704582267397,11017.989765288221,32114.336681707715,deaths,russia
2022-12-07,286,18692.047677910075,17260.364213260527,20242.492482867416,10937.959621904714,31943.24380334555,deaths,russia
2022-12-06,285,18574.732238826527,17145.930586309394,20122.60822391191,10858.726825820744,31773.703553474184,deaths,russia
2022-12-05,284,18457.941188194134,17031.911521248625,20003.379813619897,10779.897274014696,31604.84256839657,deaths,russia
2022-12-04,283,18339.564679114865,16916.105586991198,19882.81973733296,10700.029451488517,31433.6571901018,deaths,russia
2022-12-03,282,18219.27590899357,16797.953421061833,19760.877134352766,10618.884282341602,31259.733824608826,deaths,russia
2022-12-02,281,18096.167842106126,16676.651448696248,19636.5317089097,10535.858753296014,31081.73705644452,deaths,russia
2022-12-01,280,17973.217851943165,16555.0660982688,19512.87184179337,10452.960699428804,30903.980182614185,deaths,russia
2022-11-30,279,17849.901848803227,16433.066562463828,19388.916125471438,10369.873371007518,30725.598575658638,deaths,russia
2022-11-29,278,17725.312343033696,16309.728979578114,19263.782598140602,10285.983695762225,30545.28470783209,deaths,russia
2022-11-28,277,17601.37642240473,16187.008307562985,19139.35092306248,10202.59357239937,30365.814312609895,deaths,russia
2022-11-27,276,17477.81385090658,16064.497715905152,19015.494012831885,10119.500435368202,30186.822653127118,deaths,russia
2022-11-26,275,17353.95028883347,15941.709575850999,18891.321931312043,10036.273120276102,30007.27142262557,deaths,russia
2022-11-25,274,17230.229269941352,15819.1407795424,18767.21216405791,9953.214721023214,29827.788224717533,deaths,russia
2022-11-24,273,17108.20772157081,15698.18171179178,18644.907408717067,9871.351576044666,29650.684270705617,deaths,russia
2022-11-23,272,16987.173173876818,15578.045084208292,18523.790746564628,9790.198449036305,29474.948670938087,deaths,russia
2022-11-22,271,16867.01868813798,15458.633260223995,18403.744868226295,9709.685306761874,29300.42174505149,deaths,russia
2022-11-21,270,16747.12933992276,15339.163216273073,18284.360486123387,9629.379225262757,29126.2693062569,deaths,russia
2022-11-20,269,16630.145062687727,15222.875158686258,18167.537901347925,9551.10295907971,28956.152886675933,deaths,russia
2022-11-19,268,16519.080003943465,15112.499753560563,18056.60201695439,9476.843088823483,28794.541509218976,deaths,russia
2022-11-18,267,16414.90600639992,15008.961867512198,17952.571306005593,9407.2362378762,28642.878225182172,deaths,russia
2022-11-17,266,16312.895903365257,14908.096690949256,17850.08632708961,9339.17629839607,28494.11896930378,deaths,russia
2022-11-16,265,16138.319730239626,14758.662499268718,17647.059434788553,9225.262985262862,28231.988114492055,deaths,russia
2022-11-15,264,15958.41677726974,14606.473950158761,17435.689592861607,9108.164590065606,27961.08896240877,deaths,russia
2022-11-14,263,15784.123699624715,14460.41311154582,17229.2539162703,8994.937330818204,27698.048308488516,deaths,russia
2022-11-13,262,15610.043291045416,14314.80832841956,17022.72842178189,8881.960053189665,27435.06899428963,deaths,russia
2022-11-12,261,15434.853157179108,14168.237698425706,16814.918951222382,8768.340729992195,27170.253231492134,deaths,russia
2022-11-11,260,15256.051825819284,14017.927158695948,16603.666242733478,8652.39550385141,26900.013202072918,deaths,russia
2022-11-10,259,15078.385910077563,13868.351717003634,16394.003838228437,8537.252695250581,26631.372225649404,deaths,russia
2022-11-09,258,14977.478720370953,13771.6804996704,16288.863316816964,8470.911790961674,26481.89687892278,deaths,russia
2022-11-08,257,14886.268918298665,13682.28971167096,16196.206207503918,8410.822785150354,26347.24103001572,deaths,russia
2022-11-07,256,14793.287513349775,13590.937450115167,16102.020452521716,8349.58653455957,26209.957905489457,deaths,russia
2022-11-06,255,14703.007245448107,13502.221663197826,16010.59467232266,8290.168530424256,26076.58983794026,deaths,russia
2022-11-05,254,14613.654658728521,13415.388722185144,15918.958449335372,8231.492840867551,25944.22926821226,deaths,russia
2022-11-04,253,14525.711738665812,13329.92889345865,15828.770604979756,8173.787720500989,25813.873227261305,deaths,russia
2022-11-03,252,14437.61042756216,13244.199472486967,15738.563687646501,8116.010205696423,25683.23748158192,deaths,russia
2022-11-02,251,14349.600062317651,13158.46975666619,15648.561758941421,8058.325905197838,25552.685006587246,deaths,russia
2022-11-01,250,14262.920901278361,13073.929439137979,15560.054491766445,8001.544277766855,25424.063812487075,deaths,russia
2022-10-31,249,14176.053118413447,12989.075370944433,15471.515121492266,7944.669727169221,25295.121097496456,deaths,russia
2022-10-30,248,14086.142941379238,12900.555558292539,15380.708427768057,7885.781759102717,25161.787509232276,deaths,russia
2022-10-29,247,13995.611257769888,12809.989543763331,15290.989010375843,7826.398802305927,25027.87072708957,deaths,russia
2022-10-28,246,13901.743691035963,12716.647275104735,15197.303882420405,7764.9331255753,24888.75458756047,deaths,russia
2022-10-27,245,13806.63896097996,12621.965171518996,15102.527171637246,7702.696386606137,24747.74950796377,deaths,russia
2022-10-26,244,13714.223142830853,12530.229375061877,15010.116149842226,7642.285125309239,24610.57577781071,deaths,russia
2022-10-25,243,13622.16178976878,12438.779508820391,14918.147939819051,7582.140309201927,24473.874122375673,deaths,russia
2022-10-24,242,13530.882137030709,12348.001827620114,14827.095969462987,7522.541562525758,24338.28300100836,deaths,russia
2022-10-23,241,13443.865601048223,12261.748706858843,14739.964227429342,7465.79400037452,24208.86376095277,deaths,russia
2022-10-22,240,13362.318236168152,12181.635054436236,14657.45113604509,7412.715682979959,24087.293194095557,deaths,russia
2022-10-21,239,13288.945375463185,12109.429996228939,14583.361048606472,7364.983366863037,23977.876714656908,deaths,russia
2022-10-20,238,13222.012710710278,12044.347204579059,14514.834372549638,7321.545725368972,23877.76351928096,deaths,russia
2022-10-19,237,13157.003698511831,11981.56037830689,14447.766697016854,7279.421691487782,23780.347092357326,deaths,russia
2022-10-18,236,13091.81302649411,11919.296612368398,14379.672940196855,7237.277894976041,23682.37987203174,deaths,russia
2022-10-17,235,13026.652347155228,11858.079593887209,14310.384766135816,7195.284970325173,23584.07126725545,deaths,russia
2022-10-16,234,12961.758121979434,11797.034960413237,14241.476124975836,7153.483127734228,23486.13680303566,deaths,russia
2022-10-15,233,12894.38592647203,11733.09654878003,14170.617298992116,7110.0568150173685,23384.58917852665,deaths,russia
2022-10-14,232,12820.987394313319,11664.314855031125,14092.362595096682,7062.866127678772,23273.608158969822,deaths,russia
2022-10-13,231,12750.12603032782,11598.099110000348,14016.585318531466,7017.344691898768,23166.3627774726,deaths,russia
2022-10-12,230,12681.597875983907,11534.318876410254,13942.994618823046,6973.3670446222895,23062.525523468274,deaths,russia
2022-10-11,229,12618.145939128097,11475.231080331336,13874.894493851441,6932.668781447775,22966.339818139295,deaths,russia
2022-10-10,228,12554.893968604527,11416.371165067247,13806.958729686698,6892.13651193961,22870.374436200636,deaths,russia
2022-10-09,227,12475.453518593074,11345.335259726988,13718.14578179819,6841.566109442529,22748.80815837336,deaths,russia
2022-10-08,226,12385.373812209595,11265.826496029029,13616.180752668204,6784.383173135441,22610.503191621945,deaths,russia
2022-10-07,225,12291.209229404925,11181.892365232927,13510.581846288498,6724.59859407895,22466.039933014108,deaths,russia
2022-10-06,224,12190.059455095283,11091.072045997234,13397.946663614592,6660.357252424882,22310.983760190575,deaths,russia
2022-10-05,223,12082.531008589505,10993.7611542524,13279.130854406318,6592.0370505930905,22146.297778212618,deaths,russia
2022-10-04,222,11971.775686571269,10893.318986152955,13157.004352939748,6521.688328462909,21976.649986460194,deaths,russia
2022-10-03,221,11857.703897944362,10789.499597300159,13031.667837645004,6449.271043479944,21801.887011097147,deaths,russia
2022-10-02,220,11755.687378767823,10693.771199289016,12923.060513862976,6384.331076787228,21646.305781304374,deaths,russia
2022-10-01,219,11663.202012124479,10605.255708201943,12826.694879133149,6325.368269620282,21505.659658854078,deaths,russia
2022-09-30,218,11580.900645737242,10526.116189587015,12741.392430143776,6272.916460158344,21380.51122161116,deaths,russia
2022-09-29,217,11498.148728584838,10446.02987213889,12656.249957736047,6220.179937191106,21254.74086510569,deaths,russia
2022-09-28,216,11416.227330470709,10366.047994527638,12572.81675067178,6167.954160517265,21130.365005370368,deaths,russia
2022-09-27,215,11330.931807559373,10282.54662447839,12486.227418250786,6113.603747391219,21000.84607877009,deaths,russia
2022-09-26,214,11250.581108295584,10203.108478925165,12405.608789489412,6062.382876679139,20878.984500374107,deaths,russia
2022-09-25,213,11172.761860665107,10126.11782376804,12327.608951625258,6012.817700173145,20760.89210160475,deaths,russia
2022-09-24,212,11096.617361631068,10050.9658341278,12251.075518477533,5964.375738548739,20645.207797908926,deaths,russia
2022-09-23,211,11018.0240208711,9972.93349193827,12172.654477767419,5914.368930025561,20525.885467931806,deaths,russia
2022-09-22,210,10940.722474130662,9896.528319044643,12095.110416020343,5865.264156485595,20408.319369754034,deaths,russia
2022-09-21,209,10863.871452219044,9820.798856080552,12017.748290003708,5816.510390324888,20291.282454594657,deaths,russia
2022-09-20,208,10788.152093860474,9745.874426262488,11941.916932732998,5768.49291395532,20175.982379116675,deaths,russia
2022-09-19,207,10712.23599681813,9670.934295801537,11865.678409845988,5720.4092678200705,20060.243747094974,deaths,russia
2022-09-18,206,10635.953818852453,9595.68924519163,11789.015076313683,5672.1438254683335,19943.844706532243,deaths,russia
2022-09-17,205,10539.392066400567,9504.219013623293,11687.328155479385,5611.516777815238,19794.992843587195,deaths,russia
2022-09-16,204,10424.14928540472,9397.521198764662,11562.940288329293,5539.52450534899,19616.23758869062,deaths,russia
2022-09-15,203,10275.770288171392,9261.816995379892,11400.732688350276,5447.224567708292,19385.01387211399,deaths,russia
2022-09-14,202,10116.448643984424,9116.642264502161,11225.904620676201,5348.318702717924,19136.235589831234,deaths,russia
2022-09-13,201,9960.216503716007,8975.579104391596,11052.872811442689,5251.547319082634,18891.640326195473,deaths,russia
2022-09-12,200,9801.816750135255,8833.049649322904,10876.835977090313,5153.588385622954,18643.24961539279,deaths,russia
2022-09-11,199,9646.342627660353,8694.158824525632,10702.810046886663,5057.626623053222,18398.902449805635,deaths,russia
2022-09-10,198,9514.184301930161,8575.036615410943,10556.18900937297,4976.090962284858,18191.26170967763,deaths,russia
2022-09-09,197,9402.440495643543,8473.485055415787,10433.238852994433,4907.197713869929,18015.702910658874,deaths,russia
2022-09-08,196,9326.723392403566,8404.057261994345,10350.687798802175,4860.57924968731,17896.689407148246,deaths,russia
2022-09-07,195,9266.859658172874,8349.98202158104,10284.416300602397,4823.847963705983,17802.20480258794,deaths,russia
2022-09-06,194,9207.911067706691,8296.508433797437,10219.434954775204,4787.687912392065,17709.17361080779,deaths,russia
2022-09-05,193,9155.082012849349,8248.960332248153,10160.738503952012,4755.348210366572,17625.60179591354,deaths,russia
2022-09-04,192,9105.5470849117155,8204.913906057345,10105.041214263685,4725.095228465945,17547.01165230108,deaths,russia
2022-09-03,191,9057.892444091307,8163.003207912541,10050.887823618734,4696.049063691881,17471.21125454775,deaths,russia
2022-09-02,190,9014.621104269183,8125.98387797718,10000.44070705465,4669.786565500368,17401.992876499095,deaths,russia
2022-09-01,189,8974.069054628855,8091.725052703467,9952.630245035702,4645.231538270216,17336.937766596046,deaths,russia
2022-08-31,188,8933.450026105635,8056.945635523909,9905.312599035467,4620.608518862778,17271.898755473532,deaths,russia
2022-08-30,187,8895.956618786146,8025.916257410328,9860.317936165253,4597.990365531761,17211.473360701544,deaths,russia
2022-08-29,186,8861.315299164804,7998.015078072891,9817.805654350619,4577.1710586463605,17155.366390684045,deaths,russia
2022-08-28,185,8828.06219436287,7971.593114458049,9776.558205364629,4557.2252684853,17101.37276618269,deaths,russia
2022-08-27,184,8794.581178790191,7944.649287648495,9735.448455427822,4537.121420513666,17047.102558970648,deaths,russia
2022-08-26,183,8759.199116882795,7915.167490746417,9693.241075903583,4515.799271624687,16990.0567544827,deaths,russia
2022-08-25,182,8722.8138338142,7884.175246793596,9650.663340019653,4493.828376678425,16931.581606128206,deaths,russia
2022-08-24,181,8687.20608890825,7853.877162526074,9608.956594899588,4472.342649374628,16874.31616878464,deaths,russia
2022-08-23,180,8651.689367630426,7823.077327756365,9568.067701036174,4450.871129471939,16817.36543090169,deaths,russia
2022-08-22,179,8612.851587946787,7788.355818598803,9524.630937976259,4427.315464456361,16755.39878866072,deaths,russia
2022-08-21,178,8569.311910322851,7747.944472902526,9477.754348503395,4400.798401628236,16686.37378620891,deaths,russia
2022-08-20,177,8522.794593910756,7704.600191050332,9427.87882628964,4372.4738503008275,16612.637199769168,deaths,russia
2022-08-19,176,8476.046101390768,7661.381751946499,9377.338033820168,4344.059053102288,16538.375561075765,deaths,russia
2022-08-18,175,8428.379234479007,7617.551852150513,9325.514025562841,4315.130672605748,16462.523761741802,deaths,russia
2022-08-17,174,8377.996963117717,7570.828261294488,9271.224164815805,4284.543802403038,16382.428647510522,deaths,russia
2022-08-16,173,8324.67683850772,7521.00196394946,9214.231762217089,4252.16415466215,16297.73478616892,deaths,russia
2022-08-15,172,8271.731138276133,7471.705231254286,9157.419888634577,4220.053505422055,16213.518318156119,deaths,russia
2022-08-14,171,8221.711449704722,7425.926020627636,9102.776493242678,4189.810733781509,16133.639442546633,deaths,russia
2022-08-13,170,8173.5148581429785,7381.926799529417,9049.988111278562,4160.703806099598,16056.580813604689,deaths,russia
2022-08-12,169,8127.090631009498,7339.59642550462,8999.078534584969,4132.690681891516,15982.295495819968,deaths,russia
2022-08-11,168,8083.974922771433,7300.485924680678,8951.548263084953,4106.7100336724025,15913.194946935106,deaths,russia
2022-08-10,167,8041.672397937785,7262.125322053596,8904.899560372744,4081.244139031019,15845.340548795015,deaths,russia
2022-08-09,166,7999.427746596258,7223.596008819194,8858.586222373422,4055.8182038438426,15777.598149010235,deaths,russia
2022-08-08,165,7956.640746054449,7184.113007643933,8812.242091021373,4030.0495737643428,15709.086623591384,deaths,russia
2022-08-07,164,7912.04136726935,7142.4571548762915,8764.549732838854,4003.1691876977206,15637.78853612304,deaths,russia
2022-08-06,163,7866.097861730357,7099.106214373434,8715.96073636201,3975.465111206528,15564.434257033327,deaths,russia
2022-08-05,162,7820.172128904629,7055.713906810727,8667.461372626747,3947.783987669878,15491.088021523456,deaths,russia
2022-08-04,161,7774.055226639976,7012.107185249389,8618.80124578439,3920.0007562197657,15417.410968245043,deaths,russia
2022-08-03,160,7730.53417726644,6971.225015176692,8572.5493789091,3893.8236488789316,15347.748490985612,deaths,russia
2022-08-02,159,7688.917476578245,6932.417895758285,8527.970653108356,3868.83726854476,15280.992286545634,deaths,russia
2022-08-01,158,7648.374259557915,6894.759398975886,8484.361477921586,3844.529354215572,15215.861379430382,deaths,russia
2022-07-31,157,7609.662705197546,6858.943227232195,8442.54977665107,3821.3515094855793,15153.581276015246,deaths,russia
2022-07-30,156,7571.081372538081,6823.061140048828,8401.109590725799,3798.258583196035,15091.522859380053,deaths,russia
2022-07-29,155,7531.25389183693,6785.849680063018,8358.540945204946,3774.422849158518,15027.47711072641,deaths,russia
2022-07-28,154,7490.997083515952,6747.981146534142,8315.82914956842,3750.3241969152336,14962.791409832947,deaths,russia
2022-07-27,153,7449.983720737258,6709.125050889507,8272.655519881759,3725.765756390476,14896.946108553051,deaths,russia
2022-07-26,152,7409.786959263526,6670.871469473133,8230.553378596145,3701.6989469721384,14832.431194071105,deaths,russia
2022-07-25,151,7370.615838110755,6633.51900965533,8189.619704541399,3678.2581866600935,14769.547631357153,deaths,russia
2022-07-24,150,7330.9347964848575,6595.5444845221155,8148.322624411529,3654.520073310037,14705.84911104975,deaths,russia
2022-07-23,149,7292.999852136752,6559.316463502479,8108.75240241156,3631.8528646560435,14644.885120853683,deaths,russia
2022-07-22,148,7255.063060928835,6522.70411729103,8069.65536124972,3609.171566461713,14584.006065268703,deaths,russia
2022-07-21,147,7217.148918012511,6485.95328464433,8030.782236086292,3586.5060982077216,14523.183863833388,deaths,russia
2022-07-20,146,7179.408537299962,6449.288587141022,7992.191879619653,3563.9539359736987,14462.633590772324,deaths,russia
2022-07-19,145,7140.096377422554,6410.835430256568,7952.32201651542,3540.4587990128816,14399.612599921333,deaths,russia
2022-07-18,144,7099.5490928683685,6370.954168952193,7911.477202256557,3516.226563359,14334.646667105153,deaths,russia
2022-07-17,143,7059.093128700267,6330.943692367098,7871.001571825726,3492.0510177785054,14269.860163509968,deaths,russia
2022-07-16,142,7016.462103799119,6288.603004666354,7828.579788801852,3466.584138641644,14201.605119097698,deaths,russia
2022-07-15,141,6973.381714190292,6245.651402162899,7785.923465730958,3440.8576861041556,14132.642546298543,deaths,russia
2022-07-14,140,6929.783236176196,6202.024132691216,7742.959112807192,3414.8275519133285,14062.868163821311,deaths,russia
2022-07-13,139,6887.039927627565,6159.157539896843,7700.961659037683,3389.3168572047966,13994.46185374886,deaths,russia
2022-07-12,138,6845.204595396389,6117.082037082921,7660.014310003542,3364.3586577418246,13927.510869991762,deaths,russia
2022-07-11,137,6805.585811317715,6077.177476170406,7621.317204450727,3340.735615627658,13864.093815354534,deaths,russia
2022-07-10,136,6768.068352051888,6039.425827962527,7584.633065169222,3318.384822903725,13803.995454745527,deaths,russia
2022-07-09,135,6734.446057119326,6005.539354478032,7551.833185227029,3298.3663392371564,13750.124894297942,deaths,russia
2022-07-08,134,6702.190901928745,5973.18569871224,7520.178758733312,3279.1919909803337,13698.355637140708,deaths,russia
2022-07-07,133,6671.02904813841,5942.317410561172,7489.111745054056,3260.7157633804673,13648.168986375116,deaths,russia
2022-07-06,132,6640.871880732318,5912.359596180044,7459.157068792181,3242.8376854433586,13599.612263033247,deaths,russia
2022-07-05,131,6611.816726022076,5883.514567994716,7430.279772401097,3225.627072425093,13552.799055221827,deaths,russia
2022-07-04,130,6583.208373217368,5855.344922824135,7401.557097712842,3208.7120984110106,13506.597938008328,deaths,russia
2022-07-03,129,6553.579156146013,5826.26649971393,7371.690814304516,3191.21425510252,13458.686669305338,deaths,russia
2022-07-02,128,6522.793259527493,5795.981786597507,7340.75367644703,3173.0391133686658,13408.908213460556,deaths,russia
2022-07-01,127,6491.376614517429,5764.904472146385,7309.406380358846,3154.4919464148193,13358.143505183822,deaths,russia
2022-06-30,126,6457.788151412923,5731.496343290487,7276.127302926382,3134.6636320093894,13303.90189430717,deaths,russia
2022-06-29,125,6421.11086103775,5695.089788312969,7239.701051474706,3113.0346786744394,13244.612467293633,deaths,russia
2022-06-28,124,6381.653201989789,5655.994772430945,7200.431612450154,3089.7935717098744,13180.759993124233,deaths,russia
2022-06-27,123,6339.508085800935,5613.874170286423,7158.958445024713,3064.9565133835313,13112.660592685363,deaths,russia
2022-06-26,122,6296.566915082482,5571.1208555956255,7116.499800551368,3039.6874357114802,13043.164293939533,deaths,russia
2022-06-25,121,6255.817558509606,5530.658477041575,7076.076791178986,3015.7327182281756,12977.1448421425,deaths,russia
2022-06-24,120,6218.027070528043,5493.157527220634,7038.56631977697,2993.534879748674,12915.880511408146,deaths,russia
2022-06-23,119,6181.2290345294905,5456.33228500783,7002.446011780978,2971.9128219502823,12856.30621201209,deaths,russia
2022-06-22,118,6145.383485240191,5420.286135324454,6967.494779604783,2950.8540684934105,12798.30691297754,deaths,russia
2022-06-21,117,6110.3726793647065,5385.148587620158,6933.27910898822,2930.3148332183837,12741.58648532387,deaths,russia
2022-06-20,116,6076.172823640016,5351.08832518735,6899.526991230454,2910.2959624240484,12686.034782813427,deaths,russia
2022-06-19,115,6042.41917458565,5317.19870559603,6866.574862767623,2890.5312378380218,12631.281917718776,deaths,russia
2022-06-18,114,6007.132466037918,5282.006180135898,6831.825632041612,2869.90356927713,12573.919675515823,deaths,russia
2022-06-17,113,5971.145354371339,5246.046950504409,6796.481733015704,2848.8711603480074,12515.426974159262,deaths,russia
2022-06-16,112,5936.879334419564,5211.8393925501105,6762.79649238006,2828.86340410258,12459.689852493677,deaths,russia
2022-06-15,111,5904.17598010544,5179.1509139901445,6730.710699635882,2809.7786747964656,12406.486573405695,deaths,russia
2022-06-14,110,5873.75729300571,5148.501804720765,6701.192936987447,2792.019330792658,12357.074733714373,deaths,russia
2022-06-13,109,5845.164534867899,5119.606235977105,6673.566318612131,2775.3313571248696,12310.639650842284,deaths,russia
2022-06-12,108,5817.715936276492,5091.6525871422555,6647.333365798409,2759.3033413272774,12266.131731815713,deaths,russia
2022-06-11,107,5789.888249392957,5063.232504723487,6620.848754897146,2743.0591666027613,12221.018092028115,deaths,russia
2022-06-10,106,5759.187268217328,5032.164068069645,6591.26544750203,2725.18102409003,12171.09454712718,deaths,russia
2022-06-09,105,5726.829977318055,5000.223520242275,6559.037752191091,2706.4331411576445,12118.092286436795,deaths,russia
2022-06-08,104,5693.683395474338,4967.900791694811,6525.51056979832,2687.281365604486,12063.594824027597,deaths,russia
2022-06-07,103,5660.763488912738,4936.0276292907965,6491.9192072211645,2668.296526343467,12009.343055519068,deaths,russia
2022-06-06,102,5628.0581410633595,4904.245656241893,6458.706164051052,2649.4368695802755,11955.471221932467,deaths,russia
2022-06-05,101,5594.739089434787,4872.076204680895,6424.602242624901,2630.2599545560556,11900.4639507464,deaths,russia
2022-06-04,100,5559.950745183505,4838.447964532125,6389.054631505478,2610.2541053335126,11843.005846843289,deaths,russia
2022-06-03,99,5525.938730781975,4805.4881497118895,6354.4180419665145,2590.709085558061,11786.821410635663,deaths,russia
2022-06-02,98,5491.760047643543,4772.062722761607,6320.0168511249785,2571.0600713741337,11730.44871900132,deaths,russia
2022-06-01,97,5457.441406269175,4738.181831261556,6285.905539948341,2551.3165078290012,11673.955628799054,deaths,russia
2022-05-31,96,5421.059159042789,4702.122851168092,6249.940962322037,2530.39093806861,11614.093674575306,deaths,russia
2022-05-30,95,5383.462664674061,4665.056811742461,6212.5250343598245,2508.8042313296587,11552.110133509339,deaths,russia
2022-05-29,94,5346.2308701631055,4628.425626247639,6175.380606458494,2487.45390048394,11490.654110634227,deaths,russia
2022-05-28,93,5307.744522275687,4590.969778342111,6136.447933010532,2465.455976274168,11426.871123803296,deaths,russia
2022-05-27,92,5268.707265443675,4553.109411918327,6096.794394250848,2443.1832111633967,11362.059781727188,deaths,russia
2022-05-26,91,5228.5431423834725,4514.205024619928,6055.938047911303,2420.3025993730575,11295.287637226227,deaths,russia
2022-05-25,90,5189.110929116634,4476.195141867023,6015.5879479030355,2397.87796103457,11229.604769572208,deaths,russia
2022-05-24,89,5151.14375394217,4439.972868458733,5976.24165375015,2376.3480913099465,11166.133972447518,deaths,russia
2022-05-23,88,5112.009502400502,4402.506417319438,5935.872513355837,2354.1683669545546,11100.723115829327,deaths,russia
2022-05-22,87,5072.422130549935,4364.695856435569,5894.922157072203,2331.7635762176087,11034.462727221584,deaths,russia
2022-05-21,86,5035.989949441445,4329.4356529383385,5857.870043471502,2311.1226595351973,10973.654068851954,deaths,russia
2022-05-20,85,5000.508250183281,4295.005384443792,5821.918581922264,2291.0356613751255,10914.426793197632,deaths,russia
2022-05-19,84,4966.261972287937,4261.482840146672,5787.623657954741,2271.644275135753,10857.3501493625,deaths,russia
2022-05-18,83,4931.263390172947,4227.141952621035,5752.698316265738,2251.8371118221585,10799.025235425841,deaths,russia
2022-05-17,82,4898.468263781709,4194.458679001466,5720.66769183275,2233.2371090625065,10744.602440505016,deaths,russia
2022-05-16,81,4868.486755482595,4164.432122647761,5691.599723160771,2216.2337778587525,10694.895609762638,deaths,russia
2022-05-15,80,4839.967944899147,4135.577796291805,5664.359519436813,2200.0436636428517,10647.73593743823,deaths,russia
2022-05-14,79,4811.365069606856,4106.665696650884,5637.015161262181,2183.82350410162,10600.399238378912,deaths,russia
2022-05-13,78,4781.6086434660665,4077.88238905467,5606.795867007812,2167.110278391871,10550.430736799262,deaths,russia
2022-05-12,77,4753.372188845217,4050.4779510035255,5578.255387692942,2151.258586625144,10503.027556073643,deaths,russia
2022-05-11,76,4726.908969513509,4024.780653072617,5551.535496076754,2136.413950154716,10458.584738134761,deaths,russia
2022-05-10,75,4697.657829932543,3997.3092731738802,5520.71879036552,2120.119472265317,10408.938974024688,deaths,russia
2022-05-09,74,4667.2955032636255,3968.751215066287,5488.799711241982,2103.2163274923864,10357.401265398274,deaths,russia
2022-05-08,73,4634.717987015335,3938.5284310897464,5453.978311797622,2085.1452223929023,10301.83592275063,deaths,russia
2022-05-07,72,4603.0673053189075,3909.3969580464195,5419.83279213109,2067.6300341816436,10247.691456912904,deaths,russia
2022-05-06,71,4572.63131545689,3880.8397521313887,5387.750347599192,2050.7532670669925,10195.850623770932,deaths,russia
2022-05-05,70,4542.017881864111,3852.222980481447,5355.340048150819,2033.807203157626,10143.613288397699,deaths,russia
2022-05-04,69,4508.590879767879,3821.4416621322216,5319.30956871635,2015.3748267938681,10086.276496055485,deaths,russia
2022-05-03,68,4476.46927884584,3791.422215660733,5285.301370654069,1997.6344521440192,10031.369033794186,deaths,russia
2022-05-02,67,4444.531549149913,3761.7064988773172,5251.313603176793,1980.0287491689,9976.66597566316,deaths,russia
2022-05-01,66,4414.528845553097,3733.4441028224132,5219.876146694789,1963.471989632862,9925.422623510754,deaths,russia
2022-04-30,65,4384.338692109594,3704.9424558957176,5188.336411753304,1946.820084130723,9873.861450937733,deaths,russia
2022-04-29,64,4355.5203840402555,3677.105171076466,5159.120298393115,1930.874771169083,9824.950988785504,deaths,russia
2022-04-28,63,4325.285846429828,3648.179334328562,5128.085328177082,1914.1982739292678,9773.434479674033,deaths,russia
2022-04-27,62,4294.912946087617,3618.877644289812,5097.25984397241,1897.445259400378,9721.759730705937,deaths,russia
2022-04-26,61,4263.023408397615,3587.9934536851906,5065.07493185514,1879.8632631845812,9667.530381445158,deaths,russia
2022-04-25,60,4217.393873066724,3548.245991702798,5012.749956559258,1855.269066790701,9587.212303492888,deaths,russia
2022-04-24,59,4170.460782929389,3507.5211647540837,4958.710906563857,1830.0216135192911,9504.430638371363,deaths,russia
2022-04-23,58,4121.961953482723,3465.259723176371,4903.12454343795,1803.946638819663,9418.904300978618,deaths,russia
2022-04-22,57,4072.138417708921,3421.9081951243757,4845.934443318236,1777.2026546603902,9330.917378589325,deaths,russia
2022-04-21,56,4023.2380097579885,3379.2249754044797,4789.999734594407,1750.9802884693493,9244.535609224204,deaths,russia
2022-04-20,55,3977.398240399714,3339.3991135452043,4737.306033641767,1726.4523260505612,9163.371429427361,deaths,russia
2022-04-19,54,3929.925369675602,3298.7048556429404,4681.95487577979,1701.1575428504702,9078.8751900344,deaths,russia
2022-04-18,53,3895.9758867708642,3266.737644454848,4646.438349908535,1682.8178912261628,9019.934057862427,deaths,russia
2022-04-17,52,3856.4124054434633,3231.1031808804864,4602.748054647349,1661.6722233653384,8950.169709744827,deaths,russia
2022-04-16,51,3812.054086629949,3192.589958008932,4551.719402293863,1638.1746591176925,8870.966490267818,deaths,russia
2022-04-15,50,3768.7746024805056,3155.069341745638,4501.85693566049,1615.289692521179,8793.569027902817,deaths,russia
2022-04-14,49,3718.5860288658314,3112.952413401171,4442.0499135291075,1588.9702376177472,8702.80856689925,deaths,russia
2022-04-13,48,3667.3997100707156,3069.618926414614,4381.595615363806,1562.1195322088756,8610.380994989631,deaths,russia
2022-04-12,47,3620.5233476356807,3029.6152550329,4326.688719097435,1537.5347593815513,8525.818458897182,deaths,russia
2022-04-11,46,3551.348614217781,2973.3989929900404,4241.64375389038,1501.7387778096754,8398.839294665146,deaths,russia
2022-04-10,45,3431.6229556703747,2869.5860785281175,4103.798815505934,1439.964338662504,8180.516175086205,deaths,russia
2022-04-09,44,3318.596487895279,2770.834672415304,3974.7403218580116,1381.7154980871776,7974.434564874244,deaths,russia
2022-04-08,43,3150.4233416851866,2611.8119981038653,3801.6450326044396,1294.9210239775382,7673.523754084671,deaths,russia
2022-04-07,42,2989.3161273702453,2457.701924620073,3638.5249854049544,1211.86943842469,7385.688175684744,deaths,russia
2022-04-06,41,2820.7980820210387,2295.581537900196,3469.779709062472,1125.1694693941697,7084.979332669586,deaths,russia
2022-04-05,40,2645.750673168105,2126.8421351545576,3295.3906985772037,1035.296978624778,6772.61601844238,deaths,russia
2022-04-04,39,2494.9032879675387,1976.70952707483,3152.2357357937553,957.850096421295,6505.237260045202,deaths,russia
2022-04-03,38,2399.7155311852375,1876.949823969024,3070.4477021049966,909.1608005897405,6338.925710808004,deaths,russia
2022-04-02,37,2306.101544964604,1778.7457650775034,2990.1807879797057,861.3303880834886,6175.278105356548,deaths,russia
2022-04-01,36,2268.629739495598,1742.194845385233,2954.3949650525637,842.7753310061423,6107.554657660986,deaths,russia
2022-03-31,35,2234.284562591647,1708.7371903442975,2921.5519915034106,825.8037814391702,6045.3868331725735,deaths,russia
2022-03-30,34,2209.3665917926924,1685.71317392038,2895.7121639195475,813.6939956724417,5999.1036865732385,deaths,russia
2022-03-29,33,2192.003549100528,1670.6334803818677,2876.0989165735127,805.4074329563047,5965.899395516344,deaths,russia
2022-03-28,32,2148.393134791699,1625.5699000866487,2840.1614013304206,783.8059179441489,5890.016369374281,deaths,russia
2022-03-27,31,2109.1320474996633,1585.1426567377841,2807.6741812218884,764.4140218124035,5821.575005644132,deaths,russia
2022-03-26,30,2070.3373304060747,1545.0557555120242,2775.833843142177,745.2529645396752,5754.049642653594,deaths,russia
2022-03-25,29,2033.1685327081675,1506.5260509994882,2745.5688244289727,726.907258809985,5689.423280586721,deaths,russia
2022-03-24,28,1996.231808450733,1468.214639307449,2715.5376992928545,708.6911393016312,5625.177933171012,deaths,russia
2022-03-23,27,1959.4343160643966,1430.2011654109451,2685.3524768561674,690.5890734409553,5560.950646991978,deaths,russia
2022-03-22,26,1922.4787920061863,1392.2972737001567,2654.5515402991396,672.4682716836162,5496.098740128383,deaths,russia
2022-03-21,25,1912.4673263254258,1384.9950615497014,2640.8262778027092,668.032642616389,5475.124196425808,deaths,russia
2022-03-20,24,1901.200676587537,1376.3835315731214,2626.132839687934,662.9899097811599,5451.976208469917,deaths,russia
2022-03-19,23,1889.3134293165506,1367.4340831123047,2610.369522419046,657.695726223187,5427.365452861496,deaths,russia
2022-03-18,22,1875.7420254894664,1356.826398877553,2593.1217126677375,651.6049666069256,5399.709891964444,deaths,russia
2022-03-17,21,1861.148097820411,1345.2718156603848,2574.85981977094,645.0426210592078,5370.12409908866,deaths,russia
2022-03-16,20,1846.414563783778,1333.60804287642,2556.4208076424557,638.427081507037,5340.221274694604,deaths,russia
2022-03-15,19,1830.4189982895011,1320.7786019841872,2536.7244069133967,631.2336598958822,5307.91973675565,deaths,russia
2022-03-14,18,1806.777596545747,1299.793182587143,2511.6083216770985,620.35226267097,5262.647735931234,deaths,russia
2022-03-13,17,1778.999571494698,1274.850998366751,2482.7629401507834,607.5698202217742,5209.799831299158,deaths,russia
2022-03-12,16,1749.4046891056603,1248.1723361745712,2452.2648430388494,593.967914163075,5153.559493197043,deaths,russia
2022-03-11,15,1720.9152825596595,1222.822306491878,2422.2692433533507,580.9530547245428,5098.914593478169,deaths,russia
2022-03-10,14,1688.7757026024296,1193.886530667939,2389.2110182221427,566.2705299538952,5037.679959025268,deaths,russia
2022-03-09,13,1647.3973332072462,1155.3336467265253,2349.6367415557916,547.2710008176998,4960.714550506388,deaths,russia
2022-03-08,12,1580.9100786999113,1090.9540522408602,2293.670550577231,516.7222193745027,4842.395940286769,deaths,russia
2022-03-07,11,1522.041434397323,1034.9205859135056,2242.588658623455,489.95465438493136,4736.391797089487,deaths,russia
2022-03-06,10,1466.7487339416982,982.78398384956,2193.9556797216824,465.0022001274822,4636.1958967061355,deaths,russia
2022-03-05,9,1413.5453674221867,932.6483188078213,2147.2058294500052,441.06275029158195,4539.6646604853495,deaths,russia
2022-03-04,8,1360.6569486588708,882.7551413811392,2100.84710530237,417.3088404720751,4443.621970278999,deaths,russia
2022-03-03,7,1286.3998197572234,812.5011630805449,2040.891255173466,384.4161450224502,4313.1561796694805,deaths,russia
2022-03-02,6,1199.4134153553907,732.4805339632452,1972.3480852620178,346.9600680562536,4162.710294487019,deaths,russia
2022-03-01,5,1180.2923536330086,716.3287019119088,1954.0385606139735,339.02352552856723,4127.041942314966,deaths,russia
2022-02-28,4,1155.9439581262925,695.1223697463257,1932.546877885516,328.82468930623924,4083.1085697894805,deaths,russia
2022-02-27,3,1124.5860684872282,667.2419143058249,1906.8089187692792,315.6349258966112,4028.1564358253013,deaths,russia
2022-02-26,2,1075.9390605545525,623.1413620381414,1869.4283084912465,295.05472541612033,3945.0284229722547,deaths,russia
2022-02-25,1,984.5734987184615,538.7704304882932,1803.8367469631826,256.18038640180043,3792.7623641836944,deaths,russia
2022-02-24,0,901.2049407212705,466.20785722632064,1742.0777719457453,222.26482162176717,3654.0660787181,deaths,russia
