date,days_since_invasion,estimate,ci_lower,ci_upper,pi_low,pi_high,type,country
2026-09-30,1679,1644945.8168462703,1429795.7791430305,1892472.2682058546,1395402.3634683674,1939116.7749483013,casualties,russia
2026-09-29,1678,1644050.5130701126,1429434.1720465978,1890891.5566963383,1394971.7216871795,1937604.8694063167,casualties,russia
2026-09-28,1677,1643175.5306056482,1429052.674761064,1889384.1463617128,1394527.2770657958,1936160.1941872898,casualties,russia
2026-09-27,1676,1641355.0297762721,1428326.7696990075,1886158.31903346,1393658.777602018,1933076.4931177502,casualties,russia
2026-09-26,1675,1639592.8284305641,1427801.1411523852,1882803.647098872,1392963.5045148733,1929890.9434056534,casualties,russia
2026-09-25,1674,1637795.7805364877,1427291.243949867,1879351.087751884,1392273.6998205916,1926617.7507776548,casualties,russia
2026-09-24,1673,1635887.1580922245,1426812.1746009956,1875604.2555499098,1391590.6756227585,1923074.276251475,casualties,russia
2026-09-23,1672,1633929.6045081567,1426348.314553448,1871728.2366231517,1390910.2539197325,1919414.1981219773,casualties,russia
2026-09-22,1671,1631835.1614645005,1425858.446321679,1867575.1134208427,1390185.4310588888,1915495.3644497092,casualties,russia
2026-09-21,1670,1629616.100343776,1425313.2126254812,1863211.1984110915,1389394.1377446477,1911376.8156922595,casualties,russia
2026-09-20,1669,1627367.6426535684,1424691.6200406088,1858882.8720462834,1388533.1218579216,1907287.2389947418,casualties,russia
2026-09-19,1668,1625135.3117884677,1424033.4378155472,1854642.243773908,1387642.0270536316,1903278.872655772,casualties,russia
2026-09-18,1667,1623021.5363678923,1423537.4412935195,1850465.511509867,1386898.006371375,1899349.504139467,casualties,russia
2026-09-17,1666,1620778.357647677,1422942.4696337634,1846126.331081075,1386048.8650637383,1895263.821345666,casualties,russia
2026-09-16,1665,1618559.8879406496,1422392.1897294498,1841789.5377862593,1385236.1820468227,1891188.7557527362,casualties,russia
2026-09-15,1664,1616281.5430836976,1421829.2096224895,1837336.7003467362,1384399.5965656186,1887008.8321212686,casualties,russia
2026-09-14,1663,1613915.3573557523,1421246.0459541269,1832713.3996816901,1383528.7350470414,1882672.5126682818,casualties,russia
2026-09-13,1662,1611332.4624619174,1420501.5342732219,1827809.0541616392,1382488.1044116684,1878063.5453828105,casualties,russia
2026-09-12,1661,1608632.3389373445,1419650.6743343486,1822778.6274905046,1381338.923496331,1873330.6939781813,casualties,russia
2026-09-11,1660,1605665.0739962154,1418392.509846888,1817669.8493818524,1379813.5640202416,1868488.4107599729,casualties,russia
2026-09-10,1659,1602858.9830421808,1417276.3786179854,1812748.0491239068,1378425.492764133,1863837.8650037,casualties,russia
2026-09-09,1658,1600043.034114649,1416137.906395745,1807836.5837221637,1377013.5846994382,1859199.157287398,casualties,russia
2026-09-08,1657,1597286.9582328333,1415049.1010954562,1803000.88941504,1375647.5563225546,1854640.0161993098,casualties,russia
2026-09-07,1656,1594647.1842413798,1414102.466651106,1798250.3950631921,1374410.7940418266,1850178.9773483193,casualties,russia
2026-09-06,1655,1592155.4141885582,1413366.6178062113,1793569.6321260452,1373362.7789829248,1845809.6944693376,casualties,russia
2026-09-05,1654,1589557.9344523263,1412605.0161857952,1788687.0577738932,1372270.2187408796,1841257.364350041,casualties,russia
2026-09-04,1653,1587154.3343165002,1412118.083406373,1783896.6890553925,1371424.805308488,1836824.743790127,casualties,russia
2026-09-03,1652,1584711.4722790187,1411570.74250929,1779099.0201417156,1370519.3603840107,1832384.4562485781,casualties,russia
2026-09-02,1651,1582262.4005508868,1410985.820629097,1774339.1243555222,1369578.4335839625,1827979.8568332517,casualties,russia
2026-09-01,1650,1579937.490098436,1410462.3887311828,1769784.3889820618,1368705.0229671416,1823774.4204467575,casualties,russia
2026-08-31,1649,1577660.8639235308,1409956.4858657317,1765320.1884530107,1367849.572439884,1819659.1036727906,casualties,russia
2026-08-30,1648,1575362.8255159592,1409409.7827023289,1760863.8344992152,1366952.617448165,1815552.3473523348,casualties,russia
2026-08-29,1647,1573121.9194710527,1408912.27998691,1756477.9744614025,1366099.5479639093,1811521.408199605,casualties,russia
2026-08-28,1646,1570671.2740614112,1408211.2918234079,1751881.6489122282,1365041.8831061833,1807281.1067077985,casualties,russia
2026-08-27,1645,1568148.3808633592,1407457.883889884,1747193.5023825835,1363923.3713664752,1802957.4056394647,casualties,russia
2026-08-26,1644,1565548.8007812097,1406655.6459944553,1742399.0696145468,1362745.7972503512,1798537.6422937363,casualties,russia
2026-08-25,1643,1562815.9376264743,1405745.8062293087,1737444.7904388693,1361453.04328698,1793965.6000424016,casualties,russia
2026-08-24,1642,1560036.7285768634,1404771.3162492947,1732471.240091687,1360096.1630251962,1789373.7697203362,casualties,russia
2026-08-23,1641,1557298.3321718914,1403839.7284302784,1727539.9861469758,1358773.7858617143,1784832.6400452594,casualties,russia
2026-08-22,1640,1554596.3109006826,1402931.7939526853,1722664.5373112648,1357471.0035859873,1780351.3829309219,casualties,russia
2026-08-21,1639,1551974.2219214095,1402062.4131391228,1717922.7112547958,1356209.4489312328,1776001.0934136605,casualties,russia
2026-08-20,1638,1549339.651059258,1401139.9960485313,1713222.0465053718,1354900.236339787,1771686.6013243257,casualties,russia
2026-08-19,1637,1546661.5924986308,1400138.42737126,1708525.5902485186,1353517.237808963,1767370.9634150506,casualties,russia
2026-08-18,1636,1543912.1190162096,1399070.9617769234,1703755.1467724198,1352063.453984456,1762986.2244128115,casualties,russia
2026-08-17,1635,1541101.2103322505,1397939.7018986503,1698930.1090195398,1350542.9516826547,1758549.8158071798,casualties,russia
2026-08-16,1634,1538269.6692564753,1396743.5236714403,1694142.3019975806,1348964.4914845831,1754143.692436807,casualties,russia
2026-08-15,1633,1535436.0934680097,1395515.0612108319,1689392.5855769448,1347356.7109119731,1749772.7070388226,casualties,russia
2026-08-14,1632,1532689.6504114089,1394353.9221597658,1684756.1306113834,1345813.9386191114,1745517.3103423005,casualties,russia
2026-08-13,1631,1529981.412653886,1393223.4662781972,1680169.671938142,1344297.3013746708,1741316.4644004332,casualties,russia
2026-08-12,1630,1527343.7273519402,1392172.3436529343,1675645.662319551,1342849.3009370056,1737188.7676685818,casualties,russia
2026-08-11,1629,1524752.3780376853,1391153.0678889353,1671188.1150917937,1341430.2689484453,1733130.4205191531,casualties,russia
2026-08-10,1628,1522158.912034065,1390130.235669694,1666733.26475287,1340002.4216963311,1729080.0318634752,casualties,russia
2026-08-09,1627,1519558.1091845613,1389053.6245451225,1662329.7048669877,1338530.1531492253,1725071.5904608627,casualties,russia
2026-08-08,1626,1516934.2419221355,1387919.4284841244,1657947.3156948097,1337006.733930892,1721077.8955742542,casualties,russia
2026-08-07,1625,1514247.1799016688,1386695.226322107,1653536.8169361278,1335399.0242050006,1717050.38108042,casualties,russia
2026-08-06,1624,1511542.833330359,1385406.0371413096,1649168.5048361716,1333737.4733612484,1713053.9205411542,casualties,russia
2026-08-05,1623,1508757.8458084138,1383978.5678779138,1644791.2597703743,1331954.3495483755,1709031.8321228207,casualties,russia
2026-08-04,1622,1505931.2391353694,1382461.1894885215,1640432.2994502753,1330094.2134671847,1705015.1430646996,casualties,russia
2026-08-03,1621,1503122.264095299,1380890.8822831644,1636176.5275080744,1328200.1023126075,1701082.7087103177,casualties,russia
2026-08-02,1620,1500388.55494949,1379368.3335794937,1632029.7999075803,1326356.7111190686,1697256.3695917458,casualties,russia
2026-08-01,1619,1497781.275593513,1377952.8797181763,1628033.2338568752,1324618.731375638,1693581.8886357977,casualties,russia
2026-07-31,1618,1495307.314790737,1376645.2847596,1624200.7498358085,1322989.094693688,1690071.020522475,casualties,russia
2026-07-30,1617,1493008.7094769538,1375482.8895769059,1620579.455468123,1321505.6709266994,1686770.3473735098,casualties,russia
2026-07-29,1616,1490969.5807250512,1374541.6181102218,1617262.437408718,1320244.55250436,1683772.7942043105,casualties,russia
2026-07-28,1615,1489190.254133883,1373815.611229383,1614257.1665717445,1319202.3787877124,1681083.3349382123,casualties,russia
2026-07-27,1614,1487489.9774061604,1373176.0735163123,1611323.095355424,1318237.9479005141,1678473.8055954333,casualties,russia
2026-07-26,1613,1485809.120253567,1372555.456087622,1608410.436471747,1317288.4439722202,1675889.6846014003,casualties,russia
2026-07-25,1612,1484122.4480430689,1371929.5034064937,1605493.122876154,1316329.7899355174,1673304.724905217,casualties,russia
2026-07-24,1611,1482433.1328578508,1371302.7645194887,1602572.5644946983,1315366.1280544214,1670720.7428944206,casualties,russia
2026-07-23,1610,1480624.0601536145,1370549.6341991299,1599542.1201057013,1314279.6357033944,1668023.3094400615,casualties,russia
2026-07-22,1609,1478635.4995407506,1369605.2340891403,1596348.3155126479,1313009.801383445,1665154.5809291943,casualties,russia
2026-07-21,1608,1476528.4234098298,1368546.4526039837,1593033.1360924367,1311625.3197933822,1662164.736438859,casualties,russia
2026-07-20,1607,1474440.114052473,1367470.8706110613,1589779.2767075808,1310233.9165360357,1659226.3433151254,casualties,russia
2026-07-19,1606,1472305.2688454776,1366318.3767407024,1586515.7313525856,1308775.969172065,1656267.9014386213,casualties,russia
2026-07-18,1605,1470188.2340804765,1365155.3752052553,1583304.1219983476,1307314.5716222725,1653354.3466230866,casualties,russia
2026-07-17,1604,1468106.848918796,1363991.398397755,1580171.5898745272,1305862.3953291548,1650509.6837122338,casualties,russia
2026-07-16,1603,1466136.3832981505,1362916.3901423533,1577175.730018904,1304501.3108860098,1647799.5821129119,casualties,russia
2026-07-15,1602,1464306.3604221141,1361978.9693471298,1574323.756228809,1303271.2912508214,1645239.8992802168,casualties,russia
2026-07-14,1601,1462614.0956286404,1361171.8258171238,1571618.4371236053,1302166.8190517358,1642831.612100989,casualties,russia
2026-07-13,1600,1460998.8424869056,1360462.3720611776,1568966.9146632627,1301145.8925914685,1640491.2669887224,casualties,russia
2026-07-12,1599,1459451.5797530785,1359844.2438406695,1566357.2679276553,1300201.0770498733,1638208.0126179128,casualties,russia
2026-07-11,1598,1457822.4115441814,1359138.377094496,1563674.0399525252,1299170.8729989382,1635848.824063742,casualties,russia
2026-07-10,1597,1456180.8382508827,1358428.0747940636,1560970.3853952978,1298130.4358216738,1633475.0050100032,casualties,russia
2026-07-09,1596,1454590.486363733,1357794.2944362536,1558289.757995982,1297150.8256744805,1631139.9071455395,casualties,russia
2026-07-08,1595,1452998.921748856,1357185.2549398206,1555579.3867446927,1296181.5684368792,1628789.4491951058,casualties,russia
2026-07-07,1594,1451259.6157452732,1356441.4999434075,1552708.2905673368,1295074.268894304,1626281.5820710696,casualties,russia
2026-07-06,1593,1449375.1285092083,1355533.0562246921,1549716.2507103975,1293812.8927019679,1623642.1547728144,casualties,russia
2026-07-05,1592,1447396.5619128973,1354499.1689556693,1546667.6055052485,1292440.0637728134,1620932.1324759389,casualties,russia
2026-07-04,1591,1445465.8361184564,1353496.0839824106,1543687.0773401237,1291100.6700218436,1618287.601693205,casualties,russia
2026-07-03,1590,1443398.4457179895,1352335.2242008254,1540595.5465379884,1289615.3128241915,1615520.252732174,casualties,russia
2026-07-02,1589,1441229.9602232117,1351038.3703600105,1537444.1300151923,1288010.5907050848,1612676.3898640526,casualties,russia
2026-07-01,1588,1438997.7052103905,1349636.9897636545,1534276.5754521615,1286319.344032943,1609798.3911975587,casualties,russia
2026-06-30,1587,1436804.6423202069,1348237.9050275653,1531190.8018743745,1284643.162259649,1606989.414766045,casualties,russia
2026-06-29,1586,1434711.3332746113,1346919.9237098906,1528226.2808306543,1283050.4182550998,1604299.3672551725,casualties,russia
2026-06-28,1585,1432726.6727898265,1345698.9841750357,1525383.8570449934,1281553.5255683335,1601732.617521775,casualties,russia
2026-06-27,1584,1430777.0351300496,1344490.95599037,1522602.067857946,1280076.2763293413,1599219.777324115,casualties,russia
2026-06-26,1583,1428939.2580053844,1343367.2434024534,1519963.4333145814,1278690.0068061852,1596843.4406689848,casualties,russia
2026-06-25,1582,1427113.4253464895,1342225.1515953215,1517371.533241276,1277297.4611468995,1594501.7421569854,casualties,russia
2026-06-24,1581,1425300.8684289618,1341068.214002401,1514825.1712514237,1275901.17692312,1592194.48093503,casualties,russia
2026-06-23,1580,1423543.4377270306,1339949.1709809548,1512353.686484534,1274547.189237803,1589957.7022613042,casualties,russia
2026-06-22,1579,1421805.5188270442,1338830.4229399934,1509923.8423273936,1273200.268049362,1587755.7978991028,casualties,russia
2026-06-21,1578,1420048.455140104,1337665.5500089293,1507505.842346303,1271819.4085509812,1585553.5550681206,casualties,russia
2026-06-20,1577,1418328.1560386794,1336521.174252949,1505143.2367104506,1270464.0223043056,1583401.736273355,casualties,russia
2026-06-19,1576,1416658.1887696385,1335426.385455808,1502832.001107668,1269155.2664407752,1581304.2479019065,casualties,russia
2026-06-18,1575,1415093.695908025,1334442.0964200657,1500620.5767285177,1267949.0359768216,1579314.5517791002,casualties,russia
2026-06-17,1574,1413580.7355921438,1333508.3513279548,1498461.9924522585,1266790.4723355256,1577380.5768786871,casualties,russia
2026-06-16,1573,1412037.6913519348,1332528.160075689,1496292.1799128877,1265593.5593454065,1575427.277918388,casualties,russia
2026-06-15,1572,1410439.5390194275,1331471.9305451654,1494091.3004412388,1264332.0753354507,1573431.444753667,casualties,russia
2026-06-14,1571,1408783.9115798871,1330345.2472747497,1491848.0290574094,1263007.8564407558,1571385.4991732934,casualties,russia
2026-06-13,1570,1407132.354931741,1329208.9660835622,1489624.466014239,1261679.629752179,1569353.6746618203,casualties,russia
2026-06-12,1569,1405574.2957857784,1328164.8491525787,1487495.9364711805,1260439.1985545163,1567421.2595205128,casualties,russia
2026-06-11,1568,1404035.9297409486,1327136.1025734087,1485392.2323446576,1259214.3098378035,1565513.5000755242,casualties,russia
2026-06-10,1567,1402497.507645554,1326089.5510955788,1483308.6252102207,1257979.6485763327,1563617.8084621928,casualties,russia
2026-06-09,1566,1401027.9448351613,1325117.409922476,1481287.728264888,1256812.734641865,1561791.4941357442,casualties,russia
2026-06-08,1565,1399716.8262947316,1324320.4466119204,1479406.373851183,1255804.7865918519,1560120.9430164052,casualties,russia
2026-06-07,1564,1398521.5091179668,1323639.9998447527,1477639.9421505185,1254907.1909307064,1558571.4871280752,casualties,russia
2026-06-06,1563,1397317.1522254043,1322942.320026625,1475873.9244967755,1253996.0100979323,1557018.7983214362,casualties,russia
2026-06-05,1562,1396118.3682059662,1322242.2006290138,1474122.7677808297,1253085.0918596792,1555478.2703750627,casualties,russia
2026-06-04,1561,1394950.0562929984,1321565.9688025608,1472409.6729173241,1252199.072220305,1553974.796870148,casualties,russia
2026-06-03,1560,1393809.329021304,1320911.139013142,1470731.208702358,1251335.6973642937,1552504.7144382582,casualties,russia
2026-06-02,1559,1392523.4529776368,1320086.1454365007,1468936.1277222564,1250320.5381457042,1550899.6295251641,casualties,russia
2026-06-01,1558,1391138.5476306276,1319129.0880743405,1467079.336669495,1249194.0311852104,1549212.116907463,casualties,russia
2026-05-31,1557,1389539.4102809895,1317952.068906722,1465015.5388544085,1247858.743621236,1547306.4016637404,casualties,russia
2026-05-30,1556,1388009.311732377,1316844.0722934462,1463020.7974030224,1246588.8584431026,1545473.3680761638,casualties,russia
2026-05-29,1555,1386408.0927083662,1315634.3388810765,1460989.3562591753,1245235.9065548312,1543584.9645538484,casualties,russia
2026-05-28,1554,1384689.403208148,1314267.482726033,1458884.967045326,1243751.5302654232,1541597.9124196984,casualties,russia
2026-05-27,1553,1382894.4698977252,1312795.0345745948,1456737.2215133763,1242180.2439429825,1539548.8210313483,casualties,russia
2026-05-26,1552,1381243.8178794382,1311461.2950983231,1454739.6194728648,1240744.2616482547,1537653.289180977,casualties,russia
2026-05-25,1551,1379654.4533197577,1310194.7218339036,1452796.7298002755,1239369.213321203,1535818.7054830585,casualties,russia
2026-05-24,1550,1378268.5298770182,1309122.3189409422,1451067.1159245933,1238184.314991597,1534201.4343903586,casualties,russia
2026-05-23,1549,1376912.6086415004,1308080.2333519722,1449367.2266294481,1237027.7164634392,1532615.9076282606,casualties,russia
2026-05-22,1548,1375620.3005065275,1307112.2379598438,1447719.2893489422,1235936.3198132494,1531091.2242630867,casualties,russia
2026-05-21,1547,1374383.189524676,1306199.5198340423,1446126.3752084945,1234897.5518007716,1529624.2166754184,casualties,russia
2026-05-20,1546,1373226.7984672713,1305373.9073659296,1444606.9493018375,1233938.7117624262,1528237.8799147604,casualties,russia
2026-05-19,1545,1372070.531997237,1304548.4026180427,1443087.7765851854,1232979.5632186565,1526852.2126002687,casualties,russia
2026-05-18,1544,1370822.5013019121,1303643.5535469076,1441463.5154494732,1231937.4528409394,1525365.065634185,casualties,russia
2026-05-17,1543,1369610.524239266,1302759.1825667252,1439892.5588658524,1230922.4670542676,1523924.5818908282,casualties,russia
2026-05-16,1542,1368326.2841450213,1301774.2568772861,1438280.9171777817,1229825.3193030334,1522425.0193360774,casualties,russia
2026-05-15,1541,1367008.7837803983,1300743.6688603922,1436649.9140128647,1228690.432731498,1520898.1712431554,casualties,russia
2026-05-14,1540,1365731.0118783014,1299750.1114939759,1435061.5754132248,1227592.1514642634,1519414.416411589,casualties,russia
2026-05-13,1539,1364427.0713274619,1298698.917600964,1433481.9043198577,1226454.9109330121,1517920.6546224912,casualties,russia
2026-05-12,1538,1363032.776333513,1297491.3653028049,1431884.9972258687,1225202.2062453385,1516368.765883861,casualties,russia
2026-05-11,1537,1361621.1192236457,1296172.4621232126,1430374.5657884723,1223891.6381838808,1514849.8784290126,casualties,russia
2026-05-10,1536,1360085.2285781992,1294673.4593922037,1428801.9081137055,1222437.7026564016,1513232.0318416026,casualties,russia
2026-05-09,1535,1358449.8333023482,1293020.1505909716,1427190.5220434766,1220864.5555136842,1511540.363302694,casualties,russia
2026-05-08,1534,1356661.1274629058,1291154.7390948376,1425491.144688972,1219118.9876179588,1509721.0189689435,casualties,russia
2026-05-07,1533,1354786.1455737262,1289190.3635876765,1423719.6958764927,1217285.4257839932,1507818.6283739249,casualties,russia
2026-05-06,1532,1352967.1900462364,1287329.5750470243,1421951.591588305,1215526.3827265431,1505948.647145132,casualties,russia
2026-05-05,1531,1351240.9641679018,1285621.890869467,1420209.332944832,1213882.4725350093,1504142.4805587528,casualties,russia
2026-05-04,1530,1349569.9708771268,1284024.077267635,1418461.8475899287,1212315.3097395122,1502364.2059643602,casualties,russia
2026-05-03,1529,1347952.7769496415,1282519.3604946781,1416724.6310707065,1210816.8388457915,1500620.602918349,casualties,russia
2026-05-02,1528,1346372.3130057806,1281083.2588581978,1414988.8255404572,1209367.54153458,1498897.850027569,casualties,russia
2026-05-01,1527,1344898.8592389661,1279802.8696601156,1413305.9544212527,1208041.9771814013,1497260.0113126794,casualties,russia
2026-04-30,1526,1343457.7517231733,1278553.177277769,1411657.1750103168,1206746.6132685675,1495656.7632603694,casualties,russia
2026-04-29,1525,1342047.9986128414,1277316.7357906338,1410059.705136589,1205473.1673366055,1494096.1628428036,casualties,russia
2026-04-28,1524,1340671.2827980188,1276107.9736595429,1408501.135864422,1204228.8603534275,1492573.0067251094,casualties,russia
2026-04-27,1523,1339325.0284660496,1274893.7935912323,1407012.5523424284,1202998.1305624465,1491100.8490725174,casualties,russia
2026-04-26,1522,1338055.0867370288,1273797.2167035015,1405554.558385005,1201858.1359279496,1489686.1482937406,casualties,russia
2026-04-25,1521,1336856.3538771556,1272799.391885608,1404137.2250803534,1200798.0821509538,1488330.920420617,casualties,russia
2026-04-24,1520,1335714.6218484652,1271843.0310517743,1402793.9109077274,1199785.7561605435,1487043.4545983695,casualties,russia
2026-04-23,1519,1334625.8738524548,1270967.557805862,1401472.7097772153,1198835.9741458243,1485796.4450771152,casualties,russia
2026-04-22,1518,1333513.9942897148,1270061.6741877105,1400136.5000462527,1197860.781819472,1484529.4262115755,casualties,russia
2026-04-21,1517,1332392.0345435266,1269130.281028677,1398807.2744866447,1196869.2129241969,1483260.2601233677,casualties,russia
2026-04-20,1516,1331258.3176768296,1268184.5828920952,1397469.1006801957,1195865.4157361926,1481980.0684574028,casualties,russia
2026-04-19,1515,1330047.8088468595,1267087.4779685172,1396136.6015961387,1194756.1362587567,1480659.632652734,casualties,russia
2026-04-18,1514,1328795.681631804,1265937.5978796447,1394774.8970091622,1193602.2291607293,1479301.842211904,casualties,russia
2026-04-17,1513,1327536.0809164462,1264827.0316231246,1393354.2102160444,1192460.9942892285,1477911.7032198706,casualties,russia
2026-04-16,1512,1326297.3995599805,1263737.1929989033,1391954.6424819832,1191339.5122954075,1476543.6596332267,casualties,russia
2026-04-15,1511,1325031.517162671,1262654.3750622296,1390490.3043085092,1190206.3131171246,1475129.5760095587,casualties,russia
2026-04-14,1510,1323801.827064504,1261654.3775250237,1389010.812137825,1189127.13249467,1473729.1358407196,casualties,russia
2026-04-13,1509,1322671.479611003,1260833.6638301434,1387542.5292313923,1188176.291527145,1472390.844551656,casualties,russia
2026-04-12,1508,1321630.070471974,1260149.9776653736,1386110.08415669,1187330.5790158398,1471120.2896227236,casualties,russia
2026-04-11,1507,1320543.615729971,1259395.150344428,1384661.411009091,1186430.8004053067,1469816.4318983047,casualties,russia
2026-04-10,1506,1319342.4083994452,1258408.2733242284,1383227.2797151953,1185372.1913429447,1468453.9056952503,casualties,russia
2026-04-09,1505,1318096.8402451896,1257317.6072710513,1381814.2799825578,1184246.2346401506,1467076.0752607286,casualties,russia
2026-04-08,1504,1316930.0273015392,1256272.5196383044,1380516.373037613,1183181.5500509753,1465797.6551348665,casualties,russia
2026-04-07,1503,1315759.5697141907,1255176.5643703998,1379266.7669017152,1182093.623219072,1464539.917317056,casualties,russia
2026-04-06,1502,1314576.746586491,1254037.7916142207,1378038.291472776,1180981.1923887508,1463285.0002986288,casualties,russia
2026-04-05,1501,1313447.9629445018,1252970.360193276,1376844.726932888,1179927.5222504723,1462077.5763502957,casualties,russia
2026-04-04,1500,1312529.406953107,1252142.1305559727,1375829.0941010478,1179086.71599415,1461074.434101506,casualties,russia
2026-04-03,1499,1311814.255373698,1251577.3543885695,1374950.41532465,1178465.2036666158,1460252.4122468021,casualties,russia
2026-04-02,1498,1311137.5276358714,1251097.9444527954,1374058.5072039813,1177899.7706469041,1459446.4437839955,casualties,russia
2026-04-01,1497,1310340.536745386,1250500.602912629,1373044.0897879056,1177220.201046376,1458514.161136989,casualties,russia
2026-03-31,1496,1309512.3719308916,1249859.8419651163,1372012.0246806117,1176505.7653395094,1457555.6768476907,casualties,russia
2026-03-30,1495,1308630.0262121262,1249102.9711920728,1370993.914967253,1175714.068599877,1456572.3042480883,casualties,russia
2026-03-29,1494,1307685.333563728,1248212.4457917262,1369991.91019011,1174833.4670700992,1455560.2926278797,casualties,russia
2026-03-28,1493,1306644.767445139,1247180.860135301,1368943.8658821683,1173842.7109456928,1454471.3350613327,casualties,russia
2026-03-27,1492,1305520.3576371265,1246036.0451657586,1367844.448043666,1172759.7669557044,1453309.960333563,casualties,russia
2026-03-26,1491,1304407.1926665388,1244882.048883877,1366778.6646077218,1171679.2438979722,1452170.6216793742,casualties,russia
2026-03-25,1490,1303386.1552709567,1243805.7565343578,1365820.6200328176,1170680.9187616748,1451134.537303951,casualties,russia
2026-03-24,1489,1302393.3144856966,1242781.5880275033,1364864.4304975392,1169719.3756040486,1450115.6483571995,casualties,russia
2026-03-23,1488,1301434.0773515766,1241804.9402749427,1363926.507469089,1168795.6204294642,1449124.759229007,casualties,russia
2026-03-22,1487,1300432.286126787,1240792.410250487,1362938.8172248595,1167833.9289262858,1448086.152524809,casualties,russia
2026-03-21,1486,1299353.4113619945,1239672.7272875928,1361907.291116984,1166786.1661309937,1446982.626832737,casualties,russia
2026-03-20,1485,1298152.2652436355,1238389.032331458,1360799.7368573016,1165604.1797642736,1445773.281405034,casualties,russia
2026-03-19,1484,1296750.3997971113,1236813.22973386,1359592.553326768,1164192.2527966832,1444402.1381155215,casualties,russia
2026-03-18,1483,1295155.8650165636,1234964.3165081304,1358281.806249136,1162562.4297952016,1442872.2141871236,casualties,russia
2026-03-17,1482,1293328.8495320617,1232803.3906517169,1356826.7895293399,1160677.060131867,1441141.5488410317,casualties,russia
2026-03-16,1481,1291306.889927995,1230386.3394996114,1355244.956539842,1158579.1050674475,1439240.521978426,casualties,russia
2026-03-15,1480,1289037.5574464046,1227689.067504969,1353452.8188505354,1156230.384102383,1437099.7214129216,casualties,russia
2026-03-14,1479,1286707.6624078522,1224926.277399815,1351606.152719947,1153820.6726968468,1434899.8613688322,casualties,russia
2026-03-13,1478,1284413.4381517207,1222238.5508272254,1349752.0010553123,1151460.843950972,1432717.6936773004,casualties,russia
2026-03-12,1477,1282201.8031003599,1219700.136261365,1347906.9379220614,1149207.553405235,1430587.3844796945,casualties,russia
2026-03-11,1476,1280092.4425011198,1217362.3162766006,1346055.4446593188,1147093.818920419,1428511.6757003262,casualties,russia
2026-03-10,1475,1278155.6882747405,1215274.0033162625,1344291.2408636848,1145177.8907213663,1426574.9581331722,casualties,russia
2026-03-09,1474,1276357.755653271,1213407.163177208,1342574.2451491726,1143430.0128116547,1424738.868503704,casualties,russia
2026-03-08,1473,1274845.6802089778,1211901.9086571215,1341058.6471677374,1141987.969207649,1423159.9378897855,casualties,russia
2026-03-07,1472,1273462.6074783043,1210602.5885272473,1339586.6344323282,1140702.4564462237,1421673.9933000756,casualties,russia
2026-03-06,1471,1272106.962898999,1209344.5499878393,1338126.641009836,1139449.2449846042,1420209.0480301008,casualties,russia
2026-03-05,1470,1270757.5320674067,1208129.801672149,1336631.8127026358,1138218.0734500326,1418730.5122113323,casualties,russia
2026-03-04,1469,1269420.1740161981,1206925.2321306926,1335151.136772584,1136997.5526253728,1417265.657986203,casualties,russia
2026-03-03,1468,1268129.1823888381,1205830.2120893109,1333646.8825453806,1135848.3096550014,1415815.4900490874,casualties,russia
2026-03-02,1467,1266910.1926060724,1204894.5960786138,1332117.9377390838,1134804.9116899418,1414394.181610262,casualties,russia
2026-03-01,1466,1265763.276141676,1204093.8388039537,1330591.7099247528,1133856.451924133,1413015.5061327897,casualties,russia
2026-02-28,1465,1264601.1834707398,1203348.340756536,1328972.800490717,1132922.5735549934,1411584.8140626317,casualties,russia
2026-02-27,1464,1263476.4393949392,1202732.8288335467,1327289.0414055574,1132063.0027475704,1410144.938525903,casualties,russia
2026-02-26,1463,1262305.6169135098,1202134.5759650096,1325489.7113570254,1131185.08345392,1408625.0854714848,casualties,russia
2026-02-25,1462,1261179.0753200296,1201622.9504895078,1323688.1441587307,1130366.1484020634,1407130.6352520736,casualties,russia
2026-02-24,1461,1260045.6032719228,1201090.4434494823,1321895.565027444,1129532.926798021,1405638.580453597,casualties,russia
2026-02-23,1460,1258950.5950118185,1200583.2256740252,1320156.4808751985,1128728.8285732048,1404196.1926080799,casualties,russia
2026-02-22,1459,1257828.8577303432,1200034.6318052665,1318407.4044520485,1127891.2333090045,1402735.9343614918,casualties,russia
2026-02-21,1458,1256733.4287218135,1199500.93280308,1316697.6578998799,1127072.1773546843,1401311.3661525769,casualties,russia
2026-02-20,1457,1255659.8813900321,1199017.3902377645,1314979.2920721327,1126283.267151711,1399898.1873836052,casualties,russia
2026-02-19,1456,1254787.1804104496,1198729.678037275,1313467.3469134918,1125682.1781728868,1398699.456332458,casualties,russia
2026-02-18,1455,1253983.1551531386,1198527.5355243022,1312005.9428752132,1125151.4264422443,1397566.502578727,casualties,russia
2026-02-17,1454,1253181.2700411768,1198343.8765974266,1310529.3421355828,1124627.106772701,1396430.4020587069,casualties,russia
2026-02-16,1453,1252353.7013239334,1198119.991451045,1309043.575440333,1124070.6359861868,1395277.0613369925,casualties,russia
2026-02-15,1452,1251347.1453403942,1197658.6743746337,1307443.3553259156,1123319.7521577422,1393966.2425353902,casualties,russia
2026-02-14,1451,1250129.1830021376,1196965.512315849,1305654.8721928673,1122357.848408871,1392446.3214768185,casualties,russia
2026-02-13,1450,1249025.0957913746,1196332.2950309312,1304039.3311475706,1121482.484721073,1391072.7652450786,casualties,russia
2026-02-12,1449,1247944.9546513697,1195719.7358375753,1302451.6847553642,1120627.2087764782,1389727.677032439,casualties,russia
2026-02-11,1448,1246868.5725027658,1195102.9253383605,1300876.9424929256,1119770.9460906945,1388392.2304120853,casualties,russia
2026-02-10,1447,1245850.6261148849,1194524.3474876962,1299382.905596798,1118961.494132223,1387128.919370279,casualties,russia
2026-02-09,1446,1244641.1558168319,1193768.609473065,1297682.4431149063,1117973.2275368767,1385660.8194477297,casualties,russia
2026-02-08,1445,1243446.1581027468,1193054.8050640468,1295966.712587484,1117008.1805942822,1384196.1627213217,casualties,russia
2026-02-07,1444,1242441.2981467007,1192524.7521404903,1294447.991026361,1116221.0371615721,1382934.380061947,casualties,russia
2026-02-06,1443,1241271.6177412106,1191819.0478130353,1292776.736390941,1115271.9327948836,1381506.3616751907,casualties,russia
2026-02-05,1442,1240021.0783263745,1191014.2760463124,1291044.853331389,1114237.9660278773,1380003.505903067,casualties,russia
2026-02-04,1441,1238723.6575605304,1190159.9139617353,1289269.4767442963,1113156.9146570002,1378454.647720541,casualties,russia
2026-02-03,1440,1237438.0324492066,1189310.070831264,1287514.0730017666,1112083.345739284,1376922.8012672632,casualties,russia
2026-02-02,1439,1236297.4533679015,1188585.0611153746,1285925.6870678125,1111139.711450127,1375552.886781993,casualties,russia
2026-02-01,1438,1235293.3314670918,1188013.6264027418,1284455.2677577527,1110331.0474786677,1374319.553169318,casualties,russia
2026-01-31,1437,1234221.9352042752,1187395.0787267115,1282896.1908023574,1109463.9409982078,1373008.88331848,casualties,russia
2026-01-30,1436,1233288.013881237,1186924.0924509356,1281463.7090293162,1108730.3419801677,1371838.8732615593,casualties,russia
2026-01-29,1435,1232428.422361683,1186520.7673629902,1280112.9255571775,1108064.2296934493,1370750.7435646749,casualties,russia
2026-01-28,1434,1231592.9808844922,1186119.8874590339,1278809.9997708225,1107412.621386518,1369698.4180658725,casualties,russia
2026-01-27,1433,1230741.7753006895,1185688.1590877562,1277507.8620654214,1106739.9773728317,1368637.0688286733,casualties,russia
2026-01-26,1432,1229802.1545839275,1185133.1698237085,1276155.1896459823,1105970.8381695752,1367498.4161845609,casualties,russia
2026-01-25,1431,1228719.779453209,1184400.82874659,1274697.4094730678,1105053.689898683,1366225.3052415252,casualties,russia
2026-01-24,1430,1227574.2220249518,1183575.0973106448,1273209.2532291932,1104065.752259306,1364899.2156778378,casualties,russia
2026-01-23,1429,1226302.304064996,1182601.383225865,1271618.305125435,1102949.9693044059,1363450.1887544198,casualties,russia
2026-01-22,1428,1224880.7265202121,1181455.6748941601,1269902.034662638,1101684.0358726266,1361853.9855361583,casualties,russia
2026-01-21,1427,1223319.4147831593,1180153.6675859597,1268064.137837534,1100279.284942591,1360118.664377674,casualties,russia
2026-01-20,1426,1221711.097075276,1178791.989201664,1266193.0009269402,1098825.364945883,1358339.5986205242,casualties,russia
2026-01-19,1425,1220201.4659988587,1177529.366052794,1264420.0867849474,1097465.2743327904,1356663.9899528227,casualties,russia
2026-01-18,1424,1218796.2861261538,1176372.2586849076,1262750.4050936904,1096204.7200946407,1355097.6020288824,casualties,russia
2026-01-17,1423,1217550.8339936957,1175356.9689187354,1261259.5436228246,1095090.3613926608,1353705.672470122,casualties,russia
2026-01-16,1422,1216390.0223509034,1174422.8922316134,1259856.950592668,1094055.279960387,1352403.954948336,casualties,russia
2026-01-15,1421,1215324.1577027394,1173579.7351218185,1258553.55703212,1093109.1281124847,1351203.435657904,casualties,russia
2026-01-14,1420,1214380.615054267,1172846.7553929747,1257385.4160193591,1092275.4419986855,1350135.8927359416,casualties,russia
2026-01-13,1419,1213474.2073009473,1172144.5015641656,1256261.2972371294,1091474.8855685906,1349109.9723220216,casualties,russia
2026-01-12,1418,1212627.0161318071,1171491.7339745061,1255206.8020260225,1090727.5204534077,1348149.976794016,casualties,russia
2026-01-11,1417,1211840.3005346463,1170890.54269881,1254222.2924037706,1090034.8171472347,1347256.8877520259,casualties,russia
2026-01-10,1416,1211061.839064142,1170285.6473203916,1253258.8730811775,1089346.2016598433,1346377.0992268112,casualties,russia
2026-01-09,1415,1210270.451967291,1169647.1244610744,1252304.7406565046,1088638.9371188958,1345491.620466319,casualties,russia
2026-01-08,1414,1209520.2550274048,1169020.4610578197,1251423.1697194618,1087962.00658758,1344660.2357297265,casualties,russia
2026-01-07,1413,1208813.4690136465,1168412.4722882197,1250611.4555655434,1087318.9185950884,1343883.546613071,casualties,russia
2026-01-06,1412,1208015.1115953438,1167696.9817850932,1249725.3483971762,1086583.846718772,1343016.940381129,casualties,russia
2026-01-05,1411,1207136.9494893556,1166893.1351867346,1248768.6948051977,1085770.2273063813,1342069.973069835,casualties,russia
2026-01-04,1410,1206222.8846646035,1166041.5368203996,1247788.8690607185,1084918.8813740038,1341089.8065247918,casualties,russia
2026-01-03,1409,1205283.062178817,1165166.3824725812,1246780.965942336,1084043.6567393993,1340081.882716387,casualties,russia
2026-01-02,1408,1204332.153511609,1164290.682642934,1245750.7165783537,1083160.9956045193,1339058.501388834,casualties,russia
2026-01-01,1407,1203347.7427652273,1163393.2437007888,1244674.4198117198,1082249.9453795413,1337995.7182263287,casualties,russia
2025-12-31,1406,1202343.4548322083,1162479.2019303483,1243574.7664563304,1081320.9549317246,1336910.9136691075,casualties,russia
2025-12-30,1405,1201311.1384156926,1161535.4332731315,1242448.938261775,1080364.7870737093,1335797.3824021944,casualties,russia
2025-12-29,1404,1200266.907285697,1160570.4590491746,1241321.1508147372,1079394.5374693496,1334674.7680091036,casualties,russia
2025-12-28,1403,1199247.7759397046,1159619.9632343305,1240229.7966760036,1078445.0414945844,1333582.3151258794,casualties,russia
2025-12-27,1402,1198305.9064999765,1158725.5354005396,1239238.2857693788,1077562.8146719977,1332578.5136283513,casualties,russia
2025-12-26,1401,1197291.450223952,1157760.512060416,1238172.1458769855,1076612.1056086344,1331497.9630730874,casualties,russia
2025-12-25,1400,1196283.2983798,1156790.5091750391,1237124.370745974,1075664.0932458912,1330428.102867083,casualties,russia
2025-12-24,1399,1195285.197821933,1155822.9983772335,1236094.7195381827,1074723.437130329,1329371.5041655176,casualties,russia
2025-12-23,1398,1194408.627111956,1154963.2646513025,1235201.1649766124,1073894.3875007404,1328447.1851166633,casualties,russia
2025-12-22,1397,1193497.9921680593,1154069.9989296168,1234273.0169008018,1073033.108060817,1327486.9671772262,casualties,russia
2025-12-21,1396,1192562.284844084,1153142.4974328273,1233329.6283624163,1072145.2981206065,1326503.8022914375,casualties,russia
2025-12-20,1395,1191608.509483677,1152186.151190791,1232379.7244185668,1071237.1352583172,1325505.6298084566,casualties,russia
2025-12-19,1394,1190747.4324354688,1151291.1487982261,1231555.9518523123,1070407.9608436697,1324615.9560660075,casualties,russia
2025-12-18,1393,1189840.3901276418,1150350.7955000857,1230685.616362456,1069535.244904199,1323677.9057828588,casualties,russia
2025-12-17,1392,1188921.67672556,1149384.2122785936,1229819.2126106522,1068647.1169705281,1322732.9699852476,casualties,russia
2025-12-16,1391,1187979.0822911744,1148383.084249726,1228940.3801915192,1067733.101766584,1321766.9471030557,casualties,russia
2025-12-15,1390,1187142.2046209704,1147460.7526880407,1228195.9675138681,1066911.6699515143,1320921.5697471914,casualties,russia
2025-12-14,1389,1186357.6352037233,1146573.0132408398,1227522.7975902837,1066134.6623558612,1320137.6099063652,casualties,russia
2025-12-13,1388,1185581.6949979914,1145679.6959993253,1226873.4995951082,1065361.520850486,1319368.080658228,casualties,russia
2025-12-12,1387,1184845.0596155268,1144807.4494310464,1226283.0350607012,1064620.193882416,1318646.6468192118,casualties,russia
2025-12-11,1386,1184111.8431339012,1143920.2858616896,1225715.6652184213,1063876.5427563065,1317935.717407729,casualties,russia
2025-12-10,1385,1183394.6282158105,1143045.9356068568,1225167.74549452,1063147.0018900926,1317242.9430771307,casualties,russia
2025-12-09,1384,1182548.9031232405,1142055.4700090562,1224478.2221093345,1062298.876032986,1316411.021656471,casualties,russia
2025-12-08,1383,1181695.3416261564,1141046.9359734324,1223791.912871964,1061439.9924471197,1315575.0043447814,casualties,russia
2025-12-07,1382,1180680.803904506,1139884.3004048958,1222937.5260970588,1060429.874990281,1314568.0265615354,casualties,russia
2025-12-06,1381,1179518.4262183688,1138573.2976718952,1221936.134830103,1059278.7408788244,1313406.6806211409,casualties,russia
2025-12-05,1380,1178362.7046084763,1137257.915700495,1220953.3316756655,1058130.2726791908,1312256.8797939776,casualties,russia
2025-12-04,1379,1177268.8685954695,1135984.8216033697,1220053.4718694917,1057034.3721387424,1311179.7507364051,casualties,russia
2025-12-03,1378,1176144.567027976,1134665.052593695,1219140.6960041337,1055904.1912121538,1310077.3105726258,casualties,russia
2025-12-02,1377,1175164.1479447996,1133450.599549201,1218413.143004273,1054898.6742873816,1309140.7632807367,casualties,russia
2025-12-01,1376,1174091.9727262768,1132152.5947626736,1217585.2555053898,1053808.0845582571,1308105.3933989895,casualties,russia
2025-11-30,1375,1173065.893473034,1130922.8011282538,1216779.6716246537,1052768.1693298,1307109.8650939495,casualties,russia
2025-11-29,1374,1171646.8227923561,1129300.1567536246,1215581.6300187155,1051354.146385131,1305703.100631864,casualties,russia
2025-11-28,1373,1170228.4938672842,1127686.6178232203,1214375.4569293696,1049943.083853867,1304294.3489020274,casualties,russia
2025-11-27,1372,1168824.8610208998,1126127.2341116124,1213141.5432235147,1048558.3254877739,1302885.703789882,casualties,russia
2025-11-26,1371,1167462.0237243657,1124638.1328873623,1211916.6732352467,1047221.5935124654,1301508.3583217876,casualties,russia
2025-11-25,1370,1166096.6532413869,1123145.1091130904,1210690.8753522432,1045881.7188581465,1300129.3052210184,casualties,russia
2025-11-24,1369,1164767.5496720518,1121689.679758595,1209499.930334451,1044576.6177745253,1298787.9289865429,casualties,russia
2025-11-23,1368,1163490.944920545,1120247.579632077,1208403.7040961569,1043308.6986302985,1297517.428941475,casualties,russia
2025-11-22,1367,1162723.3968605804,1119302.7410570679,1207828.6312616337,1042520.9180641624,1296785.2530835029,casualties,russia
2025-11-21,1366,1161903.3104257172,1118290.085891394,1207217.7169052968,1041677.7953617236,1296004.7588329075,casualties,russia
2025-11-20,1365,1161016.6256652302,1117197.0572392244,1206555.216329498,1040766.7280465722,1295160.2454227456,casualties,russia
2025-11-19,1364,1160048.5574503576,1116020.6474770352,1205813.655809401,1039777.4929897372,1294231.4516574077,casualties,russia
2025-11-18,1363,1158916.5115032787,1114694.3714900604,1204893.2611115344,1038636.5364817871,1293125.6623146196,casualties,russia
2025-11-17,1362,1157839.0422020718,1113418.8109975175,1204031.6253587983,1037545.9684492134,1292078.9645695183,casualties,russia
2025-11-16,1361,1156785.9143250561,1112155.8233449638,1203207.1740426368,1036474.1960036044,1291063.2326649947,casualties,russia
2025-11-15,1360,1155735.2983726922,1110892.4731033454,1202388.4954147865,1035403.3998168176,1290051.9355133704,casualties,russia
2025-11-14,1359,1154688.7973814735,1109627.157138937,1201580.7007528625,1034333.904828488,1289048.2570052193,casualties,russia
2025-11-13,1358,1153673.1012886607,1108394.0654682342,1200802.1876794891,1033294.0363180173,1288076.4605744078,casualties,russia
2025-11-12,1357,1152602.456589402,1107087.700448726,1199988.7647394685,1032195.455588813,1287055.190985087,casualties,russia
2025-11-11,1356,1151626.452713006,1105861.7479588636,1199285.4105226975,1031181.6242297924,1286139.6642233655,casualties,russia
2025-11-10,1355,1150623.7432466294,1104595.2573532038,1198570.5509567717,1030137.2076556054,1285202.6791227304,casualties,russia
2025-11-09,1354,1149659.7507550153,1103400.6251291977,1197858.5232232173,1029140.6138056626,1284292.560307271,casualties,russia
2025-11-08,1353,1148720.8838150946,1102275.1617205015,1197123.856631783,1028182.8988671014,1283390.0883210157,casualties,russia
2025-11-07,1352,1147738.7646504582,1101174.9654439637,1196271.688518941,1027207.5920321689,1282412.959646503,casualties,russia
2025-11-06,1351,1146684.3079547822,1100051.3483121612,1195294.1853549248,1026180.4773641229,1281338.868837782,casualties,russia
2025-11-05,1350,1145697.5296299728,1099047.5122239178,1194327.6758941065,1025235.803369867,1280313.1102781068,casualties,russia
2025-11-04,1349,1144745.8442236385,1098138.0548839308,1193331.8181184263,1024345.0877135299,1279298.4179287015,casualties,russia
2025-11-03,1348,1143773.534098249,1097277.0227292161,1192240.3632094888,1023458.7727800439,1278232.140409288,casualties,russia
2025-11-02,1347,1142772.9695531281,1096408.4879854931,1191098.151451612,1022552.8357003123,1277127.2197858358,casualties,russia
2025-11-01,1346,1141769.0073240218,1095535.156068397,1189954.0654667155,1021643.1959761882,1276019.3302495447,casualties,russia
2025-10-31,1345,1140797.4890011048,1094682.137887601,1188855.5474289018,1020760.1935335533,1274950.6898365063,casualties,russia
2025-10-30,1344,1139863.2626676473,1093839.350698032,1187823.665497006,1019903.2184570814,1273932.89661775,casualties,russia
2025-10-29,1343,1138989.988764167,1093021.8305273526,1186891.3887939532,1019091.8633051333,1272994.3666879435,casualties,russia
2025-10-28,1342,1138129.7180327463,1092198.6220580877,1185992.3939305726,1018286.4139194429,1272077.5285225243,casualties,russia
2025-10-27,1341,1137308.0631386247,1091385.6245897682,1185162.7935277498,1017507.8872799762,1271213.3808826515,casualties,russia
2025-10-26,1340,1136432.3509295017,1090521.972444073,1184275.5356955624,1016679.1385698556,1270291.137680291,casualties,russia
2025-10-25,1339,1135485.761063838,1089589.2692599085,1183315.5433958422,1015783.6253595586,1269293.8666509893,casualties,russia
2025-10-24,1338,1134535.4144787213,1088641.7613210296,1182363.8029694404,1014880.7417876218,1268297.4143989119,casualties,russia
2025-10-23,1337,1133512.1673493,1087589.5558538921,1181373.8402410154,1013897.5429189012,1267238.3557776723,casualties,russia
2025-10-22,1336,1132405.0064785078,1086446.2458308619,1180307.9473358216,1012832.0231069551,1266094.57678066,casualties,russia
2025-10-21,1335,1131248.285532447,1085242.950652402,1179203.9265823704,1011715.7494355744,1264903.4356750227,casualties,russia
2025-10-20,1334,1130066.2111248623,1084030.0482650197,1178057.482337303,1010580.8682236262,1263678.8665542882,casualties,russia
2025-10-19,1333,1128934.7668846874,1082865.245390918,1176964.3241159078,1009493.2985644125,1262508.3763742126,casualties,russia
2025-10-18,1332,1127844.220329655,1081754.4132904962,1175897.7812001987,1008449.1906163669,1261375.0121992666,casualties,russia
2025-10-17,1331,1126797.7771815022,1080701.4261924769,1174860.3345449727,1007451.7982728177,1260281.8755480181,casualties,russia
2025-10-16,1330,1125848.1863183714,1079736.3197188098,1173929.3412413523,1006543.3750411788,1259294.114065926,casualties,russia
2025-10-15,1329,1124961.7843147686,1078842.499273827,1173052.6308518809,1005697.8580173625,1258369.0198397108,casualties,russia
2025-10-14,1328,1124161.0813774404,1078027.2451699157,1172269.2323264203,1004931.3401049611,1257536.81370791,casualties,russia
2025-10-13,1327,1123391.634471693,1077197.9584704284,1171566.308858385,1004178.6979797747,1256757.1842825857,casualties,russia
2025-10-12,1326,1122607.147386315,1076334.3436864752,1170869.3682281685,1003404.995480771,1255970.271644989,casualties,russia
2025-10-11,1325,1121818.8247741952,1075439.9190108036,1170197.9536138943,1002618.212331034,1255191.1596889733,casualties,russia
2025-10-10,1324,1121042.0102502336,1074558.4208028752,1169536.4767583085,1001842.9090064621,1254423.4329291827,casualties,russia
2025-10-09,1323,1120259.3666677456,1073750.5828093064,1168782.6945729859,1001089.9085062208,1253614.7449932133,casualties,russia
2025-10-08,1322,1119524.8925679708,1073020.777195749,1168044.5022796644,1000393.1650918605,1252843.4219053504,casualties,russia
2025-10-07,1321,1118752.8918766065,1072275.715291544,1167244.624939132,999668.541341729,1252023.0307707232,casualties,russia
2025-10-06,1320,1117889.4312899897,1071419.8035828827,1166374.57408682,998850.1685295303,1251115.3600250992,casualties,russia
2025-10-05,1319,1117080.4748415737,1070629.478053593,1165546.8614167522,998087.535873932,1250259.876706408,casualties,russia
2025-10-04,1318,1116339.3582546911,1069927.6948881135,1164764.3166950743,997396.7188570766,1249466.29095493,casualties,russia
2025-10-03,1317,1115590.8946827243,1069238.3355497797,1163952.9144991294,996705.8636026263,1248656.3058800513,casualties,russia
2025-10-02,1316,1114786.5163524805,1068509.822791194,1163067.4838266599,995967.6071447609,1247780.5321723463,casualties,russia
2025-10-01,1315,1113823.6908015693,1067668.920087797,1161973.8305320523,995094.6155610872,1246718.8589151907,casualties,russia
2025-09-30,1314,1112801.3475464426,1066824.465260634,1160759.9541339749,994184.2819864289,1245570.7379386665,casualties,russia
2025-09-29,1313,1111807.6343321963,1066078.0758841047,1159499.1051348806,993325.3999543503,1244422.2496745838,casualties,russia
2025-09-28,1312,1110682.086789317,1065274.6284333544,1158025.4668892762,992366.6589945263,1243103.7488814567,casualties,russia
2025-09-27,1311,1109342.6030080963,1064332.0102260415,1156257.2032258345,991229.6137678638,1241529.7244858586,casualties,russia
2025-09-26,1310,1107829.7582896908,1063264.1799600734,1154263.8189795362,989943.379351966,1239754.5329969802,casualties,russia
2025-09-25,1309,1106313.9322297883,1062180.4039848638,1152281.804271826,988648.8693286973,1237983.0428889573,casualties,russia
2025-09-24,1308,1104846.3330693203,1061110.3964871739,1150385.5225095751,987387.7760548712,1236277.6474258446,casualties,russia
2025-09-23,1307,1103430.193009188,1060044.3468244162,1148592.2540815652,986159.1401233528,1234646.7780049606,casualties,russia
2025-09-22,1306,1102100.2646543134,1059080.98456659,1146867.2989151466,985017.5045293815,1233099.9145138185,casualties,russia
2025-09-21,1305,1100784.5201928741,1058107.6890412427,1145182.8644732987,983880.4552609124,1231579.0573369914,casualties,russia
2025-09-20,1304,1099610.2310902127,1057239.1530730012,1143679.6072324023,982864.860315919,1230222.7016902266,casualties,russia
2025-09-19,1303,1098529.9399223418,1056448.8558936496,1142287.459204791,981932.5982874801,1228972.3725441757,casualties,russia
2025-09-18,1302,1097497.7182706918,1055696.0243301066,1140954.9080188212,981042.0295368218,1227777.4188083934,casualties,russia
2025-09-17,1301,1096470.3351149224,1054959.5055622575,1139614.898509761,980159.3106671473,1226583.4684519353,casualties,russia
2025-09-16,1300,1095334.8837901442,1054154.737002479,1138124.0777768341,979186.2739966289,1225260.758683994,casualties,russia
2025-09-15,1299,1094157.5331920588,1053306.9907704212,1136592.722116584,978172.5781576475,1223895.1917625228,casualties,russia
2025-09-14,1298,1093045.491526238,1052504.6924370916,1135148.1445662396,977214.1080699206,1222606.6343158404,casualties,russia
2025-09-13,1297,1091899.8168536115,1051669.5592463906,1133669.2854637273,976223.3204337483,1221283.2747926738,casualties,russia
2025-09-12,1296,1090715.7716847842,1050796.464686952,1132151.8737643256,975195.436537298,1219920.4939658067,casualties,russia
2025-09-11,1295,1089474.4802119976,1049876.605139948,1130566.1629292548,974115.8230106607,1218494.3717261201,casualties,russia
2025-09-10,1294,1088187.798216541,1048916.7551372428,1128929.4667519252,972994.16046813,1217019.317624009,casualties,russia
2025-09-09,1293,1086915.2382843005,1047972.4870892324,1127305.4824734407,971885.634726413,1215559.4217836298,casualties,russia
2025-09-08,1292,1085529.350640277,1046934.759636965,1125547.1238869245,970674.8751465349,1213973.912391057,casualties,russia
2025-09-07,1291,1084069.4869080675,1045841.4017357569,1123695.3133733415,969398.824512078,1212304.6019951839,casualties,russia
2025-09-06,1290,1082561.4570334323,1044682.2746816421,1121814.4597899925,968071.2442798669,1210592.0067614133,casualties,russia
2025-09-05,1289,1081084.4186520465,1043544.2260087534,1119975.405523014,966769.3442405583,1208916.6135036047,casualties,russia
2025-09-04,1288,1079578.920728111,1042386.7626169901,1118098.425501451,965442.2780051845,1207209.0420350349,casualties,russia
2025-09-03,1287,1078035.929729981,1041202.71571729,1116172.497868038,964082.0121703811,1205459.133948856,casualties,russia
2025-09-02,1286,1076475.6628644026,1039996.897688535,1114234.325238145,962703.3022574491,1203693.652759349,casualties,russia
2025-09-01,1285,1074921.9059532299,1038765.1408961122,1112337.5523294646,961320.9680068278,1201947.2617904397,casualties,russia
2025-08-31,1284,1073410.9038114005,1037547.6249335136,1110514.1220433505,959970.6875694331,1200256.4084226456,casualties,russia
2025-08-30,1283,1071926.3851150859,1036349.2499015135,1108725.0739373236,958643.1773302971,1198596.3114294813,casualties,russia
2025-08-29,1282,1070482.7146846717,1035155.4616006139,1107015.7199102486,957343.8810846221,1196992.2900414406,casualties,russia
2025-08-28,1281,1069144.0891218265,1034014.5023025024,1105467.2253639672,956129.3275042125,1195517.2316628469,casualties,russia
2025-08-27,1280,1067957.2066127583,1032995.2838356607,1104102.4603334616,955050.0449391793,1194212.3914966984,casualties,russia
2025-08-26,1279,1066855.285535763,1032043.4752897448,1102841.3793195025,954046.2624329301,1193003.155827019,casualties,russia
2025-08-25,1278,1065763.1094169652,1031104.5410902236,1101586.71879417,953052.4654307989,1191803.2299127516,casualties,russia
2025-08-24,1277,1064647.1341193125,1030159.3118111932,1100289.6295521327,952040.7115041207,1190572.532421796,casualties,russia
2025-08-23,1276,1063530.6885587445,1029221.3397069037,1098983.8607430088,951030.444387146,1189338.9245925725,casualties,russia
2025-08-22,1275,1062384.903766764,1028275.4618540329,1097625.9465385452,949997.9790210031,1188067.458124879,casualties,russia
2025-08-21,1274,1061102.2248092836,1027220.977926928,1096101.1374652653,948843.1705434975,1186642.8164493332,casualties,russia
2025-08-20,1273,1059630.9119543475,1025981.7652769764,1094383.8008449038,947510.2990161789,1185018.962145363,casualties,russia
2025-08-19,1272,1058067.9576653887,1024649.0372807558,1092576.985032802,946089.7962016407,1183299.7355476182,casualties,russia
2025-08-18,1271,1056529.8569885818,1023344.279161753,1090791.7318819426,944693.4532219376,1181605.8835945227,casualties,russia
2025-08-17,1270,1054854.1982543534,1021885.6873887697,1088886.4692967322,943162.2267484639,1179773.0601061252,casualties,russia
2025-08-16,1269,1053061.2780321233,1020285.5009864548,1086890.026078724,941513.3944893591,1177825.0581715,casualties,russia
2025-08-15,1268,1051252.3437508454,1018655.627166922,1084892.1983698634,939845.6441569714,1175864.9023448778,casualties,russia
2025-08-14,1267,1049522.7038936845,1017089.0395176108,1082990.672590962,938248.7495118282,1173993.488710745,casualties,russia
2025-08-13,1266,1047905.0796578085,1015620.2288328037,1081216.239934152,936754.2305861556,1172244.582303807,casualties,russia
2025-08-12,1265,1046335.9387799355,1014181.5118211517,1079509.8386164396,935300.8687178954,1170552.6508297436,casualties,russia
2025-08-11,1264,1044773.7406761019,1012732.0369304563,1077829.2311650813,933849.4950675531,1168873.7698436622,casualties,russia
2025-08-10,1263,1043313.8533835348,1011382.9556627609,1076252.8836625495,932494.566347475,1167303.1078500487,casualties,russia
2025-08-09,1262,1041978.0081800683,1010163.2336355918,1074794.7980908477,931258.5522237362,1165861.1641374666,casualties,russia
2025-08-08,1261,1040603.2680037752,1008887.9105021475,1073315.6400606658,929981.4298578231,1164383.6530457167,casualties,russia
2025-08-07,1260,1039215.4923503507,1007596.5488150012,1071826.665662817,928691.1701707575,1162893.4232365498,casualties,russia
2025-08-06,1259,1037811.4750253793,1006283.5472810004,1070327.2161257316,927384.1464797962,1161387.841296367,casualties,russia
2025-08-05,1258,1036431.237300318,1004994.5139176857,1068851.3264728182,926099.7084917478,1159907.2039416227,casualties,russia
2025-08-04,1257,1035127.492379932,1003778.0380315697,1067456.0443898765,924886.7412352753,1158508.2690727455,casualties,russia
2025-08-03,1256,1033877.8559062652,1002598.2167959688,1066133.3822456794,923720.6499321254,1157171.740383175,casualties,russia
2025-08-02,1255,1032659.0972776171,1001443.5679848017,1064847.636870188,922582.3898271875,1155869.4734224493,casualties,russia
2025-08-01,1254,1031476.4988577178,1000319.4408571897,1063604.011051296,921477.0080690279,1154606.973601396,casualties,russia
2025-07-31,1253,1030319.3713050702,999205.8778354146,1062401.6844628002,920392.0297372061,1153375.9380229893,casualties,russia
2025-07-30,1252,1029174.5644812606,998093.7882811723,1061223.2013050742,919316.030854862,1152161.2423735163,casualties,russia
2025-07-29,1251,1027963.2837647221,996903.6297127286,1059990.6386075274,918174.2158365482,1150880.208755331,casualties,russia
2025-07-28,1250,1026687.4412991873,995646.9866971523,1058695.6205614344,916970.8117206533,1149531.817905225,casualties,russia
2025-07-27,1249,1025400.0080421974,994380.2272331433,1057387.4561288436,915756.8390277335,1148170.7312852023,casualties,russia
2025-07-26,1248,1024095.4355589343,993093.5284376952,1056065.1466351673,914525.9736715421,1146792.4513838198,casualties,russia
2025-07-25,1247,1022837.1978311995,991858.0366571962,1054783.9466580157,913340.2400467878,1145461.360328071,casualties,russia
2025-07-24,1246,1021602.695220959,990643.7421910751,1053529.1582033671,912176.3808007711,1144156.006386076,casualties,russia
2025-07-23,1245,1020433.1674596716,989497.2779585414,1052336.2447009962,911074.7879365031,1142918.0975042428,casualties,russia
2025-07-22,1244,1019388.0477393883,988479.2692177697,1051263.3138243933,910092.0357230402,1141809.7983451406,casualties,russia
2025-07-21,1243,1018391.9519898199,987504.4965602941,1050245.5145612145,909154.2804380875,1140754.875665934,casualties,russia
2025-07-20,1242,1017360.3019748415,986490.3799806873,1049196.2271717999,908181.9521138804,1139663.6906453571,casualties,russia
2025-07-19,1241,1016287.3389321761,985430.9639383454,1048109.9084129739,907169.5511231524,1138530.2435472284,casualties,russia
2025-07-18,1240,1015139.5363059392,984289.324806908,1046956.6792179344,906084.4886252576,1137320.3174618029,casualties,russia
2025-07-17,1239,1013940.6919718432,983093.148120341,1045756.1806198537,904950.2645708511,1136057.7409924269,casualties,russia
2025-07-16,1238,1012682.694457692,981830.0731220507,1044504.8284887883,903758.1351901363,1134735.3127237267,casualties,russia
2025-07-15,1237,1011375.4455820732,980508.5234985369,1043214.0900836238,902517.1021845766,1133363.9231207883,casualties,russia
2025-07-14,1236,1010049.8717234717,979164.2971736467,1041909.67989188,901257.659569441,1131974.5931838155,casualties,russia
2025-07-13,1235,1008750.7351125486,977844.0491648016,1040634.3046624373,900022.6613278291,1130613.8350928996,casualties,russia
2025-07-12,1234,1007441.2200669004,976505.683929646,1039356.8082261413,898775.9291453549,1129244.5722806612,casualties,russia
2025-07-11,1233,1006145.7541868202,975183.3189588177,1038091.279085144,897543.0227953518,1127889.4522707043,casualties,russia
2025-07-10,1232,1004795.3411283571,973802.4718807461,1036774.6339537138,896257.2521954121,1126477.5929697058,casualties,russia
2025-07-09,1231,1003366.3432968718,972336.677076311,1035386.2725357066,894895.5292691381,1124985.0144264612,casualties,russia
2025-07-08,1230,1001886.5842739088,970820.8847484153,1033946.4019022966,893485.9865030203,1123438.7434189604,casualties,russia
2025-07-07,1229,1000365.2797933922,969267.8949142926,1032460.4058097756,892038.2630710042,1121847.3250359572,casualties,russia
2025-07-06,1228,998851.4240194774,967725.2687837841,1030978.7548568198,890598.3649276466,1120262.7904636415,casualties,russia
2025-07-05,1227,997389.4994570673,966238.251568693,1029545.077751553,889208.572805285,1118731.7374795906,casualties,russia
2025-07-04,1226,995996.210336575,964824.6409781058,1028174.8858540963,887884.9838141549,1117271.3796612325,casualties,russia
2025-07-03,1225,994716.3040259611,963538.1584645128,1026903.3184015534,886672.2198980345,1115925.9592845172,casualties,russia
2025-07-02,1224,993514.0438034686,962336.4073675459,1025701.7731339036,885534.7684753436,1114659.987135153,casualties,russia
2025-07-01,1223,992336.3158291157,961158.4579909706,1024525.5194586412,884420.3810097472,1113420.0469014195,casualties,russia
2025-06-30,1222,991193.7213597806,960017.3144246509,1023382.5818476345,883339.6991545011,1112216.5263035859,casualties,russia
2025-06-29,1221,990067.9395432228,958894.9240365488,1022254.373048637,882275.4537076766,1111030.0526928538,casualties,russia
2025-06-28,1220,988917.3642012589,957752.421306812,1021096.4100810142,881188.9831536991,1109815.934293158,casualties,russia
2025-06-27,1219,987729.8977360708,956570.7039066793,1019904.0735632177,880067.0517519828,1108563.684801213,casualties,russia
2025-06-26,1218,986432.5502800508,955264.7979078674,1018617.2322253986,878837.5530546758,1107200.2993058558,casualties,russia
2025-06-25,1217,985109.178229677,953935.1830209297,1017301.9293665222,877584.0687496549,1105808.7257819802,casualties,russia
2025-06-24,1216,983836.1882095952,952663.2066798375,1016029.2206765075,876380.1382539995,1104467.8354146823,casualties,russia
2025-06-23,1215,982547.1329604444,951371.816441044,1014744.0382573294,875160.1916889962,1103111.0721057723,casualties,russia
2025-06-22,1214,981242.8164191386,950061.3480078978,1013447.6862090711,873924.8686033093,1101739.4362605938,casualties,russia
2025-06-21,1213,979943.8495441885,948753.8496123393,1012159.2219543511,872694.0372856256,1100374.1672321458,casualties,russia
2025-06-20,1212,978638.2495052103,947441.8789736636,1010861.8289424866,871457.5300602894,1099001.1719599434,casualties,russia
2025-06-19,1211,977415.0854137767,946223.3489148422,1009635.0473507165,870301.8606348797,1097711.3980418495,casualties,russia
2025-06-18,1210,976200.3652892888,945010.7656531734,1008419.3687366467,869153.5780831546,1096431.2881332329,casualties,russia
2025-06-17,1209,974908.3199144668,943713.6999551744,1007134.0914688376,867930.3639448751,1095072.0212861237,casualties,russia
2025-06-16,1208,973639.3509814045,942436.466686611,1005875.3332540892,866728.1712888323,1093738.0872538842,casualties,russia
2025-06-15,1207,972363.6413976528,941146.2216510811,1004616.5447809212,865518.0173966644,1092399.0724684063,casualties,russia
2025-06-14,1206,971076.0041604227,939834.1568011664,1003356.4155365604,864294.0555347927,1091050.705053651,casualties,russia
2025-06-13,1205,969757.5149191964,938478.2927318813,1002079.3039500355,863037.6016665989,1089674.0464576294,casualties,russia
2025-06-12,1204,968366.3778404343,937035.0826468178,1000745.3364360074,861708.6717517481,1088225.6560856532,casualties,russia
2025-06-11,1203,966925.9685625623,935530.6035895783,999374.9901821378,860330.0482593093,1086729.3078473592,casualties,russia
2025-06-10,1202,965480.5222581653,934016.327588666,998004.7244308975,858945.4327130498,1085229.235232578,casualties,russia
2025-06-09,1201,963954.0653591645,932417.2003399176,996557.667444737,857483.2295816562,1083645.0993966295,casualties,russia
2025-06-08,1200,962451.3357911834,930846.2915868779,995129.5336893145,856044.6366152536,1082084.4969453197,casualties,russia
2025-06-07,1199,960924.4115065662,929257.0216417927,993671.0271258409,854584.698127865,1080496.5024269363,casualties,russia
2025-06-06,1198,959404.4070834233,927681.3632382532,992212.3003497513,853133.0769439612,1078913.5815728647,casualties,russia
2025-06-05,1197,957952.9066661062,926189.4009273808,990805.7671724653,851750.244003809,1077397.7672356754,casualties,russia
2025-06-04,1196,956569.4903575017,924780.776353709,989450.9397244849,850435.8195758221,1075948.5928730236,casualties,russia
2025-06-03,1195,955259.6563239712,923462.6653946624,988151.5031618228,849195.4589746885,1074571.2645479285,casualties,russia
2025-06-02,1194,954041.104901091,922256.7243821503,986920.8977165328,848046.9422979187,1073283.1000636586,casualties,russia
2025-06-01,1193,952854.7921235089,921108.0251750288,985695.7425747763,846935.5230841619,1072020.5299082792,casualties,russia
2025-05-31,1192,951747.2144270282,920068.8088548072,984516.3368628492,845906.6514302881,1070830.6483879,casualties,russia
2025-05-30,1191,950623.8150443055,919017.2086697313,983317.4458422911,844863.7908082481,1069622.884240876,casualties,russia
2025-05-29,1190,949495.1640143348,917955.2106686691,982118.8132911402,843814.6523579939,1068411.258621059,casualties,russia
2025-05-28,1189,948352.9991326319,916878.5723033048,980907.8860223533,842752.4900589703,1067185.7203026835,casualties,russia
2025-05-27,1188,947178.7705133345,915764.3532973651,979670.8359467435,841658.6062687674,1065928.1971894521,casualties,russia
2025-05-26,1187,945935.108627268,914567.6871482512,978378.3607086702,840495.714340459,1064601.8040746392,casualties,russia
2025-05-25,1186,944664.8792915836,913331.9125073267,977072.7678433597,839304.440110179,1063251.5659561802,casualties,russia
2025-05-24,1185,943393.9908519853,912080.5868610202,975782.4448895216,838108.6711686279,1061905.5434481094,casualties,russia
2025-05-23,1184,942143.7272564747,910853.4291650531,974508.9339041292,836933.3714212241,1060580.0332238057,casualties,russia
2025-05-22,1183,940884.8455936603,909638.0688140041,973204.9753406856,835755.3090753966,1059238.631186318,casualties,russia
2025-05-21,1182,939646.420379584,908461.0077631527,971902.3637022596,834601.2667786843,1057912.85474139,casualties,russia
2025-05-20,1181,938416.4055565629,907298.07985938,970602.0306029872,833456.704508997,1056594.0098570467,casualties,russia
2025-05-19,1180,937166.3699638919,906111.6991452898,969285.3680956732,832292.4003976114,1055255.1226895934,casualties,russia
2025-05-18,1179,935853.6988959427,904851.9940780818,967917.5786445541,831066.180113864,1053853.694889482,casualties,russia
2025-05-17,1178,934513.6232841474,903564.7413480179,966522.5706683635,829814.0656321812,1052423.3919110897,casualties,russia
2025-05-16,1177,933189.169595129,902297.8008800697,965138.1484887302,828577.9762000086,1051007.9627717664,casualties,russia
2025-05-15,1176,931874.954099264,901029.1781362465,963776.7052948207,827348.4830252521,1049607.2368397121,casualties,russia
2025-05-14,1175,930586.875459455,899779.4264845981,962449.1396475484,826141.8152284159,1048236.4380135192,casualties,russia
2025-05-13,1174,929306.2120439631,898537.2285762917,961128.8323031523,824942.2271962087,1046873.3721048184,casualties,russia
2025-05-12,1173,928103.1270783644,897389.8187130167,959867.607079569,823820.4108828706,1045586.4105184404,casualties,russia
2025-05-11,1172,926982.1421457857,896338.2296189407,958673.710901385,822779.7202948134,1044381.4799581835,casualties,russia
2025-05-10,1171,925868.4229294503,895285.4842787721,957496.0792892904,821743.7449323387,1043186.9444300041,casualties,russia
2025-05-09,1170,924744.8755430398,894206.2565751094,956326.4426023366,820694.2276862088,1041987.4646166863,casualties,russia
2025-05-08,1169,923573.7084898361,893061.6819296252,955128.2053557086,819595.2033831284,1040743.5415625273,casualties,russia
2025-05-07,1168,922318.8658800088,891809.4153279572,953872.0874397458,818410.986766086,1039419.2323318932,casualties,russia
2025-05-06,1167,921025.9647805319,890505.871326889,952592.1034481975,817187.4525893161,1038059.0947803538,casualties,russia
2025-05-05,1166,919697.901341045,889151.1461329319,951294.1383179821,815926.6177493087,1036667.0939068315,casualties,russia
2025-05-04,1165,918309.4187092728,887719.8113835488,949953.1519920276,814604.5897875672,1035216.6509446597,casualties,russia
2025-05-03,1164,916855.3932357247,886211.4388044055,948559.0200998384,813217.7275100738,1033700.8531474464,casualties,russia
2025-05-02,1163,915380.8976548075,884683.3198098708,947143.692755401,811811.7439982344,1032163.2321638587,casualties,russia
2025-05-01,1162,913928.0219414943,883185.8016249628,945740.3659176399,810428.5370053914,1030645.4368740517,casualties,russia
2025-04-30,1161,912532.8132188345,881756.4007077658,944383.4673541234,809102.5169379454,1029185.0049598567,casualties,russia
2025-04-29,1160,911157.4936011453,880344.561866793,943048.9448028223,807794.6876501779,1027746.3228416578,casualties,russia
2025-04-28,1159,909762.8022969802,878905.6127239426,941703.3831890419,806466.5680890222,1026289.780529322,casualties,russia
2025-04-27,1158,908355.7360844498,877449.5316115445,940350.5814566469,805125.5361297092,1024821.777753161,casualties,russia
2025-04-26,1157,906978.3464302683,876022.8098987386,939027.7892552288,803812.4391234712,1023385.2122553261,casualties,russia
2025-04-25,1156,905595.6650510393,874584.2225750935,937706.7898774737,802492.61494457,1021945.3014834542,casualties,russia
2025-04-24,1155,904212.225788146,873134.5847711955,936396.0951129199,801169.3607707152,1020508.0763023989,casualties,russia
2025-04-23,1154,902782.2935665792,871626.6242983195,935051.6852983471,799799.0798991548,1019025.8366369669,casualties,russia
2025-04-22,1153,901334.7832475269,870101.7956500928,933688.9899421064,798412.3957620116,1017524.8443029504,casualties,russia
2025-04-21,1152,899928.3784178668,868629.8066653276,932354.7781196571,797067.6520338595,1016063.2374075865,casualties,russia
2025-04-20,1151,898562.910615013,867208.267224132,931051.2626611656,795764.0994348498,1014641.588286749,casualties,russia
2025-04-19,1150,897202.9210825987,865796.9851894443,929748.1152823739,794467.0041670126,1013224.1070481808,casualties,russia
2025-04-18,1149,895876.6906968565,864431.9770494029,928465.2687685618,793205.140996454,1011837.9701362323,casualties,russia
2025-04-17,1148,894562.3777461709,863100.9721079739,927170.6156406892,791960.50287910935,1010456.8022823595,casualties,russia
2025-04-16,1147,893298.3147779759,861857.8838712575,925885.6947579972,790773.4570156689,1009115.6904115031,casualties,russia
2025-04-15,1146,892080.0190879051,860684.1055128159,924621.196271563,789635.9673985245,1007814.7557038958,casualties,russia
2025-04-14,1145,890850.6326102666,859510.9547618156,923333.0362554413,788491.1982552924,1006498.0631828198,casualties,russia
2025-04-13,1144,889615.8620040144,858344.5828775257,922026.4363455821,787344.6505179999,1005171.4853911342,casualties,russia
2025-04-12,1143,888427.5120943914,857255.2458668868,920733.3197644982,786250.1244064898,1003883.4041947008,casualties,russia
2025-04-11,1142,887262.6312808574,856214.7306287092,919436.422319475,785184.5207307973,1002611.4397370849,casualties,russia
2025-04-10,1141,886142.9544729178,855221.1609554589,918182.8079300155,784162.01058749,1001386.6151370287,casualties,russia
2025-04-09,1140,884997.9143193216,854174.7418121037,916933.3799721852,783108.2536664051,1000144.375791444,casualties,russia
2025-04-08,1139,883842.0208085888,853104.8689302036,915686.6449360314,782040.915745146,998894.9573274181,casualties,russia
2025-04-07,1138,882694.5655504952,852052.7528634425,914438.3445505066,780983.9917307487,997651.3156630975,casualties,russia
2025-04-06,1137,881554.2037711659,851012.7374235535,913191.7632317463,779935.0715964497,996413.4896298435,casualties,russia
2025-04-05,1136,880404.3266171706,849949.1171564637,911950.8099791933,778873.4330461292,995170.4063544328,casualties,russia
2025-04-04,1135,879276.7744272191,848889.4960762069,910751.8219053324,777828.0187114131,993957.0687475293,casualties,russia
2025-04-03,1134,878094.4413479565,847762.6582504201,909511.4648903814,776727.7148249864,992690.0305330832,casualties,russia
2025-04-02,1133,876920.6681471955,846648.7017198988,908275.0177894577,775636.6768680012,991430.5176952454,casualties,russia
2025-04-01,1132,875741.2475695744,845531.1754553153,907030.700795978,774540.9009994541,990164.3019585081,casualties,russia
2025-03-31,1131,874565.7921666111,844400.3046795047,905808.9179513876,773444.3406896016,988908.063503034,casualties,russia
2025-03-30,1130,873392.5915063773,843270.6608770821,904590.4902157602,772349.659682545,987654.52808577,casualties,russia
2025-03-29,1129,872238.5363958927,842160.7679482378,903390.5347574559,771273.214191423,986420.9822883231,casualties,russia
2025-03-28,1128,871073.0835513467,841036.4031242584,902182.4932878504,770185.2574590177,985176.3888603764,casualties,russia
2025-03-27,1127,869919.0522933501,839915.8403919355,900994.0325953962,769106.1365179718,983946.3449687148,casualties,russia
2025-03-26,1126,868724.626380593,838741.0835360597,899780.0377422133,767985.3863901753,982678.1993986224,casualties,russia
2025-03-25,1125,867488.0133386715,837507.8947190951,898541.3474430064,766820.6665595149,981370.8937499172,casualties,russia
2025-03-24,1124,866217.9957620259,836238.5909098601,897272.2062401852,765623.8034033027,980029.1618754537,casualties,russia
2025-03-23,1123,864927.7629749269,834931.8608341501,896001.3455063826,764403.4374943465,978671.7873278838,casualties,russia
2025-03-22,1122,863627.1638329847,833614.7514764355,894720.1390962381,763173.3611687218,977303.3968355269,casualties,russia
2025-03-21,1121,862315.7293910378,832291.1707020797,893423.4289763386,761934.2651630065,975922.0487043359,casualties,russia
2025-03-20,1120,861046.3564178105,831027.7828160318,892149.2724804675,760739.5892272221,974579.0287364987,casualties,russia
2025-03-19,1119,859839.0090401527,829840.0400861403,890922.4507412986,759606.9743232771,973296.9325104674,casualties,russia
2025-03-18,1118,858692.6619947565,828732.8644582178,889735.547012446,758537.0188456413,972072.6656612549,casualties,russia
2025-03-17,1117,857575.0257927959,827656.015028203,888575.5824362607,757494.5877902955,970878.1426961682,casualties,russia
2025-03-16,1116,856490.9430183831,826613.9390774133,887447.8171486206,756484.1387663214,969718.614097709,casualties,russia
2025-03-15,1115,855403.4468140762,825554.1252918988,886332.0233597788,755466.7568383345,968560.2540086665,casualties,russia
2025-03-14,1114,854290.0000748025,824453.8533104354,885205.8933084625,754421.1670728066,967379.3065833075,casualties,russia
2025-03-13,1113,853125.8133396936,823278.6781823619,884055.0446989017,753321.4730214118,966152.8397760324,casualties,russia
2025-03-12,1112,851912.6030331382,822037.9892200581,882872.9661942152,752171.2835231307,964880.1216155178,casualties,russia
2025-03-11,1111,850647.3575405071,820720.4855415353,881665.5585470614,750965.577026879,963560.7746194612,casualties,russia
2025-03-10,1110,849374.7079832024,819392.3505138522,880454.2303230946,749752.0961891504,962234.6495735501,casualties,russia
2025-03-09,1109,848072.7452382247,818044.6705173936,879203.133548267,748513.6350848816,960874.1858684336,casualties,russia
2025-03-08,1108,846759.782493986,816709.8254012361,877915.4370396885,747271.1562817189,959493.9692694838,casualties,russia
2025-03-07,1107,845469.7401772029,815429.1510394415,876617.0519619249,746058.5452972138,958127.3640363956,casualties,russia
2025-03-06,1106,844201.1747412116,814193.7008692548,875314.6024929475,744872.4604514275,956775.390641668,casualties,russia
2025-03-05,1105,842942.1413325651,812985.3795982529,874002.7615932748,743700.0608433986,955427.4672808399,casualties,russia
2025-03-04,1104,841689.0971606415,811790.6553724677,872688.7197616604,742535.40307235,954083.197341822,casualties,russia
2025-03-03,1103,840396.2918880759,810547.8050824251,871343.9642565268,741331.1569617536,952699.6725053709,casualties,russia
2025-03-02,1102,839022.6692170256,809210.5632235542,869933.1005356571,740047.2774205564,951235.2737613195,casualties,russia
2025-03-01,1101,837605.7904853718,807802.4994814687,868508.6863012417,738715.4267934904,949734.4732541381,casualties,russia
2025-02-28,1100,836125.7403558149,806296.3485747282,867058.7390947262,737314.9260683388,948178.7011770759,casualties,russia
2025-02-27,1099,834602.2065262737,804733.7091078631,865579.360529906,735870.1118517895,946581.319554197,casualties,russia
2025-02-26,1098,833051.8333908437,803145.117367916,864072.2358731733,734400.3325398795,944955.2010131801,casualties,russia
2025-02-25,1097,831480.695020267,801559.0178856619,862519.3630372641,732917.239585012,943299.1331425945,casualties,russia
2025-02-24,1096,829910.7193267785,799993.3536774013,860946.9242303353,731440.4234528637,941637.6540781648,casualties,russia
2025-02-23,1095,828383.2915847294,798474.5551537735,859412.3380296751,730004.8871348816,940019.6176068445,casualties,russia
2025-02-22,1094,826861.4341754452,796973.9450636982,857869.7422100969,728578.0157987876,938403.0930574031,casualties,russia
2025-02-21,1093,825366.9595284207,795531.1253096645,856321.7671369803,727185.0661067445,936805.0553461125,casualties,russia
2025-02-20,1092,823914.3140723285,794154.1284304585,854789.7405525355,725837.9052933861,935243.0004923296,casualties,russia
2025-02-19,1091,822511.3529868623,792838.7677350765,853294.4668711266,724540.7236229205,933729.3591706182,casualties,russia
2025-02-18,1090,821126.7135160227,791524.7636337087,851835.7462828098,723256.3584758013,932240.8161511857,casualties,russia
2025-02-17,1089,819759.2881224325,790217.7296326498,850405.2402349801,721985.5452334925,930773.9096345899,casualties,russia
2025-02-16,1088,818404.1485410146,788927.97252789,848981.6299084848,720727.6839373285,929318.2240969371,casualties,russia
2025-02-15,1087,817070.8798673226,787660.2662335536,847579.6657554883,719490.5081567368,927885.5524404387,casualties,russia
2025-02-14,1086,815740.0474837634,786376.35943712,846200.1937079265,718250.7573031603,926461.7510175251,casualties,russia
2025-02-13,1085,814367.7782975332,785041.7208223281,844789.3448041676,716969.6230670899,924997.2206585205,casualties,russia
2025-02-12,1084,812997.0814208827,783715.2108121162,843373.0097318017,715691.7328484236,923532.0874253535,casualties,russia
2025-02-11,1083,811640.4424982145,782426.8515787865,841944.7932268038,714433.4315862048,922073.6315170208,casualties,russia
2025-02-10,1082,810300.6960642053,781167.5685995525,840520.3389512781,713194.2569099892,920628.8870521118,casualties,russia
2025-02-09,1081,808979.5262000363,779937.6821029497,839102.7988837279,711975.4170832312,919200.1184345596,casualties,russia
2025-02-08,1080,807634.7301420689,778703.0676946621,837641.3458913557,710739.2896582653,917739.9897957073,casualties,russia
2025-02-07,1079,806292.6004700956,777486.7524940049,836165.7439063961,709509.7722395392,916277.3984655512,casualties,russia
2025-02-06,1078,804946.1307220765,776281.2204232048,834669.5629000879,708280.0661736114,914805.1961985955,casualties,russia
2025-02-05,1077,803566.5205297761,775046.7929061839,833135.7518434854,707020.2151300679,913296.6082182109,casualties,russia
2025-02-04,1076,802192.0303925643,773803.7868858976,831621.7938139281,705761.6320063341,911798.0298043902,casualties,russia
2025-02-03,1075,800794.951422666,772537.0442477798,830086.5215556229,704481.5161703328,910275.9303560375,casualties,russia
2025-02-02,1074,799303.008226075,771190.0015010177,828440.888453597,703115.8864743757,908648.6687884849,casualties,russia
2025-02-01,1073,797848.9876087063,769865.4606309537,826849.7111507301,701781.9539965388,907066.6750811908,casualties,russia
2025-01-31,1072,796414.2400575996,768563.696959751,825274.0359791742,700466.9984023568,905503.9853276014,casualties,russia
2025-01-30,1071,795007.7698424872,767285.2976973746,823731.9035479458,699177.3179537291,903972.9317935025,casualties,russia
2025-01-29,1070,793626.1805897993,766028.0944606151,822218.6000861112,697910.0391618914,902469.5051800543,casualties,russia
2025-01-28,1069,792252.4048539201,764789.6169738,820701.4009168902,696652.8301515738,900970.8375281161,casualties,russia
2025-01-27,1068,790911.6770806395,763591.5222748708,819209.3545370719,695428.4797915138,899504.8493871514,casualties,russia
2025-01-26,1067,789660.204908337,762470.1932627596,817819.87875401,694284.825738489,898137.5146328114,casualties,russia
2025-01-25,1066,788366.1452838628,761303.250940302,816391.1173999038,693100.4374782741,896726.0100549081,casualties,russia
2025-01-24,1065,787044.5785542859,760099.4123746818,814944.9672862329,691887.8704734312,895288.3971822729,casualties,russia
2025-01-23,1064,785724.8686586616,758893.0824544017,813505.3525189639,690675.944858903,893854.1877000139,casualties,russia
2025-01-22,1063,784398.6089077052,757678.2188729,812061.3412488876,689457.3455636471,892413.7210135093,casualties,russia
2025-01-21,1062,783067.0380795072,756454.0483733733,810616.3226069601,688232.7636509909,890968.922460596,casualties,russia
2025-01-20,1061,781694.6723525224,755182.1418129312,809138.0094044405,686968.1699848007,889483.1007896614,casualties,russia
2025-01-19,1060,780322.8013193427,753900.5200541758,807671.1360773408,685701.583098061,888000.9986837826,casualties,russia
2025-01-18,1059,778948.1446504303,752624.1337775856,806192.8902614751,684434.3713172454,886513.3823068567,casualties,russia
2025-01-17,1058,777599.0361999965,751371.2591473019,804742.3461393263,683190.6990369811,885053.4431708782,casualties,russia
2025-01-16,1057,776255.1811297012,750115.7030215807,803305.5551976262,681950.0648599748,883601.5394938994,casualties,russia
2025-01-15,1056,774902.5736303563,748845.4332701685,801866.4145898646,680699.7938140025,882142.2090793164,casualties,russia
2025-01-14,1055,773538.8218101022,747556.8242328214,800423.8514392137,679437.3693934246,880673.269810464,casualties,russia
2025-01-13,1054,772205.2675876804,746297.1615955399,799012.7926330968,678203.037060208,879236.6930768302,casualties,russia
2025-01-12,1053,770866.1233067411,745038.1494962026,797589.4724344072,676964.9879347755,877792.2201159864,casualties,russia
2025-01-11,1052,769560.0877257953,743808.5138606625,796203.2205092355,675757.1681053453,876383.9673274927,casualties,russia
2025-01-10,1051,768206.8712229958,742531.5603969808,794769.991814642,674505.0827253489,874925.6790421645,casualties,russia
2025-01-09,1050,766842.453157476,741241.2336374915,793327.9008368753,673242.0191708754,873456.1320036867,casualties,russia
2025-01-08,1049,765456.6896178399,739932.8647196001,791860.959147997,671959.741924442,871962.9020575199,casualties,russia
2025-01-07,1048,764056.6059194007,738604.4032711497,790385.8913101116,670662.7296269027,870456.1873631801,casualties,russia
2025-01-06,1047,762628.283932978,737243.8181642562,788886.7785522941,669338.3546352403,868920.6634778423,casualties,russia
2025-01-05,1046,761191.8074999809,735873.5136915437,787381.1984040522,668006.0082038589,867376.9231681752,casualties,russia
2025-01-04,1045,759742.36943327,734493.9150415612,785858.750432127,666662.4097670807,865818.2701624859,casualties,russia
2025-01-03,1044,758339.2259944067,733164.7883169086,784378.0752565896,665363.2848277731,864307.393415116,casualties,russia
2025-01-02,1043,756949.0185696722,731853.0794596697,782905.5283059527,664077.3956257958,862808.8276120375,casualties,russia
2025-01-01,1042,755535.3400172924,730522.823692886,781404.2786624575,662770.6679410359,861283.8462917127,casualties,russia
2024-12-31,1041,754147.1236522536,729225.3522039689,779920.6300650764,661489.5935539105,859783.5987182383,casualties,russia
2024-12-30,1040,752674.2643700484,727862.1628975105,778332.2082431797,660133.5534326115,858187.8106152986,casualties,russia
2024-12-29,1039,751188.5582777518,726486.3332669446,776730.7414205712,658765.545509346,856578.3028776308,casualties,russia
2024-12-28,1038,749708.3683029497,725111.0022959401,775140.1552929989,657401.5858205634,854976.1276048189,casualties,russia
2024-12-27,1037,748219.4771464559,723721.7454185248,773546.4678267754,656028.3044326002,853366.2462756797,casualties,russia
2024-12-26,1036,746714.4516137706,722312.5615105359,771940.7225299291,654639.0688381945,851740.3325031657,casualties,russia
2024-12-25,1035,745235.8766955109,720917.242207268,770374.8566542848,653271.7953013175,850146.2062118237,casualties,russia
2024-12-24,1034,743724.3251905971,719487.5713035025,768777.5232348138,651873.3511696721,848517.4268391577,casualties,russia
2024-12-23,1033,742314.9838785327,718137.9180755381,767306.0033042635,650565.7307920092,847003.6724026473,casualties,russia
2024-12-22,1032,740897.1776431372,716777.586790406,765828.3940766744,649249.7413062857,845481.518625375,casualties,russia
2024-12-21,1031,739481.8741938872,715415.9539973519,764357.3497227818,647935.3015592109,843963.0792210569,casualties,russia
2024-12-20,1030,738057.685623085,714043.8541659351,762879.1205145936,646612.247462201,842435.6010531638,casualties,russia
2024-12-19,1029,736628.0960853724,712662.2264625456,761399.9057462619,645283.2742750471,840903.528260233,casualties,russia
2024-12-18,1028,735185.5605344893,711265.6440232411,759909.9058170054,643941.7984995352,839358.2164160213,casualties,russia
2024-12-17,1027,733760.0776406289,709881.8460172381,758441.4995756017,642615.4206604587,837832.187551529,casualties,russia
2024-12-16,1026,732319.0933147465,708482.3221883978,756957.8494072808,641274.5485747405,836289.6807899732,casualties,russia
2024-12-15,1025,730870.9858800117,707071.840004688,755471.1817544645,639926.2279229732,834740.6461257706,casualties,russia
2024-12-14,1024,729414.3740060121,705648.1540144024,753981.0412687956,638568.9615859879,833183.8799280371,casualties,russia
2024-12-13,1023,727960.9372265897,704221.3361168347,752500.8130372902,637213.3324579315,831632.258194063,casualties,russia
2024-12-12,1022,726491.3718420855,702776.2866999637,751006.7237121784,635842.2117417018,830064.033287754,casualties,russia
2024-12-11,1021,725024.3034256306,701328.2719711392,749520.9679478662,634472.2965634,828499.9721240241,casualties,russia
2024-12-10,1020,723541.7048057383,699859.2562466799,748025.5506036417,633086.6910683375,826920.9372922926,casualties,russia
2024-12-09,1019,722065.5322799176,698387.7218884059,746546.1187722946,631705.1736136801,825351.2836043561,casualties,russia
2024-12-08,1018,720607.2107496643,696923.8849742373,745095.377628999,630338.1781163012,823803.5001894103,casualties,russia
2024-12-07,1017,719148.2456965414,695452.5526467061,743651.3310391922,628969.1055163929,822256.994000062,casualties,russia
2024-12-06,1016,717687.3831294912,693972.6503018636,742212.5391054613,627596.814067426,820710.3920927988,casualties,russia
2024-12-05,1015,716214.5238589798,692475.1735412779,740767.7434117936,626212.1112958622,819152.622458874,casualties,russia
2024-12-04,1014,714764.4718462754,690989.8426162949,739357.1528599405,624846.4098231856,817622.2075257859,casualties,russia
2024-12-03,1013,713314.8446081504,689499.134543897,737953.2163945021,623479.8496401566,816093.9292098247,casualties,russia
2024-12-02,1012,711866.8050946459,688002.6230790829,736558.8067196015,622113.1281987571,814569.5370605272,casualties,russia
2024-12-01,1011,710422.938155774,686510.9289773472,735167.8949946734,620750.5273377035,813049.3398578134,casualties,russia
2024-11-30,1010,708949.5055855857,685000.340825226,733736.041827519,619362.7743963234,811494.4526961764,casualties,russia
2024-11-29,1009,707424.8662359099,683452.3801959216,732238.2415068097,617930.3554152122,809880.9016700845,casualties,russia
2024-11-28,1008,705887.0054196735,681888.1087689562,730730.567770215,616484.9354010432,808254.1659386476,casualties,russia
2024-11-27,1007,704331.8331742962,680309.4302128139,729202.5175021741,615024.0476855183,806608.1109827323,casualties,russia
2024-11-26,1006,702763.0290053685,678718.6563084007,727659.2285889154,613550.8348735052,804947.0446222016,casualties,russia
2024-11-25,1005,701186.518275479,677117.4922575863,726111.1544108678,612069.8358574657,803278.5883309488,casualties,russia
2024-11-24,1004,699611.6005311911,675525.784319127,724556.2472876854,610592.2562182696,801609.3340879991,casualties,russia
2024-11-23,1003,698049.4428983841,673939.3147524121,723022.1634847592,609124.9644203717,799955.8567418371,casualties,russia
2024-11-22,1002,696527.0928422041,672392.532323706,721527.9678758502,607695.0095358896,798344.6230889392,casualties,russia
2024-11-21,1001,695037.2645411276,670878.6795022084,720065.8394893804,606295.6513796056,796767.7937916872,casualties,russia
2024-11-20,1000,693563.0870515963,669369.7278799519,718630.9138088967,604908.4644132721,795210.9015307953,casualties,russia
2024-11-19,999,692099.0047135049,667859.979092204,717217.8040578498,603528.203542186,793668.1055196184,casualties,russia
2024-11-18,998,690629.6744961804,666339.8964593925,715804.9713934553,602141.8344539055,792121.3612192557,casualties,russia
2024-11-17,997,689162.4871589111,664797.9142200055,714420.1517975593,600751.8088234623,790584.3922928744,casualties,russia
2024-11-16,996,687658.8480744708,663209.2296605589,713009.9981011733,599325.2808708856,789011.8861547366,casualties,russia
2024-11-15,995,686154.7858734527,661600.0198610238,711621.0746787722,597893.6082897893,787445.2338819318,casualties,russia
2024-11-14,994,684654.4828095026,659984.1947869764,710247.1359302055,596462.9356121077,785885.95390461,casualties,russia
2024-11-13,993,683144.5771094663,658369.1642773477,708852.4927315739,595025.743589335,784313.2796444675,casualties,russia
2024-11-12,992,681636.3789248187,656776.0502287479,707437.8490651422,593595.0470476383,782736.0214275353,casualties,russia
2024-11-11,991,680113.0261046622,655192.5446896779,705981.45152488,592156.2075431816,781134.7528260008,casualties,russia
2024-11-10,990,678547.209325333,653597.5852247113,704449.2763777656,590685.2667550587,779478.3405000994,casualties,russia
2024-11-09,989,677018.167720465,652044.1938226614,702948.6963088375,589249.9365844149,777859.484651855,casualties,russia
2024-11-08,988,675433.9203572575,650461.8229115587,701364.7393396832,587769.5028519192,776173.3615597874,casualties,russia
2024-11-07,987,673863.4913209656,648915.753802284,699770.3561264303,586307.5728193136,774494.606777845,casualties,russia
2024-11-06,986,672310.27471966,647391.0580572014,698188.6820284456,584862.8545338508,772832.7239158675,casualties,russia
2024-11-05,985,670743.4488410038,645837.5407935365,696609.8374127424,583401.7980229944,771161.1885065992,casualties,russia
2024-11-04,984,669189.1706054315,644281.8566663062,695059.4092901611,581948.9592016949,769507.6899988741,casualties,russia
2024-11-03,983,667680.2658814401,642760.7220094786,693565.9679114175,580535.983149967,767905.8736916082,casualties,russia
2024-11-02,982,666159.1234663649,641232.310740898,692054.9753990686,579112.881205375,766289.3522840316,casualties,russia
2024-11-01,981,664666.1734303094,639723.6984620652,690581.1935908751,577714.1907116859,764705.4347954596,casualties,russia
2024-10-31,980,663137.2279810731,638175.0916702328,689075.7953193843,576280.9962950563,763084.4056179157,casualties,russia
2024-10-30,979,661607.441828208,636624.9026462275,687570.3771502863,574846.9151895782,761462.6607947843,casualties,russia
2024-10-29,978,660099.6858025858,635116.1979474729,686065.9638779648,573438.3122440971,759857.9252032639,casualties,russia
2024-10-28,977,658598.2587706207,633641.6562280557,684537.8127044432,572042.6032470008,758250.7144842499,casualties,russia
2024-10-27,976,657109.4043645747,632198.412088583,683001.9901497678,570663.3511092487,756650.6699565582,casualties,russia
2024-10-26,975,655633.3571213508,630790.2738544667,681454.8732301336,569301.6538852204,755056.8780308221,casualties,russia
2024-10-25,974,654197.9159436926,629422.3907392791,679948.6776387803,567977.8964022527,753506.3284605897,casualties,russia
2024-10-24,973,652768.6509274986,628049.9474151662,678460.2438786023,566657.3935552288,751965.7290339948,casualties,russia
2024-10-23,972,651328.6250571369,626675.6260459294,676951.4675709839,565329.1412379782,750410.6543110334,casualties,russia
2024-10-22,971,649891.9647018681,625299.2565383782,675451.9007455526,564002.7944600257,748860.8368397227,casualties,russia
2024-10-21,970,648430.3956785807,623863.35094973794,673964.8872577122,562644.7660797511,747295.7228048778,casualties,russia
2024-10-20,969,646961.2759603395,622386.1040780627,672506.8607781095,561271.4487080345,745733.5505198562,casualties,russia
2024-10-19,968,645503.7708408345,620887.9716356618,671095.5713154495,559901.0510467604,744194.3195778962,casualties,russia
2024-10-18,967,644038.7508094481,619369.1508869957,669691.0467660319,558520.4555960764,742651.3650260407,casualties,russia
2024-10-17,966,642609.4031408898,617895.8911556281,668311.4749755948,557175.6668595291,741143.12012296,casualties,russia
2024-10-16,965,641196.0319409693,616435.219058627,666951.5287744121,555845.0488332022,739652.9206924153,casualties,russia
2024-10-15,964,639725.9289630466,614923.4316707577,665528.8752952168,554463.0112823568,738100.3079216232,casualties,russia
2024-10-14,963,638290.9065433624,613473.9181572343,664111.8493312189,553120.5382049682,736576.0300301443,casualties,russia
2024-10-13,962,636867.6543916108,612059.516515304,662681.3298561049,551794.933799068,735056.4972590314,casualties,russia
2024-10-12,961,635428.553577542,610640.9411122537,661222.3666515993,550457.5499813011,733516.12069706,casualties,russia
2024-10-11,960,634002.7730513916,609246.2674339976,659765.2534307986,549135.3349726808,731986.3259525611,casualties,russia
2024-10-10,959,632579.4966172201,607858.8170755955,658305.5317810422,547816.7321731186,730457.5326771742,casualties,russia
2024-10-09,958,631152.0677704901,606467.4474306524,656841.4147186424,546494.415364956,728924.1376714897,casualties,russia
2024-10-08,957,629799.4757291734,605158.1416378175,655444.1817274063,545243.8042097675,727467.9938778498,casualties,russia
2024-10-07,956,628463.8072301195,603879.19009851,654049.2992807229,544012.3873486419,726025.3591762308,casualties,russia
2024-10-06,955,627126.5966410126,602606.6992722773,652644.2139940915,542781.5840941392,724578.3659940345,casualties,russia
2024-10-05,954,625792.965826034,601346.8244757629,651232.9165222873,541556.4678373015,723132.0873878855,casualties,russia
2024-10-04,953,624463.9792285034,600099.1398513133,649818.0834262244,540337.6370540641,721688.1761777265,casualties,russia
2024-10-03,952,623129.679437869,598865.6832289131,648376.7959687329,539118.7241182438,720232.1143351593,casualties,russia
2024-10-02,951,621800.4145557584,597644.3319231492,646932.8783144023,537906.331276463,718779.0059922226,casualties,russia
2024-10-01,950,620461.211991412,596399.5671987442,645493.6303345914,536681.4207170943,717319.6733100173,casualties,russia
2024-09-30,949,619105.2473346629,595134.3723627357,644041.6336043482,535439.9920864123,715843.6778357314,casualties,russia
2024-09-29,948,617762.0202512459,593893.8733496638,642589.4337213389,534213.3434891218,714377.3933680161,casualties,russia
2024-09-28,947,616418.0528482827,592667.7603952413,641120.141487423,532989.727391688,712905.365501731,casualties,russia
2024-09-27,946,615072.9271272264,591458.9631205834,639629.7340289688,531769.4965641088,711426.1473293246,casualties,russia
2024-09-26,945,613740.7335229426,590273.7283248075,638140.80002302,530563.7440726254,709957.4855924903,casualties,russia
2024-09-25,944,612417.3919033131,589119.4289922784,636636.877713285,529371.4531195862,708491.3046456703,casualties,russia
2024-09-24,943,611113.9618282008,588005.322164651,635130.9418763869,528202.5397456342,707039.9224263484,casualties,russia
2024-09-23,942,609819.6352368117,586887.7684875242,633647.6769932494,527039.0937871548,705602.3012280175,casualties,russia
2024-09-22,941,608507.4500769648,585734.4922346745,632165.9156625717,525854.7013334454,704151.4090880133,casualties,russia
2024-09-21,940,607222.4530649481,584600.9535287122,630719.3748203793,524693.8308999237,702731.9587797433,casualties,russia
2024-09-20,939,605943.6813843214,583461.3996537365,629292.2971037171,523535.821858254,701323.0988884487,casualties,russia
2024-09-19,938,604659.1303790056,582293.014621121,627884.3549942913,522366.9949775811,699915.3660792959,casualties,russia
2024-09-18,937,603366.9473677245,581089.019164013,626498.9825500924,521184.5914689734,698508.1748739654,casualties,russia
2024-09-17,936,602035.8880647038,579823.386424556,625099.3378925932,519960.81734263827,697066.4441949094,casualties,russia
2024-09-16,935,600691.8659643165,578533.1411757312,623699.3108382971,518722.3967096855,695614.3657271217,casualties,russia
2024-09-15,934,599344.3919640288,577230.0015660073,622306.0199250957,517478.6828469652,694161.4237993325,casualties,russia
2024-09-14,933,598001.2660844842,575929.1081421109,620919.3361271768,516238.6144831361,692713.6905032875,casualties,russia
2024-09-13,932,596665.3277002432,574640.4020899904,619534.4375679026,515006.45067552174,691272.024673263,casualties,russia
2024-09-12,931,595329.0004208962,573365.9773255372,618133.3414093626,513777.33129496785,689825.393752568,casualties,russia
2024-09-11,930,593997.0504110547,572113.7765648817,616717.389111667,512556.4052751725,688377.9329380391,casualties,russia
2024-09-10,929,592674.6418954955,570880.2243726769,615301.1481730549,511346.53030600556,686937.7796734548,casualties,russia
2024-09-09,928,591358.5008754502,569660.7224194957,613882.7706104738,510144.37170218735,685501.8221652524,casualties,russia
2024-09-08,927,590058.8950331552,568460.3698306972,612478.0825780903,508958.2812707485,684082.636916487,casualties,russia
2024-09-07,926,588760.9058248264,567256.4491257963,611080.601138347,507772.5771822453,682666.7050369193,casualties,russia
2024-09-06,925,587454.9934934858,566030.9740223559,609689.9046942986,506576.46908198413,681246.4097206526,casualties,russia
2024-09-05,924,586139.9275304109,564775.1327905809,608312.9281413321,505367.1273989759,679822.705473657,casualties,russia
2024-09-04,923,584809.3877857496,563492.3030822877,606932.9044588632,504140.8933246436,678385.8581221878,casualties,russia
2024-09-03,922,583492.676624647,562219.3467304853,605570.9496544716,502926.73187465745,676964.8832526751,casualties,russia
2024-09-02,921,582178.6329714104,560948.3879442684,604212.3805193421,501715.0050861498,675546.8571695115,casualties,russia
2024-09-01,920,580849.3160807247,559659.9868228125,602840.8970651993,500488.7002387692,674113.0501996283,casualties,russia
2024-08-31,919,579527.9368252668,558387.839139922,601468.3819589814,499271.7112232897,672685.1478483388,casualties,russia
2024-08-30,918,578209.4707423674,557130.27418928,600086.2086997633,498060.1024409335,671256.7867841431,casualties,russia
2024-08-29,917,576906.9909793292,555896.117028583,598712.0082867219,496865.0761886792,669843.2240334261,casualties,russia
2024-08-28,916,575633.0034118079,554689.0255380983,597367.7970518026,495696.2855979538,668460.4851087467,casualties,russia
2024-08-27,915,574332.0671805018,553451.8832367662,596000.013789589,494501.8857902791,667049.7285383694,casualties,russia
2024-08-26,914,573044.1607842469,552227.842411228,594645.1632183976,493319.70635576994,665652.7874801529,casualties,russia
2024-08-25,913,571784.9117798356,551041.1276290541,593309.5936251911,492166.14528355055,664283.8370530431,casualties,russia
2024-08-24,912,570522.0261970051,549846.5300574094,591974.970136856,491008.3252979111,662912.209011297,casualties,russia
2024-08-23,911,569269.146169651,548652.3406793027,590660.6747128664,489857.7480108633,661554.078390726,casualties,russia
2024-08-22,910,568030.1728976439,547469.137586585,589363.412280245,488719.5111850938,660211.629296788,casualties,russia
2024-08-21,909,566794.175626051,546287.1848233145,588070.9795740894,487583.73857536365,658872.7966411349,casualties,russia
2024-08-20,908,565581.9019553406,545135.2069334408,586795.507135009,486471.4620750231,657557.4048325185,casualties,russia
2024-08-19,907,564381.6952617815,543999.7924899877,585527.2442606788,485371.4502829883,656253.5217433226,casualties,russia
2024-08-18,906,563182.1931810443,542858.4180286487,584266.8601600964,484270.7109098384,654952.2865705083,casualties,russia
2024-08-17,905,561989.1351864786,541716.6240315243,583020.2994881246,483174.53718201176,653659.892231401,casualties,russia
2024-08-16,904,560792.9776420115,540567.2288530496,581775.4889576315,482074.5901696463,652365.4205016622,casualties,russia
2024-08-15,903,559591.0361579868,539403.642007849,580533.9521634335,480967.5340378745,651067.1409526843,casualties,russia
2024-08-14,902,558381.0308431044,538227.0566613843,579289.6747781149,479852.0155952482,649761.5842831014,casualties,russia
2024-08-13,901,557198.1398427618,537071.9112410744,578078.5821334117,478760.52063748706,648486.634559046,casualties,russia
2024-08-12,900,556014.7425958201,535909.3664836938,576874.4047323341,477667.15211486485,647213.075798944,casualties,russia
2024-08-11,899,554824.138049711,534734.0113493467,575669.0648565491,476565.975035778,645933.3527715717,casualties,russia
2024-08-10,898,553624.5509718497,533545.5528729022,574459.1949542413,475455.6666371949,644645.1270074343,casualties,russia
2024-08-09,897,552421.662394425,532350.3386413432,573249.7514243618,474341.64040449396,643354.2897909661,casualties,russia
2024-08-08,896,551214.9141195437,531147.7641569028,572040.2295976272,473223.36685020704,642060.2613812333,casualties,russia
2024-08-07,895,550012.8990982928,529949.1116455498,570836.3136795397,472109.39936311817,640771.4555159846,casualties,russia
2024-08-06,894,548811.370144129,528750.2143456159,569633.6754934251,470995.81361574825,639483.3008508264,casualties,russia
2024-08-05,893,547608.4961208227,527551.0899032603,568428.4948255204,469881.31447739986,638193.2891070215,casualties,russia
2024-08-04,892,546411.2161696176,526358.7480225817,567227.6267173806,468772.3500236764,636908.8381270672,casualties,russia
2024-08-03,891,545223.2278728151,525176.1566225201,566035.5485846755,467672.1918237848,635634.1225046335,casualties,russia
2024-08-02,890,544045.1464352683,524003.6637236881,564853.1623937202,466581.3481370068,634369.8841621528,casualties,russia
2024-08-01,889,542876.7419763718,522841.543502861,563679.6967791491,465499.712926117,633115.7317797958,casualties,russia
2024-07-31,888,541703.6935016471,521673.21544222225,562503.2867966681,464413.52327043033,631856.9810040621,casualties,russia
2024-07-30,887,540531.0290284234,520502.94669016,561329.7739385458,463327.2698126694,630599.2509300866,casualties,russia
2024-07-29,886,539366.3218899801,519338.19903808023,560166.8400827646,462247.94698994636,629350.6921206225,casualties,russia
2024-07-28,885,538205.928350648,518176.3718363194,559009.724148456,461172.40253653546,628107.0941988062,casualties,russia
2024-07-27,884,537051.2182568482,517018.6811890151,557859.959912599,460101.87173792743,626869.9720436165,casualties,russia
2024-07-26,883,535894.5013613628,515856.46367669833,556710.9202872547,459029.0133702693,625631.3753498433,casualties,russia
2024-07-25,882,534728.4473758241,514684.5027028846,555553.0064569523,457947.50078594766,624382.8134587131,casualties,russia
2024-07-24,881,533561.1701282144,513510.58226025855,554394.6770445328,456864.78254494036,623133.081914674,casualties,russia
2024-07-23,880,532386.4529718176,512328.1951861954,553230.0394871404,455775.032521523,621875.6061451342,casualties,russia
2024-07-22,879,531203.6157516831,511135.9288340923,552059.2052090343,454677.45967851306,620609.876067666,casualties,russia
2024-07-21,878,530029.11339806,509949.51335303567,550899.3891282581,453587.13707999943,619353.7667881374,casualties,russia
2024-07-20,877,528861.0319433782,508767.80426484166,549747.8489590379,452502.4614339107,618104.9942698785,casualties,russia
2024-07-19,876,527705.0203521096,507595.3130725775,548611.4579232266,451428.4047302224,616869.972610313,casualties,russia
2024-07-18,875,526562.9613359954,506434.1421416877,547491.8585808892,450366.76074316486,615650.6532155605,casualties,russia
2024-07-17,874,525440.7752926382,505291.0144112107,546394.0953226024,449323.18538167025,614453.1483031729,casualties,russia
2024-07-16,873,524334.9702438491,504161.25765416113,545315.9612646912,448294.1746138312,613274.0825851555,casualties,russia
2024-07-15,872,523245.34330358915,503044.20762455417,544257.754140261,447279.4312632761,612113.3868564062,casualties,russia
2024-07-14,871,522159.5522207078,501927.27223000635,543207.4268398925,446267.459705438,610957.9155102032,casualties,russia
2024-07-13,870,521081.12353288307,500811.2388832123,542171.4686608878,445260.9031565349,609812.3035522676,casualties,russia
2024-07-12,869,520007.7634504641,499695.0501332415,541146.2594603278,444257.8985932469,608673.7356707391,casualties,russia
2024-07-11,868,518943.6636598906,498582.75392656703,540136.1417639726,443262.2904343673,607546.7587091195,casualties,russia
2024-07-10,867,517876.14908934705,497466.1694542618,539123.5884537124,442263.3746640501,606416.3650509083,casualties,russia
2024-07-09,866,516804.52968049253,496347.3289357612,538104.9622032346,441261.1276186723,605280.9722522469,casualties,russia
2024-07-08,865,515729.0540409812,495223.2931856603,537083.9711587176,440255.0467866896,604141.8528998673,casualties,russia
2024-07-07,864,514650.662560407,494097.91684727697,536058.395153958,439246.6625512342,602999.1103041178,casualties,russia
2024-07-06,863,513571.2272860865,492974.3334453816,535028.7360374283,438237.9912255636,601854.3634491947,casualties,russia
2024-07-05,862,512492.8680654854,491851.12241619313,534000.9584533261,437230.1699250233,600711.0208973357,casualties,russia
2024-07-04,861,511417.7891140065,490730.75536764885,532976.9706354048,436225.30280566594,599571.3586233768,casualties,russia
2024-07-03,860,510352.5802593313,489616.2963850083,531967.173535751,435228.6868117923,598443.5470323248,casualties,russia
2024-07-02,859,509298.76702056546,488509.6461866387,530972.6820134744,434241.8194099542,597329.1043805691,casualties,russia
2024-07-01,858,508253.3669132018,487412.4977844329,529985.4414446286,433263.01809123077,596223.3494650455,casualties,russia
2024-06-30,857,507210.32480021374,486322.49947266275,528995.3710373341,432287.56358659436,595118.5666514797,casualties,russia
2024-06-29,856,506165.2868931111,485235.4185818376,527997.9915207253,431311.4600144328,594010.0390584875,casualties,russia
2024-06-28,855,505112.5899825036,484148.1062564228,526984.9199645538,430330.0508371905,592890.8895833552,casualties,russia
2024-06-27,854,504059.0656878519,483062.6269337141,525968.1615006191,429348.535967855,591769.9907675788,casualties,russia
2024-06-26,853,503008.96593827155,481981.9812779847,524953.3188270357,428370.5591794339,590652.3033766682,casualties,russia
2024-06-25,852,501961.48796585767,480905.87504024117,523939.032174443,427395.50642985315,589536.7870833026,casualties,russia
2024-06-24,851,500916.1341387336,479833.44528752577,522925.1990578328,426422.8373578862,588423.0168514017,casualties,russia
2024-06-23,850,499872.94085326995,478763.09114106564,521913.6308215148,425452.2136006765,587311.5420438541,casualties,russia
2024-06-22,849,498824.9272986246,477697.81004845473,520886.4733641445,424479.5723989843,586191.5638288883,casualties,russia
2024-06-21,848,497775.6557944644,476645.7705627668,519842.2588810008,423509.2994447564,585065.3961959352,casualties,russia
2024-06-20,847,496711.7332528394,475606.7774848708,518753.2278941561,422532.14836300863,583914.3235714667,casualties,russia
2024-06-19,846,495626.9445968222,474571.0496507941,517617.0655644611,421541.52288626495,582732.8463624627,casualties,russia
2024-06-18,845,494529.28137701313,473526.89998694416,516463.1975296168,420540.16027104005,581535.9745124154,casualties,russia
2024-06-17,844,493430.28650163324,472486.74402603914,515302.190541,419538.9292736396,580335.8232854425,casualties,russia
2024-06-16,843,492332.69907656556,471448.3978575605,514142.1466131665,418539.19095204334,579136.9520219673,casualties,russia
2024-06-15,842,491244.88916317275,470412.97955068137,512999.3329265059,417546.9363288103,577950.7591219139,casualties,russia
2024-06-14,841,490159.0303199576,469370.5716452165,511868.2200775107,416554.4411157952,576769.521380276,casualties,russia
2024-06-13,840,489088.6788878281,468324.4164871373,510773.5860531801,415571.78141435824,575611.1893101898,casualties,russia
2024-06-12,839,488044.79223592917,467283.5235899214,509728.491274602,414608.63094213424,574488.1619052605,casualties,russia
2024-06-11,838,487015.24389893305,466257.12749581534,508697.5427533552,413658.83748786425,573380.4228603343,casualties,russia
2024-06-10,837,485953.818883334,465203.01854396163,507630.2423931199,412680.69410683226,572236.9614078149,casualties,russia
2024-06-09,836,484886.8275989077,464151.5643618911,506548.4194860568,411699.44611045363,571084.7323974139,casualties,russia
2024-06-08,835,483825.1273028441,463102.2882505943,505475.28001997527,410722.4276068332,569939.1373055835,casualties,russia
2024-06-07,834,482778.1223059181,462059.66925253446,504425.58971309767,409757.1473262693,568811.9157866155,casualties,russia
2024-06-06,833,481734.9482866515,461016.59432831476,503384.41233109956,408794.4630864169,567690.1573552552,casualties,russia
2024-06-05,832,480689.962465448,459976.87578357523,502335.7933761802,407831.4108157715,566564.6792484162,casualties,russia
2024-06-04,831,479642.8391416704,458940.0926258581,501279.5058388927,406867.6764035005,565435.1474894389,casualties,russia
2024-06-03,830,478626.9085179741,457935.2429454102,500253.5397326999,405932.99443893356,564338.8232939366,casualties,russia
2024-06-02,829,477624.00206324173,456934.2086425454,499250.63404953416,405008.2232915421,563259.4697878158,casualties,russia
2024-06-01,828,476618.51913324976,455931.24022469774,498244.465013273,404081.3032239649,562177.0668151319,casualties,russia
2024-05-31,827,475612.80244428397,454932.9893284485,497232.664051174,403155.41762269667,561092.7128227918,casualties,russia
2024-05-30,826,474621.68721757707,453937.51165846805,496248.3847740913,402240.234903747,560027.9581129986,casualties,russia
2024-05-29,825,473637.1185988844,452935.9674752381,495284.4518187895,401328.1281158696,558974.4133783227,casualties,russia
2024-05-28,824,472664.78714602033,451936.8251872718,494343.5026890032,400425.01537954,557937.266333284,casualties,russia
2024-05-27,823,471706.4523000105,450942.6858133964,493426.37131670833,399532.7236564874,556918.124960397,casualties,russia
2024-05-26,822,470750.94084047875,449950.4323957886,492513.10430111695,398642.8653601122,555902.301280027,casualties,russia
2024-05-25,821,469798.9587778686,448961.1515395493,491603.9875775552,397756.1885797872,554890.4197035185,casualties,russia
2024-05-24,820,468849.857386589,447972.78905499575,490699.91492765874,396871.74918953975,553882.2644251056,casualties,russia
2024-05-23,819,467888.5372251178,446991.0035020771,489763.09396675345,395980.62658494076,552854.6110111697,casualties,russia
2024-05-22,818,466928.465817356,446019.4116347729,488817.7454672925,395092.868951648,551825.2552780426,casualties,russia
2024-05-21,817,465942.8027878111,445028.24049239187,487840.2882081739,394183.05359313416,550766.2618590663,casualties,russia
2024-05-20,816,464952.31952984567,444037.5816996095,486852.1862329482,393270.16473613906,549700.2062858122,casualties,russia
2024-05-19,815,463927.2657687955,443023.87644570734,485816.9613247835,392328.30936867406,548592.9363443113,casualties,russia
2024-05-18,814,462902.5134495759,442019.6370895464,484771.99218165915,391389.043631217,547482.7943961668,casualties,russia
2024-05-17,813,461841.89422952646,440983.476435947,483686.9157871214,390417.7838339481,546332.609370468,casualties,russia
2024-05-16,812,460774.97033628856,439937.59595963144,482599.2978480279,389439.97328785964,545176.7137131304,casualties,russia
2024-05-15,811,459693.0076909376,438870.0523363027,481503.9551595236,388446.7806694443,544006.812055105,casualties,russia
2024-05-14,810,458638.0347541613,437827.7322049648,480437.487399539,387478.10947033466,542866.4929463222,casualties,russia
2024-05-13,809,457579.4723839759,436782.1585873639,479367.0741172507,386506.30243194144,541722.1095921493,casualties,russia
2024-05-12,808,456566.9206008143,435767.94944854715,478358.650928751,385573.3823993475,540632.208452867,casualties,russia
2024-05-11,807,455567.1696510906,434754.7509052019,477375.9506862529,384649.4481679991,539560.0623282648,casualties,russia
2024-05-10,806,454617.3855145298,433778.0551950471,476457.9157648288,383768.287399679,538546.3260292397,casualties,russia
2024-05-09,805,453676.421630899,432794.96111420705,475565.4363336198,382891.5493897731,537547.3323923755,casualties,russia
2024-05-08,804,452761.0940433872,431836.4315699529,474699.758820764,382038.16564655,536576.3563213685,casualties,russia
2024-05-07,803,451854.71601264516,430879.24979682296,473851.4021290677,381191.1740174945,535617.6617915671,casualties,russia
2024-05-06,802,450971.27947919385,429924.1938085498,473048.879700375,380360.1465723651,534690.9768225914,casualties,russia
2024-05-05,801,450092.4319967221,428963.58180172584,472262.16921365325,379530.7839226466,533772.8886449104,casualties,russia
2024-05-04,800,449207.3880140118,427999.0825254879,471466.7726794681,378696.3216511909,532847.3246313538,casualties,russia
2024-05-03,799,448308.73964634596,427041.80981661926,470634.8953377406,377854.58329497994,531899.7704821134,casualties,russia
2024-05-02,798,447416.3098273731,426103.9740499037,469794.7066096875,377021.8926298111,530954.2894531009,casualties,russia
2024-05-01,797,446514.14286925015,425178.41116780415,468920.56321106094,376185.83138870675,529990.4851845327,casualties,russia
2024-04-30,796,445598.4680836573,424265.767162367,468003.82237616525,375344.0540004949,529002.7035949507,casualties,russia
2024-04-29,795,444663.58548049576,423373.2443921508,467024.57487082796,374494.55069777457,527980.2404997348,casualties,russia
2024-04-28,794,443713.52486093197,422497.88796860306,465994.52760705375,373639.28881107585,526929.8844600322,casualties,russia
2024-04-27,793,442768.092841194,421636.53286492504,464958.7596743363,372790.7144097901,525881.1177832463,casualties,russia
2024-04-26,792,441826.8497699794,420782.47816761484,463923.7454160692,371946.8133141507,524835.7308885395,casualties,russia
2024-04-25,791,440892.53108985594,419938.0401728851,462892.6603294226,371110.0445118117,523796.75730482605,casualties,russia
2024-04-24,790,439965.73909976194,419090.4959837466,461880.80859130435,370277.58760633407,522769.6050575071,casualties,russia
2024-04-23,789,439039.080303538,418242.2780223878,460869.99351139396,369445.0615829332,521742.8848652972,casualties,russia
2024-04-22,788,438116.9263034616,417394.31211966055,459868.3740946451,368615.62443169195,520722.5260147801,casualties,russia
2024-04-21,787,437196.72505188413,416544.20236868213,458873.2243829071,367786.99715608853,519705.6850838488,casualties,russia
2024-04-20,786,436281.87069865013,415694.38044059585,457888.9805642636,366962.09889635176,518696.3119365628,casualties,russia
2024-04-19,785,435372.18189195934,414844.09236038104,456916.094697506,366140.61360114603,517694.42093513795,casualties,russia
2024-04-18,784,434467.0030182062,413995.5244174855,455950.77751934313,365322.66428598255,516698.2846951747,casualties,russia
2024-04-17,783,433577.7532852306,413148.8791218511,455016.77968876675,364515.98586930346,515724.1290044575,casualties,russia
2024-04-16,782,432718.9691958176,412299.5117881026,454149.75155308214,363729.1705325577,514794.37925188534,casualties,russia
2024-04-15,781,431889.16728144494,411442.22722283634,453352.32209036325,362959.91319790174,513908.7759497785,casualties,russia
2024-04-14,780,431077.7753117155,410576.45849092543,452602.9303660304,362200.9583135885,513052.44011360826,casualties,russia
2024-04-13,779,430278.50306994363,409708.07883380016,451881.9124210458,361449.49876529427,512214.3812954585,casualties,russia
2024-04-12,778,429491.18223866296,408837.65225659497,451188.28764663666,360705.5739048351,511394.1431405417,casualties,russia
2024-04-11,777,428706.9685475125,407970.34482407366,450497.7801913113,359964.5353686544,510577.25579192356,casualties,russia
2024-04-10,776,427918.40109889297,407108.47882579535,449792.1749191877,359221.9193765812,509752.28414249164,casualties,russia
2024-04-09,775,427118.89001131133,406252.64958958514,449056.9525427527,358473.4930787851,508909.53221334214,casualties,russia
2024-04-08,774,426312.1515345331,405404.354960832,448298.26957716444,357722.115361576,508053.797290116,casualties,russia
2024-04-07,773,425500.7455190196,404559.72269287513,447525.7686542516,356968.55904332304,507190.08048537397,casualties,russia
2024-04-06,772,424693.2705038128,403719.50335930986,446756.7022377305,356218.7344113357,506330.48013140005,casualties,russia
2024-04-05,771,423895.52108649747,402879.18469845783,446008.26408316655,355475.32539676107,505485.0001657055,casualties,russia
2024-04-04,770,423099.9084757136,402041.49635234347,445261.4314466424,354734.04770598083,504641.6248641534,casualties,russia
2024-04-03,769,422306.1129730869,401203.8385197022,444518.4194866455,353994.0098300419,503800.8622577745,casualties,russia
2024-04-02,768,421521.4664163917,400369.21340878936,443791.33370455174,353260.8385057372,502972.1969401598,casualties,russia
2024-04-01,767,420738.36065500195,399535.9260261752,443066.0463609633,352529.0456754756,502145.289809144,casualties,russia
2024-03-31,766,419961.80894362746,398717.60522378125,442337.99279930315,351805.4729739561,501322.35983647313,casualties,russia
2024-03-30,765,419176.9438611712,397910.23955774936,441580.3009698192,351079.2771715402,500483.35817395785,casualties,russia
2024-03-29,764,418386.35179004015,397111.311510935,440801.2182069535,350351.5065194831,499632.96962358156,casualties,russia
2024-03-28,763,417591.17584111844,396317.18663092656,440007.15029613377,349622.0244810929,498774.1044837476,casualties,russia
2024-03-27,762,416786.572731655,395528.41734071315,439187.2789257471,348887.78211004514,497899.54200261517,casualties,russia
2024-03-26,761,415961.3817418406,394743.148807855,438320.14150859823,348140.9431716875,496993.7938028317,casualties,russia
2024-03-25,760,415114.6330676067,393965.1789259877,437399.4833892901,347381.8277016322,496054.0802998762,casualties,russia
2024-03-24,759,414254.64311722654,393190.915625878,436446.8214619819,346614.96182529227,495093.8080999753,casualties,russia
2024-03-23,758,413386.0266880978,392417.45711039414,435475.10616528237,345842.61791702267,494120.758352701,casualties,russia
2024-03-22,757,412497.99850432936,391649.42423314997,434456.4897714876,345058.85973450675,493117.6301195163,casualties,russia
2024-03-21,756,411598.5909465432,390881.57771013316,433413.72533997416,344267.5935664293,492098.03950956574,casualties,russia
2024-03-20,755,410695.4112977706,390116.77995898266,432359.6632661675,343474.57727373875,491071.9454776332,casualties,russia
2024-03-19,754,409789.1867443273,389350.8876114116,431300.4532163804,342679.17576058046,490041.9921813677,casualties,russia
2024-03-18,753,408899.7076210364,388588.58821441134,430272.551993853,341895.7522503825,489034.97262040246,casualties,russia
2024-03-17,752,408025.9537663018,387827.2595589346,429276.6921910154,341123.0346406463,488050.2698992256,casualties,russia
2024-03-16,751,407166.1941940375,387055.55390211544,428321.77560105774,340357.09292280953,487089.3728150488,casualties,russia
2024-03-15,750,406336.1616842832,386282.73514196556,427430.6575183253,339610.7311302722,486171.60313920176,casualties,russia
2024-03-14,749,405536.81347967556,385508.42703106237,426605.7699876306,338884.5064496256,485298.46047563775,casualties,russia
2024-03-13,748,404761.96900467813,384732.3763749059,425834.38879850414,338174.2394134576,484461.1426073448,casualties,russia
2024-03-12,747,404016.128157215,383961.8445657303,425117.93384771043,337484.76543830713,483663.49480526056,casualties,russia
2024-03-11,746,403273.49448879587,383191.9054772139,424407.56330176705,336797.66392190626,482870.1534753419,casualties,russia
2024-03-10,745,402531.63582509477,382422.84117687755,423697.85713391495,336111.364982386,482077.5486990344,casualties,russia
2024-03-09,744,401798.0012418089,381665.5230020734,422992.4782036811,335433.5047811558,481292.57835431315,casualties,russia
2024-03-08,743,401044.05481745664,380910.8566674379,422241.41146604466,334742.8215777715,480477.37851522997,casualties,russia
2024-03-07,742,400276.1455674049,380160.01134657016,421456.72561485745,334043.8415944335,479640.66487480444,casualties,russia
2024-03-06,741,399492.263600229,379410.99968283466,420636.3793821403,333334.7462065273,478780.2268946252,casualties,russia
2024-03-05,740,398713.29280779546,378664.13566511567,419823.99641688395,332629.5224487016,477926.0305596959,casualties,russia
2024-03-04,739,397945.983313662,377911.85087582405,419042.1885137393,331930.7572534988,477090.5415107394,casualties,russia
2024-03-03,738,397193.2141691756,377159.44262636907,418291.15490015235,331241.6784461435,476276.0278149812,casualties,russia
2024-03-02,737,396431.02713680157,376404.0523348317,417523.5977383282,330545.6510821666,475448.95154214295,casualties,russia
2024-03-01,736,395676.89865274326,375653.0080315445,416768.1873943051,329856.14277324197,474631.8524122982,casualties,russia
2024-02-29,735,394917.54639972374,374903.1269373622,416000.4787645856,329163.5226679206,473806.72516788234,casualties,russia
2024-02-28,734,394151.6367089176,374156.663092316,415215.1609727253,328467.46143340966,472970.8399761249,casualties,russia
2024-02-27,733,393364.42080714536,373408.7496373296,414386.5775057211,327756.908803035,472104.7153748602,casualties,russia
2024-02-26,732,392547.9493725772,372664.1720440011,413492.68014731596,327027.74823224486,471195.19638949586,casualties,russia
2024-02-25,731,391696.37608568947,371916.5617610437,412528.2194285469,326274.4872773321,470236.15648372436,casualties,russia
2024-02-24,730,390814.85947699693,371148.9564567019,411522.87281623133,325496.3439104565,469241.1061033584,casualties,russia
2024-02-23,729,389914.8876172305,370374.9663634341,410485.7716014738,324704.2721945923,468221.8338959171,casualties,russia
2024-02-22,728,389014.90095107874,369597.8194565088,409452.1536427305,323911.42126928497,467203.66874417773,casualties,russia
2024-02-21,727,388113.8513602496,368814.6573640879,408422.99414091156,323116.35204246046,466186.1673832655,casualties,russia
2024-02-20,726,387206.9230405761,368024.3029580638,407389.4505655146,322315.57737630134,465162.7942666016,casualties,russia
2024-02-19,725,386298.5863683823,367229.8446888142,406357.5329334582,321512.7921068631,464138.95472226565,casualties,russia
2024-02-18,724,385389.4451493047,366432.60331682715,405327.0444537386,320708.7374247289,463115.0312376193,casualties,russia
2024-02-17,723,384501.90743387176,365656.2925724673,404318.8635902871,319924.2781394937,462114.75503250887,casualties,russia
2024-02-16,722,383613.04782469966,364875.38610533386,403313.0224021471,319137.7822399086,461114.26059865527,casualties,russia
2024-02-15,721,382710.85132705583,364089.37674296816,402284.7998773008,318341.0594013608,460096.50123607507,casualties,russia
2024-02-14,720,381802.7164112571,363299.1394233904,401248.79034091276,317539.30591233575,459071.7550322098,casualties,russia
2024-02-13,719,380890.6260209799,362506.2825695944,400207.3843848928,316734.24842162826,458042.294960821,casualties,russia
2024-02-12,718,379989.96362535097,361713.51031602174,399189.9287551363,315936.9534232205,457029.1155766652,casualties,russia
2024-02-11,717,379097.1908510473,360915.89479215693,398194.41645055526,315143.89804425306,456028.8048878643,casualties,russia
2024-02-10,716,378205.18192598585,360114.74745732493,397204.415946967,314350.57487703057,455030.74414293515,casualties,russia
2024-02-09,715,377328.10026457004,359317.42211561924,396241.57028892013,313568.3297706493,454052.5910275844,casualties,russia
2024-02-08,714,376452.7550507361,358516.6327479181,395286.2055707832,312786.4974600812,453078.04486724845,casualties,russia
2024-02-07,713,375587.64679640887,357718.3593270327,394349.5728966204,312012.278259543,452117.13960701553,casualties,russia
2024-02-06,712,374736.4985445682,356923.8870902038,393438.06859887857,311248.5263967544,451174.7047308318,casualties,russia
2024-02-05,711,373887.7114896696,356127.3680972345,392533.7797897669,310485.9862683777,450236.22945482563,casualties,russia
2024-02-04,710,373056.8084373259,355344.5575898089,391651.93324496504,309738.87903378566,449318.4778143779,casualties,russia
2024-02-03,709,372225.20573849895,354560.50227644155,390769.99045833474,308991.07559442526,448400.08117733843,casualties,russia
2024-02-02,708,371379.68571645854,353764.9787099667,389871.46664629277,308231.2019901031,447465.7008082457,casualties,russia
2024-02-01,707,370532.84326373774,352965.051840334,388975.02054018545,307469.4911543655,446530.8331362014,casualties,russia
2024-01-31,706,369675.602389488,352155.4566049479,388067.3978827458,306698.53610857134,445584.36181681906,casualties,russia
2024-01-30,705,368797.4566149792,351327.61713502445,387135.99017291947,305909.2019641636,444614.2340694839,casualties,russia
2024-01-29,704,367907.72167600936,350489.7112458836,386191.34402229765,305109.7262357957,443630.9394085693,casualties,russia
2024-01-28,703,366995.2103209773,349631.4453499286,385221.31463527953,304290.1131459304,442622.0323554982,casualties,russia
2024-01-27,702,366077.5039771757,348765.50705277285,384248.83316016075,303465.2883114889,441608.2124908753,casualties,russia
2024-01-26,701,365172.8926226021,347906.27156726585,383296.457962404,302651.0437830245,440610.62743841927,casualties,russia
2024-01-25,700,364281.55008710496,347053.2675136623,382365.0731659841,301847.39753984084,439629.6723945974,casualties,russia
2024-01-24,699,363389.05074084445,346194.11762041383,381438.0319129458,301041.67090387567,438648.99767262564,casualties,russia
2024-01-23,698,362502.1378597386,345336.0712884148,380521.50395006477,300240.1271311268,437675.7603498525,casualties,russia
2024-01-22,697,361636.33867573645,344496.3192696046,379629.1446554026,299457.2721578829,436726.30306015926,casualties,russia
2024-01-21,696,360783.5981345839,343666.323040071,378753.4527672667,298685.66139007715,435792.0291784984,casualties,russia
2024-01-20,695,359929.465360558,342832.27851640835,377879.3014274236,297912.27950692165,434857.01962069044,casualties,russia
2024-01-19,694,359064.279395728,341984.91697806056,376996.6231982745,297128.41591078707,433910.64655091864,casualties,russia
2024-01-18,693,358191.12545991025,341128.93852831004,376106.71674586297,296337.2425864311,432955.7365118079,casualties,russia
2024-01-17,692,357327.9958870171,340281.8221979107,375228.0946908132,295555.0307422497,432012.01410717424,casualties,russia
2024-01-16,691,356467.40495191654,339434.178364809,374355.39244865277,294774.53975360363,431071.9652704731,casualties,russia
2024-01-15,690,355588.8315532354,338564.5776857284,373469.14227177517,293976.87833101227,430113.5803057855,casualties,russia
2024-01-14,689,354705.984260457,337690.4979792417,372578.86036876816,293175.371637253,429150.52885066834,casualties,russia
2024-01-13,688,353819.691743079,336808.7211167687,371689.84327227663,292369.8727782237,428185.03878325643,casualties,russia
2024-01-12,687,352931.28099487437,335920.1880198427,370803.84593500785,291561.50035269774,427218.6879469146,casualties,russia
2024-01-11,686,352051.87669273233,335037.01089801965,369930.87498282886,290760.59024867666,426263.2611468065,casualties,russia
2024-01-10,685,351175.4573583187,334153.59217726387,369064.45581484813,289961.7585813919,425312.0685336991,casualties,russia
2024-01-09,684,350296.6564747599,333264.51879722084,368199.29667960363,289160.1116475578,424359.2979384339,casualties,russia
2024-01-08,683,349423.1160044135,332376.9119501973,367343.5970987326,288362.47529026703,423413.4462407519,casualties,russia
2024-01-07,682,348542.2535949904,331474.944005651,366488.39612178074,287556.67203572276,422461.9015701396,casualties,russia
2024-01-06,681,347682.57129384857,330594.0366517843,365654.4745995264,286770.177018434,421533.3933916482,casualties,russia
2024-01-05,680,346850.2460628123,329744.9965878638,364842.8683207331,286009.65508119436,420633.0978428447,casualties,russia
2024-01-04,679,346020.39451474906,328897.76188408205,364034.49119648,285251.29990735877,419735.6710058053,casualties,russia
2024-01-03,678,345206.1115564677,328066.21096299647,363241.53067000135,284507.1947910277,418855.0977878988,casualties,russia
2024-01-02,677,344421.0977273256,327269.4208318979,362471.6974751799,283791.01968471706,418004.4856184945,casualties,russia
2024-01-01,676,343654.2263412328,326494.7271987804,361715.5958998171,283092.3042562265,417172.2433580272,casualties,russia
2023-12-31,675,342906.9340688406,325742.8984264621,360975.39843750914,282412.2026760472,416360.1584230945,casualties,russia
2023-12-30,674,342152.046673278,324981.6786947258,360229.63474426785,281724.85398645484,415540.3628775978,casualties,russia
2023-12-29,673,341386.13933616754,324205.7901367866,359476.940697076,281026.7231214759,414709.75019881286,casualties,russia
2023-12-28,672,340607.35043645493,323414.0976289924,358714.66753916955,280316.2837998307,413866.06202405115,casualties,russia
2023-12-27,671,339802.2368200297,322589.5269607021,357933.4424362249,279580.48224791937,412995.9045199958,casualties,russia
2023-12-26,670,338974.9004889908,321734.7243593291,357138.97267363797,278822.7090611449,412104.2424514785,casualties,russia
2023-12-25,669,338127.3254306115,320854.6354554284,356329.95626297384,278045.4493186254,411192.23294998193,casualties,russia
2023-12-24,668,337259.2853829952,319947.5729183628,355507.80570000235,277248.1484746054,410260.15676030656,casualties,russia
2023-12-23,667,336377.599771453,319021.3775219587,354678.2025069892,276437.22377750586,409315.1198827317,casualties,russia
2023-12-22,666,335481.406472584,318074.1145662326,353841.48453363095,275611.6378709805,408356.56339225464,casualties,russia
2023-12-21,665,334590.4081813143,317131.01790362975,353011.1522841622,274790.5687137739,407404.04435378686,casualties,russia
2023-12-20,664,333701.16224920464,316187.84342894854,352184.67834568926,273970.6884558388,406454.1189998706,casualties,russia
2023-12-19,663,332804.8363396105,315232.2434479691,351357.1811358269,273143.1366785364,405498.41902462445,casualties,russia
2023-12-18,662,331901.62428850285,314263.545493066,350529.8253647621,272307.8769997048,404537.47374607454,casualties,russia
2023-12-17,661,330997.2399781365,313289.97309286636,349705.5271238663,271470.67177134706,403576.66009109124,casualties,russia
2023-12-16,660,330091.53524340043,312312.2101925447,348883.22263008583,270631.5712125811,402615.5474947891,casualties,russia
2023-12-15,659,329183.05967472587,311328.01845464035,348062.35423202725,269789.0591939748,401652.85641431937,casualties,russia
2023-12-14,658,328263.8004218902,310327.15810553404,347237.42652114073,268935.3241108872,400680.663153312,casualties,russia
2023-12-13,657,327342.36226460413,309320.4714987584,346414.53155839496,268078.6944618437,399707.57403395534,casualties,russia
2023-12-12,656,326422.09783462965,308313.4542736404,345594.62691530824,267222.7173501773,398736.4944556314,casualties,russia
2023-12-11,655,325490.2349169912,307296.0211983275,344761.9663708854,266356.492759391,397752.4881807432,casualties,russia
2023-12-10,654,324566.159000765,306289.486350043,343933.69457822276,265498.08285796,396775.954440344,casualties,russia
2023-12-09,653,323628.8766303999,305274.1434688203,343087.4458859695,264628.79290677136,395783.5105493738,casualties,russia
2023-12-08,652,322702.90032193804,304273.06552407576,342249.2605998281,263770.47475199617,394802.4243145338,casualties,russia
2023-12-07,651,321782.133558927,303277.8582134916,341415.6535451139,262917.01881203003,393826.92635921994,casualties,russia
2023-12-06,650,320858.97609153774,302279.83756925963,340580.277811343,262061.25587166296,392849.1542931511,casualties,russia
2023-12-05,649,319949.3067857822,301303.1346682196,339749.6232688602,261219.7194340284,391883.1921696123,casualties,russia
2023-12-04,648,319063.5655410868,300351.8075190984,338941.27841589943,260400.24616535963,390942.8570985318,casualties,russia
2023-12-03,647,318182.22617457085,299407.8503067655,338134.05545284296,259585.5486032977,390006.2373643638,casualties,russia
2023-12-02,646,317332.65424305573,298497.814081067,337356.1287470525,258800.22087511627,389103.4707160534,casualties,russia
2023-12-01,645,316474.5706904083,297575.6790040562,336573.89183765574,258006.2381012872,388192.95212443976,casualties,russia
2023-11-30,644,315617.1245134235,296654.2952529894,335792.2816004862,257212.84625782096,387283.2216365946,casualties,russia
2023-11-29,643,314771.25482668116,295748.0458574381,335018.28887514514,256430.86387370893,386384.83398673654,casualties,russia
2023-11-28,642,313912.75848534185,294820.764063825,334241.35199409997,255635.22719997866,385476.1294103773,casualties,russia
2023-11-27,641,313046.65457055677,293883.56665635057,333459.5710276479,254832.08035001607,384560.1766448175,casualties,russia
2023-11-26,640,312176.5071511576,292938.90724330605,332677.7434958514,254024.37131849473,383641.2804379503,casualties,russia
2023-11-25,639,311292.37260269397,291973.7075447515,331889.5486840702,253202.2359158682,382709.9068133068,casualties,russia
2023-11-24,638,310410.18079049967,291011.4980175532,331102.2512897548,252382.09394721827,381780.42816226464,casualties,russia
2023-11-23,637,309527.0251083302,290047.2916049691,330315.3222365901,251560.75632722944,380850.5186697544,casualties,russia
2023-11-22,636,308639.07448283996,289076.4598834633,329525.844544863,250734.55129915848,379916.3045193454,casualties,russia
2023-11-21,635,307764.46170348977,288125.65526206774,328742.15377601463,249922.2207363014,378994.02782051073,casualties,russia
2023-11-20,634,306907.7478697822,287199.30477428145,327968.90822655096,249127.88956540546,378088.64974113746,casualties,russia
2023-11-19,633,306068.88393519825,286298.6355563949,327204.5711511223,248351.8952914634,377199.52169819456,casualties,russia
2023-11-18,632,305244.04066099005,285420.95002436644,326444.04480647494,247591.08159451679,376322.0028977978,casualties,russia
2023-11-17,631,304423.08163030545,284549.62613913935,325684.66473465075,246834.4727551849,375447.7866631295,casualties,russia
2023-11-16,630,303620.67534141993,283704.53361636517,324935.0549373243,246096.80487799208,374590.6284872306,casualties,russia
2023-11-15,629,302846.2552101574,282901.6682306276,324197.0435524925,245388.48512600033,373757.940346331,casualties,russia
2023-11-14,628,302087.7150896968,282122.9553876383,323465.3971464491,244696.90911896742,372939.02161432005,casualties,russia
2023-11-13,627,301334.4076377156,281352.4686845668,322735.564361932,244010.96858020715,372124.50566970557,casualties,russia
2023-11-12,626,300612.38026778115,280628.71285791654,322019.1366370355,243357.7368113933,371337.4081043172,casualties,russia
2023-11-11,625,299916.22509024135,279940.90089724585,321316.9138315927,242730.80022455458,370574.1596132197,casualties,russia
2023-11-10,624,299238.4413000608,279279.15462577017,320624.1683453614,242122.71479574582,369827.5993784971,casualties,russia
2023-11-09,623,298546.89233980776,278598.8247855456,319923.28870502725,241500.90720256176,369068.04583030666,casualties,russia
2023-11-08,622,297846.4518149574,277904.333253871,319219.6324328537,240869.64644891125,368301.01065019995,casualties,russia
2023-11-07,621,297155.22975154564,277222.980377371,318520.64966844284,240247.90085049436,367542.27039302763,casualties,russia
2023-11-06,620,296473.26814104035,276555.27644995955,317825.8472267262,239635.83929439262,366791.67286359344,casualties,russia
2023-11-05,619,295794.23750331823,275890.6198636913,317133.8095042231,239026.52010097104,366044.1451380871,casualties,russia
2023-11-04,618,295126.5765001567,275241.8851519242,316447.84712269774,238428.81885931932,365306.994187585,casualties,russia
2023-11-03,617,294487.89693234477,274635.5378284829,315775.31852732535,237861.13455095407,364595.63974754506,casualties,russia
2023-11-02,616,293890.2854613043,274088.2827543399,315122.9356223698,237335.69796460334,363921.26555214496,casualties,russia
2023-11-01,615,293288.00243259047,273534.130852179,314468.4578418168,236805.5103262855,363242.6519113323,casualties,russia
2023-10-31,614,292672.09427764436,272958.8624123001,313809.04092108994,236260.97418462762,362552.33587806066,casualties,russia
2023-10-30,613,292034.274716689,272355.7536640562,313134.6507251658,235695.0601547012,361840.5857343218,casualties,russia
2023-10-29,612,291375.2686456468,271721.78321452433,312450.3138025496,235107.33879205244,361109.8399601593,casualties,russia
2023-10-28,611,290709.67253438506,271077.5492456067,311763.64162089385,234512.69127771832,360373.4237841207,casualties,russia
2023-10-27,610,290026.3495343046,270410.00927225506,311065.747562773,233900.54339775164,359619.98204996996,casualties,russia
2023-10-26,609,289336.2021417073,269734.5570821716,310362.31300610286,233282.00298079403,358859.4797054784,casualties,russia
2023-10-25,608,288657.9038543434,269076.2545441726,309664.58489535074,232675.7241135999,358109.568933355,casualties,russia
2023-10-24,607,287987.0000285415,268429.7651493237,308969.13751318114,232077.43890758214,357365.7552869033,casualties,russia
2023-10-23,606,287344.9116080183,267822.51855018426,308290.3547617294,231508.15886851697,356648.8387455753,casualties,russia
2023-10-22,605,286713.3502816085,267229.96658276895,307617.24547781976,230949.6025961612,355941.56411164126,casualties,russia
2023-10-21,604,286066.170934367,266615.7666343006,306935.543139272,230375.3321095096,355219.7657031933,casualties,russia
2023-10-20,603,285438.75128643244,266026.58578306815,306267.44022203825,229820.40797580115,354517.2377199498,casualties,russia
2023-10-19,602,284828.40297163714,265459.682261116,305610.3262808806,229282.37633388842,353831.0813034011,casualties,russia
2023-10-18,601,284229.7386815472,264909.7654902073,304958.7306039381,228756.42705994347,353155.34414797067,casualties,russia
2023-10-17,600,283659.87101214216,264400.36747094383,304322.2899014372,228259.74590571303,352506.00581548654,casualties,russia
2023-10-16,599,283108.76927817677,263916.11359312246,303697.18513558427,227781.76772358685,351874.4414384825,casualties,russia
2023-10-15,598,282557.2618409297,263430.6117425097,303072.6510067033,227303.21352824254,351242.77634266875,casualties,russia
2023-10-14,597,282011.26522769936,262953.3138990235,302450.49399393506,226830.43455795964,350615.9151671275,casualties,russia
2023-10-13,596,281443.9475947545,262446.71028205677,301816.31681738916,226336.26874047445,349969.1188487406,casualties,russia
2023-10-12,595,280869.5476064625,261929.21129248434,301179.4868384907,225834.68772618115,349316.1919670982,casualties,russia
2023-10-11,594,280307.7861866047,261428.35282395236,300550.6292723763,225345.6291572736,348675.353685751,casualties,russia
2023-10-10,593,279738.2812593513,260914.99417520183,299919.5463083105,224848.29793145013,348028.06576942845,casualties,russia
2023-10-09,592,279176.35119816556,260410.09036580808,299294.99887202674,224358.02364224012,347388.71169423906,casualties,russia
2023-10-08,591,278644.0913511289,259944.74242068283,298688.6258360111,223897.1564106039,346777.6762479804,casualties,russia
2023-10-07,590,278141.5237176256,259518.1173772259,298101.43048627255,223465.4891149343,346195.33780596923,casualties,russia
2023-10-06,589,277667.317292069,259128.4468357093,297532.589575493,223061.7010885548,345640.4255571919,casualties,russia
2023-10-05,588,277219.84606306814,258773.79804899983,296980.8637314168,222684.1785769803,345111.38126015046,casualties,russia
2023-10-04,587,276813.38782578596,258472.16046508055,296456.2309238631,222346.70411909153,344622.3890293779,casualties,russia
2023-10-03,586,276442.5876225973,258216.26905698088,295955.56409622554,222043.9247665719,344168.4107142701,casualties,russia
2023-10-02,585,276089.64327529294,257983.29847038677,295466.9412998708,221758.41452535725,343732.1268136575,casualties,russia
2023-10-01,584,275746.45032189984,257760.34835317134,294987.80450433196,221481.58125118047,343306.6745401041,casualties,russia
2023-09-30,583,275420.5896592611,257557.5234833805,294522.790246949,221220.94565528887,342899.2733355485,casualties,russia
2023-09-29,582,275115.7661688631,257379.99352587343,294073.9082173518,220980.22710737813,342513.3824356963,casualties,russia
2023-09-28,581,274804.11034675833,257191.17542991144,293623.3879115811,220732.07299979057,342122.00406220695,casualties,russia
2023-09-27,580,274468.1767200747,256968.35233347453,293159.89741339645,220459.40967575074,341708.16490924644,casualties,russia
2023-09-26,579,274108.99916461576,256713.25690446008,292683.63636363624,220163.40726476666,341272.6264354884,casualties,russia
2023-09-25,578,273720.1197572912,256416.32330910343,292191.7001882414,219837.50472028958,340809.4809307276,casualties,russia
2023-09-24,577,273310.1676961158,256090.48343308075,291687.7607556466,219490.58428151452,340326.4472950844,casualties,russia
2023-09-23,576,272893.2512331734,255754.1052755299,291180.99980700016,219136.42657204132,339837.2933015696,casualties,russia
2023-09-22,575,272466.71413368627,255403.97304175745,290669.401833857,218772.52039116688,339339.29878642596,casualties,russia
2023-09-21,574,272031.8932346611,255042.20210068632,290153.3940002839,218400.30528871508,338833.5661240553,casualties,russia
2023-09-20,573,271558.6974398291,254632.24331035576,289610.35274583293,217991.16545272648,338289.53831615654,casualties,russia
2023-09-19,572,271077.345683427,254211.4949629944,289062.19689116155,217574.04560999363,337737.58709827444,casualties,russia
2023-09-18,571,270609.3782700552,253806.4250372557,288524.7666529658,217169.52543649805,337199.4407160222,casualties,russia
2023-09-17,570,270144.4156759761,253403.52307044363,287991.2923229368,216767.4894764701,336664.93537304766,casualties,russia
2023-09-16,569,269668.9471832704,252986.17981166087,287451.8445229281,216355.03286478049,336120.437474403,casualties,russia
2023-09-15,568,269198.38389485655,252573.15388839965,286917.96297067247,215946.82121239288,335581.57976508804,casualties,russia
2023-09-14,567,268735.4240355913,252167.8456668538,286391.53085843247,215545.46980369394,335051.03038366674,casualties,russia
2023-09-13,566,268322.08302346675,251820.40031708745,285905.1473729084,215190.70381905933,334571.80958307337,casualties,russia
2023-09-12,565,267923.8098750193,251489.30223463656,285432.3256235231,214849.77244570004,334108.6651070662,casualties,russia
2023-09-11,564,267524.8133811418,251155.3130268116,284961.2576934903,214507.6503012033,333645.5760318123,casualties,russia
2023-09-10,563,267128.325624701,250822.17198391206,284494.58480922,214167.36487522657,333185.89558849,casualties,russia
2023-09-09,562,266717.91003980156,250471.26624378032,284018.40152815485,213813.6606508282,332712.35947786947,casualties,russia
2023-09-08,561,266290.00337888947,250097.59011577538,283530.79825989576,213442.98346095218,332221.60727121856,casualties,russia
2023-09-07,560,265851.1960032263,249709.91517760276,283035.85852744087,213061.79223873204,331720.03438114567,casualties,russia
2023-09-06,559,265381.4898792061,249285.18444453357,282517.1346554783,212651.4170028129,331186.80473967554,casualties,russia
2023-09-05,558,264910.289790873,248856.4277175038,281999.7969675537,212239.10800668737,330652.87113661104,casualties,russia
2023-09-04,557,264449.34888882434,248437.37949036516,281493.30349717697,211835.8808000382,330130.4111924069,casualties,russia
2023-09-03,556,263990.61714323953,248019.05281993494,280990.6985661233,211434.2949817267,329610.92182776995,casualties,russia
2023-09-02,555,263554.1845601323,247624.20898006903,280508.96092409216,211053.01188463427,329115.48355464404,casualties,russia
2023-09-01,554,263125.6904677601,247236.78942704172,280035.7129849093,210678.7473384738,328628.9429044156,casualties,russia
2023-08-31,553,262708.6374446938,246860.13239178146,279574.628754943,210314.60159776037,328155.21281652176,casualties,russia
2023-08-30,552,262302.1415464174,246493.78346657183,279124.33987474337,209959.89160156596,327693.1529496449,casualties,russia
2023-08-29,551,261894.5367577956,246124.5196244844,278674.9937605115,209603.77916663126,327230.5248444379,casualties,russia
2023-08-28,550,261478.10063090047,245743.41234385662,278220.2654285532,209239.05631276977,326759.282462533,casualties,russia
2023-08-27,549,261063.40202534432,245361.83234386842,277769.7712095098,208875.3871619801,326290.75030520814,casualties,russia
2023-08-26,548,260652.4952581159,244981.87629500247,277325.5084497291,208514.6232485701,325827.1712824543,casualties,russia
2023-08-25,547,260250.94407603538,244609.50984105587,276892.5625339567,208161.84696414814,325374.51488730975,casualties,russia
2023-08-24,546,259862.09424302878,244248.07479703965,276474.26982715086,207820.0526835834,324936.46569548623,casualties,russia
2023-08-23,545,259489.5101199291,243901.8235301835,276073.40101835376,207492.59833975826,324516.68894431763,casualties,russia
2023-08-22,544,259125.34716214825,243561.9896816462,275683.1871337243,207172.23755479997,324106.8948525938,casualties,russia
2023-08-21,543,258765.40751568394,243224.26792506894,275299.56908943376,206855.1866063324,323702.50190235337,casualties,russia
2023-08-20,542,258414.72368985723,242893.5750254935,274927.68987099314,206545.92037341007,323309.096233899,casualties,russia
2023-08-19,541,258065.95731680343,242562.32324357785,274560.5234707154,206237.81113015668,322918.6904308758,casualties,russia
2023-08-18,540,257712.95648752278,242225.1704367443,274191.02665668353,205925.54427163166,322524.2115087922,casualties,russia
2023-08-17,539,257338.06375197967,241864.69929867995,273801.34278932627,205593.37518942982,322106.12589313457,casualties,russia
2023-08-16,538,256900.3182139859,241444.1909929785,273345.87636868504,205205.65912232906,321617.75034311553,casualties,russia
2023-08-15,537,256400.7295387924,240965.14362661156,272825.0801258298,204763.42783815064,321060.00363563915,casualties,russia
2023-08-14,536,255857.33410062193,240445.76903622053,272256.71773465513,204282.86882862714,320452.6776779949,casualties,russia
2023-08-13,535,255253.45150566875,239869.49743091752,271624.05201306345,203749.09312663777,319777.35055016784,casualties,russia
2023-08-12,534,254597.5203525405,239245.29728019243,270934.8870384133,203169.78622907956,319043.1106470413,casualties,russia
2023-08-11,533,253909.78858524535,238592.96529743593,270209.8980868651,202562.95819926943,318272.4249283755,casualties,russia
2023-08-10,532,253205.45416101074,237927.6161202665,269464.31486259855,201942.1931058714,317482.05717911845,casualties,russia
2023-08-09,531,252527.23105824733,237287.97434489007,268745.19292994635,201344.77627018956,316720.5160264382,casualties,russia
2023-08-08,530,251904.6896917751,236699.76769393278,268086.3329254765,200796.22847999277,316021.81984558026,casualties,russia
2023-08-07,529,251305.47048699897,236131.23118825315,267454.8356812476,200267.7509627559,315350.09532147937,casualties,russia
2023-08-06,528,250735.47085493596,235588.35466226735,266856.470072447,199764.634897623,314711.8112493868,casualties,russia
2023-08-05,527,250185.84975234364,235061.87640023004,266282.9089112601,199278.8763486285,314097.38113312173,casualties,russia
2023-08-04,526,249653.47027264634,234548.77292861426,265730.89985378634,198807.68483315283,313503.31883173075,casualties,russia
2023-08-03,525,249137.1198884838,234048.1247200895,265198.9037967244,198350.04188167112,312928.1836194808,casualties,russia
2023-08-02,524,248623.87988270438,233548.28191212757,264672.61824707256,197894.70718754444,312357.25916993356,casualties,russia
2023-08-01,523,248083.95833902952,233021.58573450046,264119.96071604925,197415.55565087817,311756.92035332543,casualties,russia
2023-07-31,522,247482.3009068701,232424.12223374785,263516.0809683557,196879.25418484604,311091.73788201873,casualties,russia
2023-07-30,521,246898.00702476423,231841.94783818658,262931.85132115165,196358.03159329126,310446.4219909374,casualties,russia
2023-07-29,520,246331.49090059858,231275.54137741972,262367.61302970996,195852.27258270816,309821.40811673744,casualties,russia
2023-07-28,519,245758.35568739608,230702.65878171512,261796.62819256276,195340.699252878,309188.9842950801,casualties,russia
2023-07-27,518,245176.64353411127,230120.5508816597,261217.84616495395,194821.38134435547,308547.2814109767,casualties,russia
2023-07-26,517,244609.4038622252,229551.15264773715,260655.48212320067,194314.63666854653,307922.138217586,casualties,russia
2023-07-25,516,244050.75736381568,228990.10919171435,260101.95443631138,193815.5706521246,307306.5098095067,casualties,russia
2023-07-24,515,243565.4309734933,228508.17968813799,259614.87338510092,193383.34853938167,306769.6084662421,casualties,russia
2023-07-23,514,243064.06813492134,228010.37430003216,259111.6509297687,192936.9040904844,306214.9084855705,casualties,russia
2023-07-22,513,242568.32774458514,227517.1100057926,258615.26456336773,192495.26427724384,305666.7836529361,casualties,russia
2023-07-21,512,242103.54405423967,227049.6753674669,258155.537252468,192080.07559525096,305154.7092507913,casualties,russia
2023-07-20,511,241663.52535274095,226603.3810519364,257724.59849427748,191686.1642397366,304671.2961961647,casualties,russia
2023-07-19,510,241215.40401254757,226147.72578464603,257287.03393363132,191284.77901632755,304179.3700086724,casualties,russia
2023-07-18,509,240768.40832193152,225692.61487827916,256851.26111514866,190884.309459957,303688.865309482,casualties,russia
2023-07-17,508,240312.72466035731,225229.71728432178,256405.8262992976,190476.34662206064,303188.4024179934,casualties,russia
2023-07-16,507,239862.76270108795,224770.6427574694,255968.26292748353,190073.08018618322,302694.9412979056,casualties,russia
2023-07-15,506,239403.54850165246,224302.05080528377,255521.80604680828,189661.5390974613,302191.34236104327,casualties,russia
2023-07-14,505,238900.29846400218,223794.72125946198,255025.49039831889,189212.04601705368,301637.08330283,casualties,russia
2023-07-13,504,238365.1916685987,223258.6868078596,254493.88478040442,188734.95874978858,301046.4130043663,casualties,russia
2023-07-12,503,237826.8814237281,222719.14554541148,253959.44927505052,188255.00830778264,300452.2690205094,casualties,russia
2023-07-11,502,237294.5437011044,222182.3917985686,253434.6054804969,187779.67721157824,299865.8902166491,casualties,russia
2023-07-10,501,236774.27116269377,221654.24456960201,252925.73449179504,187314.31757417734,299294.126312294,casualties,russia
2023-07-09,500,236252.70687305217,221122.53868880912,252418.18745595615,186847.31094474834,298721.77745739237,casualties,russia
2023-07-08,499,235725.10228835107,220585.18545199867,251904.19904251187,186375.06583348833,298142.5768429515,casualties,russia
2023-07-07,498,235210.78172764473,220058.86102525983,251406.02218488988,185914.17648821004,297578.8666885862,casualties,russia
2023-07-06,497,234699.5309342341,219536.94748747585,250909.381494306,185456.40659021915,297017.9834034325,casualties,russia
2023-07-05,496,234194.52924143305,219021.34236211257,250418.90924761898,185004.2719877651,296463.9432394729,casualties,russia
2023-07-04,495,233652.27968000402,218478.05515292584,249880.44297092824,184521.34163713726,295865.00305491616,casualties,russia
2023-07-03,494,233074.5605667164,217907.55792102654,249297.245256918,184008.88588380348,295223.62912596983,casualties,russia
2023-07-02,493,232485.91950517363,217331.86521841146,248696.641070724,183488.15178864586,294567.9223650238,casualties,russia
2023-07-01,492,231884.21215688696,216747.0643399956,248078.51333369763,182956.81699199718,293896.17696167325,casualties,russia
2023-06-30,491,231269.36809790775,216150.08670475273,247446.2228987142,182414.10652482728,293209.46387393074,casualties,russia
2023-06-29,490,230659.55743598356,215555.2547241435,246822.25553032928,181875.2581039114,292529.3623015413,casualties,russia
2023-06-28,489,230048.40624509723,214959.323801719,246196.68700972074,181335.35129086016,291847.6185974893,casualties,russia
2023-06-27,488,229480.42749120516,214394.7205927389,245627.65692699127,180831.06520037423,291218.144779611,casualties,russia
2023-06-26,487,228932.31801757967,213844.75955687833,245084.39770913761,180343.26358091843,290612.6106295026,casualties,russia
2023-06-25,486,228394.29679423285,213301.36791599815,244555.22524857803,179863.64487350557,290019.55664446193,casualties,russia
2023-06-24,485,227868.56871377374,212764.04717538418,244045.43846956515,179393.51341468157,289442.48294444935,casualties,russia
2023-06-23,484,227315.24303810805,212189.6864308574,243519.0704078685,178896.6324576596,288838.54446802894,casualties,russia
2023-06-22,483,226761.8672987452,211615.3012769686,242992.6494746174,178399.7715067191,288234.5091098968,casualties,russia
2023-06-21,482,226208.19713752027,211040.62285937744,242465.9569313,177902.71179681338,287630.1079742269,casualties,russia
2023-06-20,481,225597.88310710937,210408.74922349086,241883.59917907798,177355.24673103724,286963.24134668254,casualties,russia
2023-06-19,480,224968.06948887452,209762.37209859377,241276.11887851293,176791.7644137707,286272.755566037,casualties,russia
2023-06-18,479,224292.02838368554,209078.467024708,240612.66613126334,176189.45055337893,285527.57995416736,casualties,russia
2023-06-17,478,223564.85740906204,208359.08953102177,239880.35266008027,175545.67628927022,284719.50010440947,casualties,russia
2023-06-16,477,222829.36371462417,207652.19755056596,239115.83622312668,174899.74451746946,283893.83086716343,casualties,russia
2023-06-15,476,222065.85604610667,206922.95773930007,238316.93937931868,174230.44882208342,283034.7839131894,casualties,russia
2023-06-14,475,221288.02887830982,206173.18223402585,237510.97164697843,173547.04149520578,282162.2478711109,casualties,russia
2023-06-13,474,220519.24923939048,205433.53989422595,236712.77600927645,172872.08792756466,281299.1643098047,casualties,russia
2023-06-12,473,219708.1994880884,204635.44761816083,235891.2317503588,172155.80366271193,280395.62734805566,casualties,russia
2023-06-11,472,218884.67126345294,203796.53971493692,235090.06234755635,171421.58251094786,279489.62512325856,casualties,russia
2023-06-10,471,218123.3572138094,203002.001255694,234371.39422242658,170738.24003485774,278659.6534010976,casualties,russia
2023-06-09,470,217431.502613633,202257.46921783374,233744.30256619246,170111.77253876574,277914.43205049855,casualties,russia
2023-06-08,469,216780.51581206545,201546.92461412112,233165.83793376945,169519.91824098275,277217.23085636826,casualties,russia
2023-06-07,468,216161.71063880916,200870.11272015632,232617.66705285865,168956.99223308964,276555.133493637,casualties,russia
2023-06-06,467,215598.87630800618,200247.42009683192,232127.37821345465,168443.22770753593,275955.89129913127,casualties,russia
2023-06-05,466,215098.8987791578,199700.1725448163,231685.09789847402,167988.34572167712,275421.2158229789,casualties,russia
2023-06-04,465,214646.7674554019,199223.58152704325,231264.0334785564,167581.6117869157,274930.2419837158,casualties,russia
2023-06-03,464,214185.4286232525,198742.36970151484,230828.5311092389,167167.91274128598,274427.1665048303,casualties,russia
2023-06-02,463,213710.60181325828,198252.8455603283,230373.65081733267,166743.60712916913,273906.99762885657,casualties,russia
2023-06-01,462,213213.15515125194,197746.22289402861,229889.89144071547,166300.73255263406,273359.40777175897,casualties,russia
2023-05-31,461,212682.1105507854,197216.87383143412,229360.1196086098,165830.9388491776,272769.97552958,casualties,russia
2023-05-30,460,212116.79596124307,196663.65769037604,228784.20943226854,165333.51839650114,272138.14250263764,casualties,russia
2023-05-29,459,211540.18556310266,196100.43433969552,228195.58521459662,164826.5092936957,271493.1730176552,casualties,russia
2023-05-28,458,210961.270640303,195534.8181037777,227604.78507803174,164317.52520192167,270845.6097213874,casualties,russia
2023-05-27,457,210363.83446407315,194953.28827297353,226992.5576538358,163792.9025666544,270176.3368777903,casualties,russia
2023-05-26,456,209758.66347661734,194362.99702356555,226373.8589839061,163261.25289528025,269498.8590383632,casualties,russia
2023-05-25,455,209173.41216011977,193785.5821953784,225783.17629203814,162745.50612840778,268846.3859193721,casualties,russia
2023-05-24,454,208606.78382030892,193218.5626476398,225220.60157078961,162244.21396020812,268217.9783118613,casualties,russia
2023-05-23,453,208064.27526485984,192667.03695018738,224692.07298752075,161762.11464918405,267619.9365654077,casualties,russia
2023-05-22,452,207538.4067597892,192126.6451797092,224186.52951802145,161293.38221752306,267042.65950169665,casualties,russia
2023-05-21,451,207009.97225823495,191584.3744457702,223677.65668034437,160822.63815527235,266462.18470210535,casualties,russia
2023-05-20,450,206499.71931546828,191054.94527214242,223193.11680612378,160366.65683406722,265904.1344063233,casualties,russia
2023-05-19,449,206001.81230366795,190536.74401161965,222722.19328846948,159921.34184939694,265360.2669971617,casualties,russia
2023-05-18,448,205498.27772742714,190013.08885174207,222245.51974440378,159471.14056600555,264810.08150880685,casualties,russia
2023-05-17,447,205003.9455668157,189496.43444556365,221780.60514892937,159028.54379487075,264271.0573455881,casualties,russia
2023-05-16,446,204496.61865070017,188969.01561548794,221300.216991282,158575.08871163538,263716.64836332697,casualties,russia
2023-05-15,445,203965.98550063558,188431.35523737047,220781.396287786,158104.52747286446,263130.64592309203,casualties,russia
2023-05-14,444,203423.44871556424,187888.62080248984,220242.76049783736,157625.33149001293,262528.3758352899,casualties,russia
2023-05-13,443,202859.08844333983,187331.211583623,219674.09714609355,157128.80830199464,261898.71529541435,casualties,russia
2023-05-12,442,202273.25112482344,186756.54099300996,219079.1866369634,156614.50093777713,261243.32012080043,casualties,russia
2023-05-11,441,201690.76624932757,186186.0673052806,218486.6396046618,156103.45054048992,260591.22814642353,casualties,russia
2023-05-10,440,201087.70702044736,185602.72786138288,217864.63064735068,155576.34536137764,259912.84695145895,casualties,russia
2023-05-09,439,200471.56270379937,185012.28190334985,217222.62091129407,155039.36126056165,259217.22522940565,casualties,russia
2023-05-08,438,199881.8407624335,184433.8050260025,216623.8336008738,154521.99556360682,258557.20659267873,casualties,russia
2023-05-07,437,199336.90956355547,183884.63562550163,216087.73075288165,154040.165862147,257953.67906933455,casualties,russia
2023-05-06,436,198811.11595589638,183352.39445448812,215573.2457035712,153574.72514847477,257372.316262777,casualties,russia
2023-05-05,435,198272.1793098408,182814.61388836632,215036.78568698475,153099.79098291835,256772.9174202025,casualties,russia
2023-05-04,434,197709.23164349783,182260.93861374914,214466.95703759926,152605.90605256095,256143.18810527766,casualties,russia
2023-05-03,433,197128.3133471938,181697.864933519,213869.2018391338,152098.5429503562,255489.59389897413,casualties,russia
2023-05-02,432,196523.88983884393,181123.91924064673,213233.2464851186,151573.89208755092,254804.188831764,casualties,russia
2023-05-01,431,195891.11369814034,180530.3126761367,212558.92517319415,151026.63977089088,254083.33853260084,casualties,russia
2023-04-30,430,195226.85172643233,179914.90885521827,211841.94588188973,150454.2916842921,253323.10649601946,casualties,russia
2023-04-29,429,194561.84872685044,179298.87092615198,211124.10649480502,149881.42726216972,252561.8965237966,casualties,russia
2023-04-28,428,193924.30238817615,178702.4106550795,210442.80682369453,149330.790277592,251834.59551156886,casualties,russia
2023-04-27,427,193277.28406804317,178098.10096334902,209750.19374106178,148772.3635799328,251095.9170210645,casualties,russia
2023-04-26,426,192621.48715799063,177489.33361294775,209043.7727005713,148207.4593880456,250345.4408435218,casualties,russia
2023-04-25,425,191960.30348733225,176876.71815520624,208330.1895225281,147638.33764441276,249588.16795964562,casualties,russia
2023-04-24,424,191278.5667015164,176249.52816948306,207589.1645701458,147052.82268147895,248805.25778129933,casualties,russia
2023-04-23,423,190586.9007778414,175610.6497677485,206840.35364849045,146458.25604051806,248011.92684063484,casualties,russia
2023-04-22,422,189877.27341232254,174956.62835354314,206070.3926918004,145848.75495471605,247197.2294451372,casualties,russia
2023-04-21,421,189140.94973514602,174282.4661317808,205266.20613809535,145217.6168587679,246349.78639282563,casualties,russia
2023-04-20,420,188400.6860433735,173608.35316582822,204453.40836522853,144584.1896966946,245496.06230437872,casualties,russia
2023-04-19,419,187672.79639639636,172939.28800748475,203661.52701617914,143959.87580787262,244659.20476208543,casualties,russia
2023-04-18,418,186946.71114012427,172270.61235484353,202873.10378379692,143336.919764889,243824.8396390144,casualties,russia
2023-04-17,417,186213.05058059667,171602.37356890246,202067.73230050463,142709.50397133714,242978.4064192907,casualties,russia
2023-04-16,416,185476.61736337526,170932.72665022247,201257.9974429839,142080.16687682344,242128.1202528644,casualties,russia
2023-04-15,415,184747.51622867488,170266.7950528444,200459.7964985633,141456.49525725195,241287.42615268118,casualties,russia
2023-04-14,414,184024.7839908911,169605.72921882806,199669.6874060656,140838.17511069344,240454.3422253868,casualties,russia
2023-04-13,413,183310.8260658623,168948.3356387048,198894.29852502642,140226.3989096143,239633.11806361133,casualties,russia
2023-04-12,412,182575.5618012681,168275.60595627478,198090.7278182732,139597.60073349896,238785.3831138825,casualties,russia
2023-04-11,411,181835.2647163348,167598.273062543,197281.65846556518,138964.6434960682,237931.70353341958,casualties,russia
2023-04-10,410,181104.399604942,166923.72685786537,196489.77308658088,138338.43993951892,237091.25513730175,casualties,russia
2023-04-09,409,180353.50809848227,166242.36687294126,195662.4633267564,137698.15301075776,236222.6233259409,casualties,russia
2023-04-08,408,179572.27077366933,165545.59806059353,194787.4549595993,137035.16738488027,235313.54910506937,casualties,russia
2023-04-07,407,178765.55180494746,164833.93040084554,193874.704666628,136352.6500832365,234371.34116747967,casualties,russia
2023-04-06,406,177946.5267998613,164115.22098448168,192943.54713967975,135660.82199047125,233412.98277571917,casualties,russia
2023-04-05,405,177157.6082240912,163416.82029433973,192053.80895129475,134993.06134907782,232492.30870265365,casualties,russia
2023-04-04,404,176405.667082003,162742.99728048968,191215.37020103983,134354.7281214031,231618.11426886116,casualties,russia
2023-04-03,403,175656.02328967233,162073.6156623045,190376.69962637027,133719.0740828919,230745.44625405187,casualties,russia
2023-04-02,402,174917.12562594048,161406.20875102113,189559.01132672516,133090.82553947135,229888.3487434451,casualties,russia
2023-04-01,401,174195.45596846053,160747.5204907743,188768.4296106887,132475.7126033839,229053.96039741937,casualties,russia
2023-03-31,400,173499.1849237338,160100.48748542494,188019.21229462643,131879.61540142682,228253.60740261662,casualties,russia
2023-03-30,399,172820.99902011856,159459.73364512544,187301.82518858372,131296.61973011112,227478.28909084538,casualties,russia
2023-03-29,398,172145.95033281247,158816.67506527883,186593.95653322357,130715.1993584661,226708.6213398997,casualties,russia
2023-03-28,397,171482.70933055892,158177.36583571028,185907.30010823693,130142.2683025813,225955.44476360438,casualties,russia
2023-03-27,396,170850.0554675997,157554.30338361152,185267.8831140797,129592.71001210366,225242.41590400942,casualties,russia
2023-03-26,395,170235.51120375734,156942.87520441186,184654.0808949711,129057.5368112517,224552.26784249253,casualties,russia
2023-03-25,394,169631.08031603153,156337.6525414533,184054.93076880564,128530.38763643765,223874.96374163413,casualties,russia
2023-03-24,393,169027.35051240897,155735.1236211663,183454.15484306286,128004.47167819014,223197.4914572424,casualties,russia
2023-03-23,392,168428.35962816633,155139.59969365518,182855.44510529088,127483.36716768314,222524.2760727198,casualties,russia
2023-03-22,391,167816.36268621485,154542.2966268826,182230.6056388941,126953.79811033777,221831.5917701281,casualties,russia
2023-03-21,390,167164.10726750694,153921.11829124475,181546.50431146484,126393.27592149694,221086.68426121524,casualties,russia
2023-03-20,389,166484.56651716886,153281.34026654603,180825.08761184927,125811.2554601559,220307.33875007453,casualties,russia
2023-03-19,388,165821.73590521296,152655.81703004538,180123.16450784306,125243.33757637866,219547.64737852276,casualties,russia
2023-03-18,387,165175.59062970703,152044.5819240705,179440.63961063483,124689.50309987969,218807.56697831437,casualties,russia
2023-03-17,386,164519.50173372964,151429.11008242346,178741.5114001845,124128.55867274123,218053.74344029633,casualties,russia
2023-03-16,385,163833.97084200254,150795.11819564181,178000.26906488868,123544.81478071304,217262.05830880674,casualties,russia
2023-03-15,384,163167.16667100048,150169.37495787672,177289.98493495482,122974.98911894794,216495.68760716188,casualties,russia
2023-03-14,383,162524.59097953458,149556.30834262617,176617.38939307394,122423.61967110795,215761.25492196166,casualties,russia
2023-03-13,382,161890.0625828273,148950.18355339803,175954.0892707112,121879.15386383147,215036.1599832489,casualties,russia
2023-03-12,381,161221.42926635253,148322.35822878554,175242.29569359554,121308.19461589353,214267.33372750584,casualties,russia
2023-03-11,380,160538.1542320438,147684.31339934788,174510.7510211473,120725.72937706445,213480.03206681053,casualties,russia
2023-03-10,379,159875.03463947197,147059.3688031852,173807.54912388383,120159.23769300466,212718.21868589462,casualties,russia
2023-03-09,378,159200.07416888163,146423.76493255384,173091.19403399795,119582.96270245894,211942.3726689605,casualties,russia
2023-03-08,377,158505.7538051368,145778.24572316333,172344.46824693156,118992.31350749527,211140.59201278878,casualties,russia
2023-03-07,376,157819.37044074753,145144.62488520518,171600.93886612082,118409.65708583749,210345.90589975705,casualties,russia
2023-03-06,375,157143.1485786749,144522.82374323948,170865.5333570342,117836.37117528578,209561.79062210137,casualties,russia
2023-03-05,374,156473.20806288742,143906.06956510752,170137.82051395116,117268.41022800693,208785.09397269704,casualties,russia
2023-03-04,373,155769.3630571843,143263.24549670416,169367.20058323155,116673.10835796545,207966.740279534,casualties,russia
2023-03-03,372,155033.93804054658,142597.1416268472,168555.42819589592,116052.59945444256,207109.13956878876,casualties,russia
2023-03-02,371,154318.86985228522,141946.9886058049,167769.06804441783,115448.88760938993,206276.11769640964,casualties,russia
2023-03-01,370,153600.53669092734,141292.44597022468,166980.79776362944,114842.27506622103,205439.69966671115,casualties,russia
2023-02-28,369,152894.46598191562,140649.74801461774,166205.1898231735,114246.32025237958,204617.1335922911,casualties,russia
2023-02-27,368,152181.36294750206,139999.66155589878,165423.02423318985,113644.37164115979,203786.61592507808,casualties,russia
2023-02-26,367,151462.20775694403,139343.0070024822,164635.4625620586,113037.26465984648,202949.29378805766,casualties,russia
2023-02-25,366,150766.6779399266,138704.4647060254,163877.8624396876,112449.5015327719,202140.71754909688,casualties,russia
2023-02-24,365,150080.9309614338,138072.79558779544,163133.40918441242,111869.72269427963,201344.18568529596,casualties,russia
2023-02-23,364,149392.63644530266,137437.65479755373,162387.51958653957,111287.74152450233,200544.95100279164,casualties,russia
2023-02-22,363,148707.32865612188,136803.4156414784,161647.05801750638,110708.06431964626,199749.74822070473,casualties,russia
2023-02-21,362,148001.77391376952,136149.53077103317,160885.79313507117,110111.21945178257,198931.26181303727,casualties,russia
2023-02-20,361,147306.7499161647,135504.85871778528,160136.53677850228,109523.3407123335,198125.0355117631,casualties,russia
2023-02-19,360,146615.41333784309,134862.18892343776,159392.93185171715,108938.46998926466,197323.46033492402,casualties,russia
2023-02-18,359,145925.69010542537,134219.90594065178,158652.3788529511,108354.91189930077,196524.01547729483,casualties,russia
2023-02-17,358,145255.70609021312,133594.1521098829,157935.21127782486,107787.82627414336,195748.02319375717,casualties,russia
2023-02-16,357,144603.76770185787,132982.82819381004,157240.2285184573,107235.67086060437,194993.72688013272,casualties,russia
2023-02-15,356,143978.28981994643,132396.2153058907,156573.5745508042,106706.07724413507,194269.9157515651,casualties,russia
2023-02-14,355,143369.3116559027,131824.51826888375,155925.1699333548,106190.48574655045,193565.27376156423,casualties,russia
2023-02-13,354,142783.54315898192,131272.98028827924,155303.4071082686,105694.31412340593,192888.02275481433,casualties,russia
2023-02-12,353,142202.9988147898,130725.19695585401,154688.5698680241,105202.4914892734,192217.10826127342,casualties,russia
2023-02-11,352,141620.62121084443,130174.54257358442,154073.1461271953,104709.04299090212,191544.36593769872,casualties,russia
2023-02-10,351,141016.48135589092,129602.73317673088,153435.41606081097,104197.21474353797,190846.5407382201,casualties,russia
2023-02-09,350,140394.89606558013,129016.52577014723,152776.77143277242,103671.28868407059,190127.49342230562,casualties,russia
2023-02-08,349,139753.57142616657,128409.14550653126,152100.2444487259,103128.27357195305,189386.48420311805,casualties,russia
2023-02-07,348,139090.93760584036,127779.99490545718,151403.1291789086,102567.04978582426,188621.32690162622,casualties,russia
2023-02-06,347,138390.43482275866,127113.08934383286,150668.31649160624,101973.54513619059,187812.99796076096,casualties,russia
2023-02-05,346,137685.78067756377,126439.62806762353,149932.24803203286,101376.18249881307,187000.72392026594,casualties,russia
2023-02-04,345,136986.31825360146,125769.46138808983,149203.59405159616,100783.07974516157,186194.90648983401,casualties,russia
2023-02-03,344,136288.00300707167,125098.96555937841,148477.84688766723,100190.88768377184,185390.76255132214,casualties,russia
2023-02-02,343,135595.44715081155,124431.45806771646,147761.11144271234,99603.27564943886,184594.0486184801,casualties,russia
2023-02-01,342,134906.98862642836,123768.04466030089,147048.46156292234,99019.40299447183,183801.7774131535,casualties,russia
2023-01-31,341,134227.8786379871,123112.10621473346,146347.33206195183,98443.3368028468,183020.7029055895,casualties,russia
2023-01-30,340,133559.17730640774,122465.56377452037,145657.7522741609,97876.18287654669,182251.66739784292,casualties,russia
2023-01-29,339,132902.48912472662,121830.54469107398,144980.6923745733,97319.42544708999,181496.2827381496,casualties,russia
2023-01-28,338,132245.09769884348,121193.33408805467,144304.73194289673,96761.95813268932,180740.52289543767,casualties,russia
2023-01-27,337,131591.3180823503,120558.19086711956,143634.22156973692,96207.48084009466,179989.29799578397,casualties,russia
2023-01-26,336,130949.2300919834,119930.69737389006,142980.14801639566,95662.32728077368,179252.85049238423,casualties,russia
2023-01-25,335,130301.86278046317,119294.76790226689,142324.63799952375,95112.18709144855,178511.52968473954,casualties,russia
2023-01-24,334,129634.27777716052,118651.71827181015,141633.45823075584,94547.95517185691,177741.4745839687,casualties,russia
2023-01-23,333,128959.35576459276,117999.15125680556,140937.63691744357,93977.21595317351,176963.77777772333,casualties,russia
2023-01-22,332,128273.04847397433,117335.578318795,140230.10163655912,93397.09996005747,176172.74027576498,casualties,russia
2023-01-21,331,127581.73962686182,116666.1081958456,139518.7157044459,92812.77423445256,175376.17127466048,casualties,russia
2023-01-20,330,126890.22047088141,115995.35927527359,138808.43916678496,92228.30075956625,174579.58790096507,casualties,russia
2023-01-19,329,126194.35839160165,115318.7360276877,138095.7362095577,91640.042354352,173778.49777457237,casualties,russia
2023-01-18,328,125499.09038897237,114641.87121136261,137384.67338602105,91052.36553869628,172978.23161049074,casualties,russia
2023-01-17,327,124811.40154329456,113960.16083860766,136696.02158735186,90468.63843414812,172191.62297921785,casualties,russia
2023-01-16,326,124135.87029731076,113289.67926796517,136020.5957671713,89895.28327005738,171419.10404580896,casualties,russia
2023-01-15,325,123473.97369414431,112630.15438641142,135361.94818497775,89333.16758850988,170663.09263479421,casualties,russia
2023-01-14,324,122827.24459119089,111985.88106922152,134718.28688592356,88784.19438216051,169924.1796839735,casualties,russia
2023-01-13,323,122194.68100491675,111361.36156577601,134081.97392893463,88248.76163541629,169198.8127655781,casualties,russia
2023-01-12,322,121571.73028328293,110749.82685684637,133451.17249961657,87722.48874411918,168482.77450911817,casualties,russia
2023-01-11,321,120953.55162700386,110141.51817814008,132827.02463898118,87200.15220737415,167772.68915591668,casualties,russia
2023-01-10,320,120336.4612803761,109530.79473113472,132208.23948150186,86678.1915923854,167065.19256693785,casualties,russia
2023-01-09,319,119727.24959384244,108928.60974741285,131596.51661618298,86163.26418899631,166366.26471990987,casualties,russia
2023-01-08,318,119130.68691989394,108338.44204648155,130998.13552463318,85659.11595266114,165681.92164577503,casualties,russia
2023-01-07,317,118553.85032619783,107766.54113411995,130421.09903861345,85171.5273175524,165020.63670500787,casualties,russia
2023-01-06,316,117976.59311900329,107197.26071119064,129839.96619373128,84684.50349769885,164357.303162719,casualties,russia
2023-01-05,315,117411.96350590726,106636.36252202121,129276.5210552717,84207.40133897711,163710.13526669252,casualties,russia
2023-01-04,314,116858.74156882608,106088.15286388084,128722.88332044063,83740.44538688698,163075.31570424407,casualties,russia
2023-01-03,313,116322.87234635525,105556.94455327699,128186.91550404772,83288.28925151573,162460.37110148522,casualties,russia
2023-01-02,312,115792.8361987145,105029.83386560793,127658.88516715071,82840.83316248996,161852.77117937896,casualties,russia
2023-01-01,311,115236.54906781507,104481.36831551776,127098.97166169914,82372.52471148361,161212.7766828139,casualties,russia
2022-12-31,310,114649.78945515817,103900.04526767373,126511.88496761979,81878.11020701812,160538.87768014692,casualties,russia
2022-12-30,309,114056.74406400383,103299.4838338639,125934.41304754482,81375.63518531749,159863.47122345245,casualties,russia
2022-12-29,308,113447.70181377395,102680.59807166133,125344.06853530373,80859.31813407694,159170.72917425024,casualties,russia
2022-12-28,307,112831.38256251896,102051.68346771321,124750.00427217102,80336.42958775649,158470.82964944103,casualties,russia
2022-12-27,306,112208.42701835168,101414.47322751197,124151.53515160899,79807.76135922008,157764.02515436916,casualties,russia
2022-12-26,305,111573.78154657384,100764.03015445654,123543.52670333066,79269.06721240634,157044.49108234185,casualties,russia
2022-12-25,304,110965.40619002796,100133.24217795244,122969.69473625597,78751.20101774453,156357.9878634277,casualties,russia
2022-12-24,303,110387.10282337922,99533.94670876404,122423.97791918216,78259.1826617849,155705.23856200065,casualties,russia
2022-12-23,302,109814.26632046247,98939.82213982716,121884.19611771173,77771.89558160656,155058.87307676362,casualties,russia
2022-12-22,301,109242.74932363791,98346.30380297723,121346.77210226105,77285.74510886568,154414.34740117795,casualties,russia
2022-12-21,300,108668.12637039625,97749.8774207777,120806.20528526846,76797.22728088565,153766.14805168615,casualties,russia
2022-12-20,299,108090.13896930826,97149.59234515784,120263.10312355563,76305.95749136669,153114.31986829426,casualties,russia
2022-12-19,298,107514.76066094289,96559.01006298748,119713.90464891266,75818.7984766324,152461.96320402398,casualties,russia
2022-12-18,297,106928.40883515857,95957.15443530768,119154.38408121587,75322.5436755194,151797.12081172617,casualties,russia
2022-12-17,296,106316.23323858749,95326.67039464992,118573.0167044454,74804.10940319434,151104.01411066714,casualties,russia
2022-12-16,295,105703.60022953799,94694.84919444883,117992.4931726844,74285.29148908307,150410.8136141284,casualties,russia
2022-12-15,294,105092.2354341577,94063.91296495932,117413.90917165525,73767.6604824064,149719.26422102278,casualties,russia
2022-12-14,293,104484.22228144326,93434.67408714333,116840.9065613842,73252.65206835691,149032.38974870474,casualties,russia
2022-12-13,292,103882.22231965781,92811.35733973331,116274.1552439361,72742.87346090333,148352.46903017125,casualties,russia
2022-12-12,291,103276.36776148366,92175.89839312664,115714.14876333372,72228.0321784063,147672.2661545864,casualties,russia
2022-12-11,290,102685.06203467918,91554.46250165498,115169.3372535975,71725.43344830858,147009.04619630903,casualties,russia
2022-12-10,289,102109.06492958647,90955.27930961322,114631.04890331198,71237.59682589487,146359.80911932906,casualties,russia
2022-12-09,288,101552.79656585165,90379.58965067391,114107.6355407352,70767.39972150566,145731.2834063779,casualties,russia
2022-12-08,287,100999.89952698318,89812.94032848257,113580.56124329111,70301.66999788213,145103.65041009584,casualties,russia
2022-12-07,286,100450.67365478352,89251.18927406809,113055.74947241186,69839.52382141644,144479.59877164694,casualties,russia
2022-12-06,285,99906.75202608241,88694.3155939823,112536.8913348646,69381.89337293968,143861.87376375508,casualties,russia
2022-12-05,284,99364.77703365685,88140.17951301462,112019.14311273767,68926.28949744623,143245.97688502856,casualties,russia
2022-12-04,283,98813.83395629525,87575.36089893109,111494.93990666079,68462.94150291308,142620.7130832175,casualties,russia
2022-12-03,282,98252.81137786878,86994.47471951597,110968.6131516162,67989.85437165979,141987.04800810435,casualties,russia
2022-12-02,281,97676.5347729069,86394.45115369046,110432.45533083615,67503.23285195102,141337.9935020032,casualties,russia
2022-12-01,280,97101.9841083285,85790.0384232703,109906.04260983455,67016.68103333082,140694.27362274006,casualties,russia
2022-11-30,279,96526.78088953413,85184.13050618995,109380.34994604593,66529.56387278928,140050.36598568872,casualties,russia
2022-11-29,278,95943.6917475245,84572.38034621235,108844.55457424771,66036.62085624722,139396.34926610536,casualties,russia
2022-11-28,277,95363.00674718847,83965.33809981831,108308.40470197565,65546.49846524143,138743.8658646968,casualties,russia
2022-11-27,276,94783.55587613706,83359.70023370515,107773.53327802678,65057.639459362545,138092.81721237738,casualties,russia
2022-11-26,275,94201.21033398065,82754.64217310496,107231.58031939862,64567.53702519608,137436.5081253199,casualties,russia
2022-11-25,274,93618.23590484835,82153.17159207321,106683.80773695865,64078.27259617151,136777.12049974827,casualties,russia
2022-11-24,273,93043.49483361498,81560.87064576258,106143.17418980549,63596.30458060674,136126.75026645508,casualties,russia
2022-11-23,272,92473.32956730334,80973.02577678699,105607.46987978094,63118.31842423566,135481.79894822492,casualties,russia
2022-11-22,271,91907.15837679816,80389.079678197,105076.05861527215,62643.859637745074,134841.5270503076,casualties,russia
2022-11-21,270,91342.11180995035,79803.4472850853,104549.68621990371,62169.78634872922,134204.2577382305,casualties,russia
2022-11-20,269,90791.11084358042,79237.129081915,104030.38148443104,61708.9994467017,133580.05069454206,casualties,russia
2022-11-19,268,90271.2396372754,78701.41189314103,103542.42363771652,61274.06517077281,132991.92665900945,casualties,russia
2022-11-18,267,89786.21310103647,78199.7903294106,103089.72535950264,60867.957065328315,132444.31564860177,casualties,russia
2022-11-17,266,89310.80092385696,77716.19330619094,102635.51299919758,60472.31682365751,131902.6912416847,casualties,russia
2022-11-16,265,88370.89960992317,77181.93668698671,101192.9031155,59796.79837884746,130599.61366110905,casualties,russia
2022-11-15,264,87391.48882452602,76652.70435219638,99655.15731828641,59099.154725827306,129228.3109143908,casualties,russia
2022-11-14,263,86440.26876627318,76157.54042353889,98136.90652463598,58426.85503852641,127885.15011148265,casualties,russia
2022-11-13,262,85488.29898258526,75665.46317066767,96612.62298387072,57755.30890125508,126538.25624500643,casualties,russia
2022-11-12,261,84528.40977200563,75164.72192397946,95080.85127065827,57077.75754000283,125181.21389989948,casualties,russia
2022-11-11,260,83550.36734424977,74643.63511410594,93533.29560600632,56385.54538611468,123802.71962205335,casualties,russia
2022-11-10,259,82578.77311270645,74122.17791001852,92000.30425147574,55697.554552751644,122434.22548673076,casualties,russia
2022-11-09,258,82092.54711787206,73673.89961041133,91473.3648299731,55308.15265948496,121848.61276418062,casualties,russia
2022-11-08,257,81667.49201542565,73243.92936122022,91060.04595512568,54960.1095884428,121353.77314702894,casualties,russia
2022-11-07,256,81232.05864517926,72798.89482943002,90642.39665970707,54602.79122664316,120848.8602282454,casualties,russia
2022-11-06,255,80810.49929270112,72364.66090474122,90242.30065392595,54256.34677736701,120361.44063764134,casualties,russia
2022-11-05,254,80389.73584794078,71948.62900918585,89821.30240736615,53914.367849333496,119866.75551935016,casualties,russia
2022-11-04,253,79975.89140229239,71539.63688600749,89407.07466073938,53578.242899263154,119380.03022223515,casualties,russia
2022-11-03,252,79560.69049858722,71128.6525948214,88992.3908253612,53241.05937003255,118891.93062250288,casualties,russia
2022-11-02,251,79145.4302350151,70717.20452156152,88578.24681561544,52903.91884644677,118403.87704964189,casualties,russia
2022-11-01,250,78737.13760691749,70310.97928354307,88173.23578615623,52572.25391147138,117924.71721643009,casualties,russia
2022-10-31,249,78327.9123743064,69906.07705076825,87764.56052205386,52240.49037575659,117443.31172928175,casualties,russia
2022-10-30,248,77903.66245367874,69480.4294595138,87348.35901245405,51895.49082272934,116946.93468390289,casualties,russia
2022-10-29,247,77480.66170855759,69036.60466640328,86957.84404219517,51547.63260589024,116461.06029077839,casualties,russia
2022-10-28,246,77036.31426310139,68582.61135457248,86532.3145690561,51185.050849742045,115944.68900736334,casualties,russia
2022-10-27,245,76584.52462770672,68121.33517849274,86099.40834096051,50816.66784279007,115419.48211057336,casualties,russia
2022-10-26,244,76145.0072923088,67676.07583668873,85673.96112070119,50459.20362375675,114906.80393077806,casualties,russia
2022-10-25,243,75706.84065510292,67231.85793051854,85250.35609671372,50102.93578288925,114395.82603698803,casualties,russia
2022-10-24,242,75272.50484453251,66790.3989182534,84831.99703279731,49749.7380520989,113889.7990602082,casualties,russia
2022-10-23,241,74859.99191421128,66373.81065982695,84431.36301422666,49415.03343555838,113407.8385380345,casualties,russia
2022-10-22,240,74473.27749529605,65985.94455965668,84052.48255159298,49101.98065820081,112954.65814473982,casualties,russia
2022-10-21,239,74131.65377491414,65634.45518990599,83729.08912219416,48823.69126297227,112558.5912261491,casualties,russia
2022-10-20,238,73821.81719907772,65318.27851701964,83432.54581191376,48571.983055650075,112198.04699156893,casualties,russia
2022-10-19,237,73520.59253120863,65011.27702738485,83143.7968687034,48327.46000888094,111847.27775062784,casualties,russia
2022-10-18,236,73214.45960147647,64706.09233342176,82841.68767657255,48080.573379420406,111487.29346862827,casualties,russia
2022-10-17,235,72903.63892954146,64407.86503047152,82520.09976724877,47832.59948803663,111115.80090425744,casualties,russia
2022-10-16,234,72593.97201119548,64110.03428941354,82200.65863624685,47585.50974716289,110745.97867641864,casualties,russia
2022-10-15,233,72272.74419468585,63801.75552918239,81868.46540547584,47329.45953323135,110361.93150204157,casualties,russia
2022-10-14,232,71913.698287832,63477.874452449105,81470.61595720342,47047.93382698863,109921.98946930336,casualties,russia
2022-10-13,231,71567.03522742858,63166.948979957466,81084.20285278869,46776.59954716668,109496.2287761296,casualties,russia
2022-10-12,230,71232.07879660804,62868.13165623283,80708.77838006578,46514.87492227812,109083.93818977124,casualties,russia
2022-10-11,229,70925.50034524935,62595.196892213375,80364.4352319289,46275.56272927497,108706.17975142397,casualties,russia
2022-10-10,228,70618.37131935595,62321.93653281422,80019.26085897927,46036.005700870635,108327.51338980578,casualties,russia
2022-10-09,227,70204.92161183947,62000.723797990446,79494.95564939511,45723.61356107983,107794.310946423,casualties,russia
2022-10-08,226,69722.36186338987,61641.584522592886,78862.99074351751,45362.454195924176,107164.16151008234,casualties,russia
2022-10-07,225,69215.9062863026,61252.288308645046,78215.66425824331,44980.985055177276,106508.90131218289,casualties,russia
2022-10-06,224,68670.6226373069,60827.15737174616,77526.29968307064,44569.25184870458,105806.07698057119,casualties,russia
2022-10-05,223,68090.07747727726,60368.59673903442,76799.88124377113,44129.91251744993,105060.42482707695,casualties,russia
2022-10-04,222,67490.7772277194,59888.34132724491,76058.70600183312,43675.218165741164,104293.7370955135,casualties,russia
2022-10-03,221,66872.99754559573,59388.25624662473,75301.10151725692,43205.79835148065,103505.57021509527,casualties,russia
2022-10-02,220,66337.1658770268,58914.19833787959,74695.44963484297,42790.790371873765,102841.29818000211,casualties,russia
2022-10-01,219,65863.64730256557,58470.115336618604,74192.17834520912,42419.39754019922,102265.93245369861,casualties,russia
2022-09-30,218,65450.49695443128,58073.90099184754,73764.16819571838,42093.91234359421,101767.79537096564,casualties,russia
2022-09-29,217,65036.6566257838,57675.07389188397,73337.95943258096,41767.767951408074,101269.5373456116,casualties,russia
2022-09-28,216,64630.24818266737,57278.24759887593,72926.0329930883,41446.70683029296,100782.52569438904,casualties,russia
2022-09-27,215,64205.882100448645,56867.89058240786,72490.87004908377,41112.49706069959,100271.90748903214,casualties,russia
2022-09-26,214,63812.46412325459,56478.98408427388,72098.29255108027,40801.2652540726,99802.38431678155,casualties,russia
2022-09-25,213,63432.62424715784,56101.094822323816,71722.43371178821,40500.53789299785,99350.10596827228,casualties,russia
2022-09-24,212,63060.60788019255,55731.61523019374,71353.59493993851,40206.322942411636,98906.73884789065,casualties,russia
2022-09-23,211,62676.03133200001,55345.14925760544,70978.15402040696,39901.459970793265,98450.50959810968,casualties,russia
2022-09-22,210,62296.32112719054,54965.57904828772,70604.95001585671,39601.10678888704,97998.89131110198,casualties,russia
2022-09-21,209,61917.169093445766,54587.55202293681,70231.1450233397,39301.60229250473,97547.37489701636,casualties,russia
2022-09-20,208,61544.992019840116,54212.67444594561,69869.20551468598,39007.09818433916,97105.91210767897,casualties,russia
2022-09-19,207,61169.86198468679,53835.029920223715,69504.23650884845,38710.50567346351,96660.76429627812,casualties,russia
2022-09-18,206,60791.441332638446,53454.307197556715,69135.90026758407,38411.57995562083,96211.53080298642,casualties,russia
2022-09-17,205,60280.71873136663,52993.308552591116,68570.43374763556,38019.333499958295,95578.0442414244,casualties,russia
2022-09-16,204,59645.76902111915,52441.95944376479,67839.36148886813,37536.70507769014,94778.99056626162,casualties,russia
2022-09-15,203,58788.962019611674,51669.98824216828,66888.97676301294,36881.78805179095,93712.9255280738,casualties,russia
2022-09-14,202,57853.857426738155,50807.20653061798,65878.24264850844,36164.21109435949,92558.77895141365,casualties,russia
2022-09-13,201,56928.701274575134,49953.4044349667,64878.64490566032,35454.86561450956,91416.54648116464,casualties,russia
2022-09-12,200,55983.27964771684,49072.43423150365,63868.424461689996,34729.088384579554,90253.150444907,casualties,russia
2022-09-11,199,55050.98131825184,48208.810014038834,62865.64141842243,34015.02186635058,89102.788389629,casualties,russia
2022-09-10,198,54265.16279342259,47442.81415568813,62069.857859704774,33406.63706196077,88151.51206417904,casualties,russia
2022-09-09,197,53609.62142887179,46777.502123056256,61440.20896034655,32894.99732593733,87370.29932362253,casualties,russia
2022-09-08,196,53190.24181893209,46346.17396600776,61045.202396219865,32567.45850345069,86873.00097656643,casualties,russia
2022-09-07,195,52871.02935978739,46031.37656115839,60727.07567060629,32321.10799361079,86487.45263711327,casualties,russia
2022-09-06,194,52560.44517649838,45730.5868932802,60410.37148652688,32082.684290563957,86109.332593406,casualties,russia
2022-09-05,193,52289.44798521185,45479.90781365239,60118.580264447075,31877.175691771346,85773.07850897123,casualties,russia
2022-09-04,192,52035.036218840076,45246.06341746435,59842.68536756688,31684.667376927533,85456.5032041854,casualties,russia
2022-09-03,191,51788.68861744882,45020.041969751095,59574.995610191705,31498.438107830785,85149.65785593468,casualties,russia
2022-09-02,190,51563.47126275513,44815.96905267709,59326.885450455855,31328.795522853743,84867.67572643473,casualties,russia
2022-09-01,189,51352.4990811017,44626.26203671594,59092.54349899928,31170.27853348268,84602.65653205702,casualties,russia
2022-08-31,188,51143.27840360582,44438.805871335884,58859.255201542706,31013.300398105042,84339.39676035165,casualties,russia
2022-08-30,187,50945.94691613985,44260.7433831438,58640.89624925654,30865.092021450702,84091.68452626395,casualties,russia
2022-08-29,186,50761.628679968824,44095.062532695825,58436.09275260372,30726.854860779975,83859.90232862014,casualties,russia
2022-08-28,185,50583.356541972316,43935.32680674546,58237.33200022095,30593.313865314853,83635.39453749677,casualties,russia
2022-08-27,184,50404.4006856267,43773.998489959165,58039.109806501634,30459.13198428271,83410.4924389333,casualties,russia
2022-08-26,183,50218.070623637796,43605.10936405721,57833.931717023625,30319.316118784136,83176.74393992189,casualties,russia
2022-08-25,182,50028.63508842877,43432.66097723048,57626.324748402105,30177.111470298278,82939.42060770273,casualties,russia
2022-08-24,181,49843.30627442017,43264.078025484574,57423.052217901764,30038.089453826717,82707.10710151144,casualties,russia
2022-08-23,180,49662.285725520764,43101.6812126272,57221.50011624032,29902.808313596594,82478.92310566119,casualties,russia
2022-08-22,179,49466.17810182318,42924.991247027814,57004.15929513694,29756.188487329742,82232.05258563069,casualties,russia
2022-08-21,178,49250.217343025724,42728.84375623515,56766.905866811365,29594.523932678145,81960.94013474486,casualties,russia
2022-08-20,177,49016.85766432764,42517.00791268203,56510.39265420854,29419.975695814694,81667.82154417466,casualties,russia
2022-08-19,176,48778.907865808156,42301.1153585615,56248.692739720755,29242.135794102494,81368.7727680977,casualties,russia
2022-08-18,175,48532.50686521889,42076.32542900773,55979.34432708307,29057.88451734243,81059.64294647159,casualties,russia
2022-08-17,174,48271.37103178345,41837.146583174974,55695.15612714076,28862.56702746196,80732.41987312747,casualties,russia
2022-08-16,173,47993.99048521317,41582.109279972676,55394.60080458837,28655.048314906206,80385.24864702296,casualties,russia
2022-08-15,172,47716.32930433325,41326.78890513922,55093.78625476852,28447.47419476314,80037.60546409809,casualties,russia
2022-08-14,171,47449.30658793723,41081.98257009941,54803.53367943072,28248.14662288088,79702.75978233058,casualties,russia
2022-08-13,170,47191.243788251755,40844.79890149968,54523.82208891557,28055.5507274342,79379.33837477748,casualties,russia
2022-08-12,169,46942.44057536341,40615.625499488226,54254.8225853614,27869.894425014576,79067.68614685073,casualties,russia
2022-08-11,168,46711.982402969334,40404.71386913929,54003.84640491331,27698.307597415784,78778.1774009886,casualties,russia
2022-08-10,167,46485.36411489826,40197.069865120786,53757.39359177058,27529.676334889766,78493.50747845521,casualties,russia
2022-08-09,166,46259.56606215136,39989.453829670325,53512.81416174423,27361.66550519415,78210.13973512605,casualties,russia
2022-08-08,165,46033.11156694274,39780.52384566807,53268.48784483309,27193.170973106917,77926.22071383311,casualties,russia
2022-08-07,164,45798.1888959705,39562.58463466038,53016.64209920424,27018.288119920766,77632.2238072526,casualties,russia
2022-08-06,163,45556.97130878231,39338.44065403363,52758.55604249948,26838.80040850957,77330.43125533914,casualties,russia
2022-08-05,162,45314.756683751366,39113.35156519725,52499.43913274524,26658.679194221055,77027.31132034076,casualties,russia
2022-08-04,161,45069.828895398874,38885.44985471167,52237.81884463277,26476.58761366183,76720.87075261779,casualties,russia
2022-08-03,160,44836.88179141835,38669.0465433541,51988.53847465685,26303.593090136033,76429.13005776353,casualties,russia
2022-08-02,159,44611.96453934463,38460.08925697143,51747.88792879763,26136.697257125063,76147.34829141472,casualties,russia
2022-08-01,158,44390.32587853172,38254.23367420238,51510.688520526186,25972.38391300334,75869.53691640304,casualties,russia
2022-07-31,157,44177.68516927433,38057.01195019989,51282.76437927587,25814.925297678376,75602.75179849769,casualties,russia
2022-07-30,156,43967.324341878404,37861.57665298665,51057.74784769302,25659.23876431967,75338.89980084781,casualties,russia
2022-07-29,155,43749.83258174387,37658.574901863125,50826.391053076026,25498.219792726486,75066.53259636629,casualties,russia
2022-07-28,154,43530.92387918485,37453.866843830845,50594.05793402104,25336.184671370116,74792.5225940113,casualties,russia
2022-07-27,153,43308.66071315695,37245.55150378188,50358.814225229515,25171.68560224982,74514.49315257971,casualties,russia
2022-07-26,152,43091.96937162404,37042.70257403582,50129.15496612034,25011.46893487658,74243.21502177796,casualties,russia
2022-07-25,151,42881.697271934885,36845.816372378045,49906.38037210174,24856.109698216704,73979.91111329896,casualties,russia
2022-07-24,150,42668.5031328546,36645.78491624549,49681.08614778916,24698.641892158932,73713.08621306796,casualties,russia
2022-07-23,149,42463.97270744076,36454.134890529276,49464.62819691128,24547.74808954321,73456.87389465813,casualties,russia
2022-07-22,148,42261.78295967895,36264.68365115013,49250.66441929983,24398.710974564918,73203.50174466125,casualties,russia
2022-07-21,147,42059.780689831096,36075.13663171913,49037.28485096495,24249.86559832504,72950.44227052967,casualties,russia
2022-07-20,146,41857.94705568637,35885.49761124841,48824.442704621615,24101.20644058545,72697.65850220714,casualties,russia
2022-07-19,145,41647.15194084416,35686.63959581706,48603.261874276104,23945.919719495672,72434.01962107758,casualties,russia
2022-07-18,144,41429.698376020846,35480.75123312438,48376.14327660545,23785.71896727737,72162.39146800412,casualties,russia
2022-07-17,143,41213.50832493519,35275.753397092485,48150.79406548425,23626.530945851373,71892.42709801473,casualties,russia
2022-07-16,142,40985.281107534356,35058.35535555529,47914.28532243532,23458.45246631376,71607.8985414848,casualties,russia
2022-07-15,141,40755.3646362908,34838.823466365946,47676.784648098524,23289.184172780257,71321.47383158874,casualties,russia
2022-07-14,140,40522.150527811704,34615.59359018067,47436.6645517886,23117.519662080595,71031.17544126062,casualties,russia
2022-07-13,139,40292.58104336403,34395.75188858068,47200.4644836381,22948.64068317843,70745.3964277202,casualties,russia
2022-07-12,138,40066.6908473615,34179.243620051326,46968.35479335433,22782.58289743272,70464.22277051484,casualties,russia
2022-07-11,137,39851.356688148415,33973.037615117086,46746.87479918203,22624.4476781347,70196.00858456468,casualties,russia
2022-07-10,136,39645.86032084831,33776.732485350585,46534.88345555675,22473.74252638101,69939.70016406299,casualties,russia
2022-07-09,135,39459.74157532026,33599.6963761492,46341.873294273435,22337.511027293454,69707.05056520781,casualties,russia
2022-07-08,134,39277.54058899762,33427.131022542584,46151.93253638473,22204.409714052577,69478.79000396986,casualties,russia
2022-07-07,133,39099.65277777268,33259.93122154361,45964.74313494134,22074.8054807969,69255.11236972325,casualties,russia
2022-07-06,132,38928.40814623776,33099.27979793837,45784.139358583605,21950.17475710517,69039.55865404452,casualties,russia
2022-07-05,131,38764.980667341355,32946.449328289826,45611.12889027693,21831.41885370769,68833.49967151474,casualties,russia
2022-07-04,130,38605.27801070631,32797.785926344004,45441.12939808506,21715.572805579926,68631.68255237264,casualties,russia
2022-07-03,129,38440.366057490406,32644.28863953315,45265.5797587513,21596.039586271916,68423.2133752813,casualties,russia
2022-07-02,128,38270.57011526329,32485.901503853103,45085.327575286734,21472.990294699557,68208.71864197782,casualties,russia
2022-07-01,127,38100.7657840868,32326.876222700925,44905.9681803998,21349.92920877921,67994.51991159587,casualties,russia
2022-06-30,126,37921.0489170672,32157.53232276416,44717.60300721322,21219.61328286739,67768.35653414727,casualties,russia
2022-06-29,125,37725.40760220215,31972.469652790107,44513.56860133325,21077.728612842435,67522.51489527084,casualties,russia
2022-06-28,124,37515.606249424905,31773.3479069729,44295.73558019689,20925.591893891484,67259.20353458154,casualties,russia
2022-06-27,123,37291.103872367006,31558.948923999586,44064.52815389463,20762.685280840942,66978.16637963033,casualties,russia
2022-06-26,122,37060.44044189324,31339.052983031,43826.47394082381,20595.541664133474,66689.08521844697,casualties,russia
2022-06-25,121,36840.42370670334,31130.077175606508,43598.35696890258,20436.36302458222,66412.81718402954,casualties,russia
2022-06-24,120,36635.752481630836,30936.54932131326,43384.9583710836,20288.555895308687,66155.22758688348,casualties,russia
2022-06-23,119,36437.83799537383,30748.986889702832,43179.24267933591,20145.69839111331,65906.3204260024,casualties,russia
2022-06-22,118,36244.81711487827,30565.97278960204,42978.783670135126,20006.49728997056,65663.55059020077,casualties,russia
2022-06-21,117,36055.47850505563,30386.88352816375,42781.590679622044,19870.19109498172,65425.065943647256,casualties,russia
2022-06-20,116,35872.75742897408,30214.368352954116,42590.89328186244,19738.844619656516,65194.65640598212,casualties,russia
2022-06-19,115,35694.79279826432,30045.67464938072,42406.13882990516,19610.925287306196,64970.58421417893,casualties,russia
2022-06-18,114,35509.39246525905,29869.970564630592,42213.6287669326,19477.7556266329,64737.07069841956,casualties,russia
2022-06-17,113,35319.95085870718,29690.0310574224,42017.51522403014,19341.68463464856,64498.67571038271,casualties,russia
2022-06-16,112,35138.362377039826,29518.048267728034,41828.864284929616,19211.459562830136,64269.79708764636,casualties,russia
2022-06-15,111,34964.60532315675,29353.659121680423,41648.13529976992,19086.98987854126,64050.62812942422,casualties,russia
2022-06-14,110,34802.774221606356,29200.583285532262,41479.80400367478,18971.17919145661,63846.429309665764,casualties,russia
2022-06-13,109,34648.337516234256,29055.403746193067,41317.91159414932,18860.923518621108,63650.942422405366,casualties,russia
2022-06-12,108,34500.225219322725,28916.043537937374,41162.85692050476,18755.25507618479,63463.491698888574,casualties,russia
2022-06-11,107,34351.821257881915,28775.47127035406,41008.85664896942,18649.289769632407,63276.221751872,casualties,russia
2022-06-10,106,34189.03495710079,28620.37692192286,40841.253849593886,18532.99423410721,63071.330653881996,casualties,russia
2022-06-09,105,34016.88548978058,28457.818086014606,40661.95939242277,18410.398685509183,62853.65508986592,casualties,russia
2022-06-08,104,33840.86789563197,28292.306045191704,40477.66737802232,18285.28389751744,62630.58586015875,casualties,russia
2022-06-07,103,33667.37745606678,28129.498759843944,40295.58010541544,18162.11858308449,62410.46287319884,casualties,russia
2022-06-06,102,33495.56571131818,27967.799784147723,40115.949040051644,18040.14628727904,62192.724879132336,casualties,russia
2022-06-05,101,33321.25799335013,27803.83238790444,39933.62859816344,17916.526551108574,61971.71979592791,casualties,russia
2022-06-04,100,33136.698159686544,27630.38333161219,39740.39846672452,17785.806616314927,61737.545518124716,casualties,russia
2022-06-03,99,32956.1846135523,27460.793525554855,39551.38342934956,17658.114184299357,61508.40954558566,casualties,russia
2022-06-02,98,32775.97329067742,27290.692386508057,39363.86512532709,17530.634608536915,61280.09297353532,casualties,russia
2022-06-01,97,32594.45508853077,27118.55776319602,39176.18391158948,17402.20582110085,61050.59026314995,casualties,russia
2022-05-31,96,32400.1422291605,26933.693598380454,38976.188892125356,17264.747929948997,60805.2520507683,casualties,russia
2022-05-30,95,32199.271967894892,26742.7681556938,38769.234131859936,17122.80828271828,60551.46625220959,casualties,russia
2022-05-29,94,32000.050015558063,26553.53727154083,38563.84187393188,16982.191624052506,60299.62265944492,casualties,russia
2022-05-28,93,31792.991148649937,26357.92653969602,38348.896863862436,16836.462988037998,60037.06101727175,casualties,russia
2022-05-27,92,31583.362332724348,26160.068493545386,38131.10109861739,16689.14084699552,59771.06017677646,casualties,russia
2022-05-26,91,31366.38172218696,25955.0776441106,37906.01713280097,16536.82776821944,59495.76331643612,casualties,russia
2022-05-25,90,31153.222620475204,25754.401808013474,37683.922314037,16387.478697107636,59224.77655428917,casualties,russia
2022-05-24,89,30948.073233767325,25562.41938527048,37468.54560038294,16244.124796821374,58963.11863935462,casualties,russia
2022-05-23,88,30736.746150151357,25363.624511170987,37248.267967167776,16096.43780477161,58694.22475504418,casualties,russia
2022-05-22,87,30521.9478530335,25161.74781200689,37024.15909146242,15946.519734545578,58420.7217840867,casualties,russia
2022-05-21,86,30325.452079487164,24976.051747193407,36820.71321115273,15809.373150998068,58171.148242001436,casualties,russia
2022-05-20,85,30133.09156081892,24794.406606610766,36621.41813233893,15675.3119463787,57926.67956443608,casualties,russia
2022-05-19,84,29949.961416583257,24620.576784605262,36433.09344125859,15547.698188591674,57694.50813996645,casualties,russia
2022-05-18,83,29762.13755013,24441.987907751885,36240.448338014256,15416.898587633203,57456.54940719221,casualties,russia
2022-05-17,82,29585.38771067977,24273.380407002627,36060.011325348285,15293.807060183799,57232.96861309351,casualties,russia
2022-05-16,81,29423.12247655797,24119.31823691139,35893.343631240394,15181.063439583693,57027.16995060219,casualties,russia
2022-05-15,80,29268.482783212607,23972.643973460938,35734.33122696382,15073.75808015778,56830.89718074322,casualties,russia
2022-05-14,79,29112.049818377596,23824.75640779989,35572.79912935412,14965.419873068904,56631.96410581786,casualties,russia
2022-05-13,78,28943.44818665568,23670.227513947302,35391.48559909574,14849.753930686647,56413.982712875404,casualties,russia
2022-05-12,77,28779.531019504906,23521.13123827665,35213.55201731339,14737.65494671873,56201.182536330045,casualties,russia
2022-05-11,76,28624.798907662822,23381.21776313085,35044.380237304125,14632.105768695665,55999.65741107125,casualties,russia
2022-05-10,75,28451.44526382049,23226.12720243352,34852.37922069561,14514.290683312127,55772.60545466578,casualties,russia
2022-05-09,74,28272.196250683908,23065.26451349225,34654.63131252086,14392.495528014198,55538.13883484925,casualties,russia
2022-05-08,73,28078.90556953491,22892.004169631153,34441.12227081339,14261.365972020829,55285.066548666175,casualties,russia
2022-05-07,72,27893.65721325787,22726.446621448944,34235.7849157243,14135.914910145557,55042.098827839036,casualties,russia
2022-05-06,71,27718.49853805663,22567.53137102029,34045.23296831625,14017.052518842658,54813.96900587,casualties,russia
2022-05-05,70,27544.83521498896,22409.723180531848,33856.72407035878,13899.294755546867,54587.909414978676,casualties,russia
2022-05-04,69,27356.548864655007,22238.448726025235,33652.65525329453,13771.75074198414,54342.87082093743,casualties,russia
2022-05-03,68,27181.46476329947,22077.58832826095,33465.33962826531,13653.000649688,54116.11024536567,casualties,russia
2022-05-02,67,27007.772124693907,21918.50964532115,33278.80213720516,13535.425202180973,53890.734678533445,casualties,russia
2022-05-01,66,26847.569522902017,21771.240869826077,33107.623693225025,13427.029313397637,53683.20424077494,casualties,russia
2022-04-30,65,26685.302442044987,21621.847946200156,32934.61896613759,13317.298179113068,53473.13012778393,casualties,russia
2022-04-29,64,26532.202285895524,21479.70295588659,32773.247728931034,13213.681541852398,53275.763044661326,casualties,russia
2022-04-28,63,26370.966135295716,21330.31088937059,32602.8913010531,13104.770187486494,53067.62786372847,casualties,russia
2022-04-27,62,26209.772140104615,21180.335494044153,32433.604971658227,12995.962661009165,52859.95889551587,casualties,russia
2022-04-26,61,26039.614932517135,21021.273215719848,32256.11511729764,12881.108266721763,52641.27775895729,casualties,russia
2022-04-25,60,25773.695293649118,20778.459292755597,31970.070416068807,12703.39193724239,52294.826280436406,casualties,russia
2022-04-24,59,25500.256691050694,20528.929544905062,31675.79034619465,12520.925476876255,51938.37894414916,casualties,russia
2022-04-23,58,25218.44303947347,20271.914789704006,31372.342926611964,12333.152816563539,51570.81115878326,casualties,russia
2022-04-22,57,24930.27663189367,20009.55419429238,31061.460448632075,12141.497392161253,51194.52984986889,casualties,russia
2022-04-21,56,24647.915333409288,19752.699389929574,30756.602599923342,11954.048843977529,50825.55591443838,casualties,russia
2022-04-20,55,24383.08996092526,19512.77449386196,30469.2441547682,11778.669196884333,50478.65232061014,casualties,russia
2022-04-19,54,24104.246760301034,19260.572578059724,30166.164435841132,11594.469265308986,50112.95004487533,casualties,russia
2022-04-18,53,23920.314569737646,19091.753980000816,29970.238465989987,11473.032854802384,49873.47726783091,casualties,russia
2022-04-17,52,23697.13389260141,18885.588108464613,29734.787659759648,11325.882517452614,49583.896373776974,casualties,russia
2022-04-16,51,23437.679974513758,18642.793607227944,29466.305366370332,11154.74870510178,49249.79774607607,casualties,russia
2022-04-15,50,23183.79311198385,18405.987145199142,29202.457591222,10987.69572687918,48922.17381717181,casualties,russia
2022-04-14,49,22877.701869801735,18113.333277621514,28896.366606535685,10785.65357024225,48533.3780513322,casualties,russia
2022-04-13,48,22564.421945348065,17814.598205685626,28581.937662421355,10579.27320429229,48134.75237757042,casualties,russia
2022-04-12,47,22278.337481672745,17541.98554750835,28294.68422375096,10391.196269182092,47770.551282132845,casualties,russia
2022-04-11,46,21831.597049507385,17077.18052530744,27914.76032138804,10092.043201395987,47240.65798937074,casualties,russia
2022-04-10,45,21028.92052257179,16110.922865778266,27534.450631869295,9531.441419413073,47000.43839793747,casualties,russia
2022-04-09,44,20273.354168519472,15196.555790257145,27188.896324986647,9004.265381016283,47000.43839793747,casualties,russia
2022-04-08,43,19137.87268165658,13795.723238880139,26932.702679474223,8207.119349081162,47000.43839793747,casualties,russia
2022-04-07,42,18052.039549735564,12451.860053273549,26717.8095806067,7446.370140725384,47000.43839793747,casualties,russia
2022-04-06,41,16915.43457804712,11051.5694960803,26523.227277751048,6653.679778947167,47000.43839793747,casualties,russia
2022-04-05,40,15736.112348498958,9609.18961306342,26329.015564977697,5835.985730182388,47000.43839793747,casualties,russia
2022-04-04,39,14727.17401193819,8374.001516734408,26222.920720622868,5138.929244015464,47000.43839793747,casualties,russia
2022-04-03,38,14105.978944455512,7671.02779461663,26172.50315544327,4727.097525895014,47000.43839793747,casualties,russia
2022-04-02,37,13492.154304792806,6973.709428451691,26129.747387197338,4320.171924850669,47000.43839793747,casualties,russia
2022-04-01,36,13262.572903665825,6770.9339380540005,25996.13215728738,4188.909084605092,47000.43839793747,casualties,russia
2022-03-31,35,13051.900716865743,6585.756355537378,25871.914140095974,4069.077056439416,47000.43839793747,casualties,russia
2022-03-30,34,12903.296279308961,6470.214016046192,25733.864732600407,3990.384397206107,47000.43839793747,casualties,russia
2022-03-29,33,12802.491494922271,6403.358511308608,25722.566874104385,3941.4336912657086,47000.43839793747,casualties,russia
2022-03-28,32,12523.170181837077,6146.298418075137,25722.566874104385,3781.553440370189,47000.43839793747,casualties,russia
2022-03-27,31,12272.07418314112,5917.613538373158,25722.566874104385,3639.122018616914,47000.43839793747,casualties,russia
2022-03-26,30,12023.16547577243,5689.638959590514,25722.566874104385,3497.671951516174,47000.43839793747,casualties,russia
2022-03-25,29,11783.261199035556,5469.30493255281,25722.566874104385,3361.4302787610836,47000.43839793747,casualties,russia
2022-03-24,28,11544.79891214672,5249.798645418994,25722.566874104385,3226.032227867746,47000.43839793747,casualties,russia
2022-03-23,27,11307.944474541422,5032.722880854587,25722.566874104385,3092.16455677878,47000.43839793747,casualties,russia
2022-03-22,26,11071.298133856315,4817.750977339633,25722.566874104385,2959.3604838280203,47000.43839793747,casualties,russia
2022-03-21,25,11017.194620686942,4795.392245366152,25722.566874104385,2939.6746139205425,47000.43839793747,casualties,russia
2022-03-20,24,10955.236763024615,4765.918908855522,25722.566874104385,2915.6923581428987,47000.43839793747,casualties,russia
2022-03-19,23,10890.832853979422,4736.513779180391,25722.566874104385,2891.2640660357238,47000.43839793747,casualties,russia
2022-03-18,22,10816.440377326331,4698.585007850445,25722.566874104385,2861.5984891186617,47000.43839793747,casualties,russia
2022-03-17,21,10736.59992620243,4656.197669665711,25722.566874104385,2829.1758538057748,47000.43839793747,casualties,russia
2022-03-16,20,10656.0475884376,4613.494325859092,25722.566874104385,2796.5355887113024,47000.43839793747,casualties,russia
2022-03-15,19,10568.418414406991,4565.179836543379,25722.566874104385,2760.402094755911,47000.43839793747,casualties,russia
2022-03-14,18,10430.666159123486,4470.539780550898,25722.566874104385,2697.00035596457,47000.43839793747,casualties,russia
2022-03-13,17,10267.656251416938,4356.356917419837,25722.566874104385,2621.590945557644,47000.43839793747,casualties,russia
2022-03-12,16,10093.700812151666,4233.3968459365915,25722.566874104385,2540.9657101179732,47000.43839793747,casualties,russia
2022-03-11,15,9927.902372941597,4118.648042396823,25722.566874104385,2465.285982437628,47000.43839793747,casualties,russia
2022-03-10,14,9738.933172712661,3985.7033642674546,25722.566874104385,2378.6951090667517,47000.43839793747,casualties,russia
2022-03-09,13,9489.574319204037,3802.129321693126,25722.566874104385,2262.4311912387384,47000.43839793747,casualties,russia
2022-03-08,12,9075.166240725031,3493.8869348348535,25722.566874104385,2072.575455496328,47000.43839793747,casualties,russia
2022-03-07,11,8711.404614870618,3233.1467511167757,25722.566874104385,1911.0740908894797,47000.43839793747,casualties,russia
2022-03-06,10,8370.948046530199,2994.569645983212,25722.566874104385,1763.1654060635517,47000.43839793747,casualties,russia
2022-03-05,9,8042.833642776342,2765.422715467622,25722.566874104385,1621.5085281945078,47000.43839793747,casualties,russia
2022-03-04,8,7715.712702144616,2536.5768988449786,25722.566874104385,1480.5466956695734,47000.43839793747,casualties,russia
2022-03-03,7,7249.8477488012095,2228.121276299144,25722.566874104385,1292.9875837942134,47000.43839793747,casualties,russia
2022-03-02,6,6705.712916789927,1903.0777538187467,25722.566874104385,1096.1409023066772,47000.43839793747,casualties,russia
2022-03-01,5,6591.601119141416,1844.5149664867763,25722.566874104385,1059.2661495240902,47000.43839793747,casualties,russia
2022-02-28,4,6443.318792071333,1765.3399532428214,25722.566874104385,1010.327876857333,47000.43839793747,casualties,russia
2022-02-27,3,6249.291754846372,1659.9281487689855,25722.566874104385,946.0920989045275,47000.43839793747,casualties,russia
2022-02-26,2,5944.416077931702,1490.6169991287165,25722.566874104385,844.0603518458728,47000.43839793747,casualties,russia
2022-02-25,1,5365.157489757728,1162.1616069517377,25722.566874104385,648.1292147497085,47000.43839793747,casualties,russia
2022-02-24,0,4845.9556722771395,912.9449052503494,25722.566874104385,499.63973056697074,47000.43839793747,casualties,russia
