date,source,country,source_id,estimate_type,estimate,total_daily_log_war_fires_to_date,total_daily_log_war_fires_to_date_in_russia_held_area,total_daily_log_war_fires_to_date_in_ukraine_held_area,total_cloud_cover_in_east_of_country_to_date,total_change_in_area_assessed_as_russia_controlled,days_since_invasion,weight,source_type
2022-07-24,US officials (via The Economist),russia,all_df_US officials (via The Economist)_8,estimate_low,15000,474.65063899205194,360.21305841710847,346.9813351651407,80.36700000000002,185578709258.09875,150,0.5,deaths
2022-07-24,US officials (via The Economist),russia,all_df_US officials (via The Economist)_8,estimate_high,20000,474.65063899205194,360.21305841710847,346.9813351651407,80.36700000000002,185578709258.09875,150,0.5,deaths
2022-08-11,US officials (via NYT),russia,all_df_US officials (via NYT)_10,estimate,20000,554.0010993437838,432.50322426987276,403.0570536167644,89.92500000000001,185844853725.28168,168,1,deaths
2023-01-01,Excess deaths estimate (D. Kobak),russia,all_df_Excess deaths estimate (D. Kobak)_16,estimate,24000,711.4379962955313,568.3832123464092,474.0518339290965,187.081,205539547894.4531,311,1,deaths
2023-02-15,US DoD,russia,all_df_US DoD_19,estimate,43000,720.0483154649369,576.9935315158148,474.0518339290965,220.92999999999992,206182781011.40173,356,1,deaths
2023-02-28,The Centre for Strategic and International Studies,russia,all_df_The Centre for Strategic and International Studies_23,estimate_low,60000,720.0483154649369,576.9935315158148,474.0518339290965,231.13199999999992,206264456535.49872,369,0.5,deaths
2023-02-28,The Centre for Strategic and International Studies,russia,all_df_The Centre for Strategic and International Studies_23,estimate_high,70000,720.0483154649369,576.9935315158148,474.0518339290965,231.13199999999992,206264456535.49872,369,0.5,deaths
2023-08-18,US officials (via NYT),russia,all_df_US officials (via NYT)_32,estimate,120000,1327.5192839599856,989.3870736516857,1007.442044600488,339.26999999999964,208371796160.44772,540,1,deaths
2023-11-30,UK MoD,russia,all_df_UK MoD_41,estimate,70000,1794.6314036168687,1389.3303126251074,1387.303228256979,399.04799999999966,208592036459.43192,644,1,deaths
2024-01-01,Excess deaths estimate (D. Kobak),russia,all_df_Excess deaths estimate (D. Kobak)_44,estimate,64000,1821.716993751122,1396.9391832542985,1408.5484827782375,426.4469999999997,208736110724.40738,676,1,deaths
2024-05-03,French foreign minister,russia,all_df_French foreign minister_53,estimate,150000,2193.3088553287034,1667.6103303825073,1721.2535317525826,512.6999999999994,209170230754.5894,799,1,deaths
2024-10-10,US officials (via NYT),russia,all_df_US officials (via NYT)_71,estimate,115000,3163.806511485189,2490.9934636774465,2590.064568517554,592.1359999999994,210875023090.4581,959,1,deaths
2025-02-21,BBC Russia,russia,all_df_BBC Russia_87,estimate_low,146194,3358.980848220786,2574.0928586434948,2757.6297277726035,690.0419999999995,213213649234.25293,1093,0.5,deaths
2025-02-21,BBC Russia,russia,all_df_BBC Russia_87,estimate_high,211169,3358.980848220786,2574.0928586434948,2757.6297277726035,690.0419999999995,213213649234.25293,1093,0.5,deaths
2025-03-20,UK MoD,russia,all_df_UK MoD_90,estimate_low,200000,3487.4230223111035,2651.9415301416543,2877.182393968904,705.7779999999996,213403787483.65826,1120,0.5,deaths
2025-03-20,UK MoD,russia,all_df_UK MoD_90,estimate_high,250000,3487.4230223111035,2651.9415301416543,2877.182393968904,705.7779999999996,213403787483.65826,1120,0.5,deaths
2025-05-30,BBC Russia,russia,all_df_BBC Russia_93,estimate_low,191000,3784.376458831087,2859.505467632631,3134.3422602088576,749.768,214256148437.56668,1191,0.5,deaths
2025-05-30,BBC Russia,russia,all_df_BBC Russia_93,estimate_high,269000,3784.376458831087,2859.505467632631,3134.3422602088576,749.768,214256148437.56668,1191,0.5,deaths
2022-04-23,NATO officials (via WP),russia,all_df_NATO officials (via WP)_97,estimate_low,7000,154.9356276731161,109.24691123102924,120.31466113524108,38.007000000000005,179423446721.9148,58,0.5,deaths
2022-04-23,NATO officials (via WP),russia,all_df_NATO officials (via WP)_97,estimate_high,15000,154.9356276731161,109.24691123102924,120.31466113524108,38.007000000000005,179423446721.9148,58,0.5,deaths
2025-06-12,UK MoD,russia,all_df_UK MoD_100,estimate,250000,3856.59134645321,2918.753125557287,3199.7061524255073,755.442,214525207620.0476,1204,1,deaths
2025-05-01,CSIS,russia,all_df_CSIS_101,estimate_low,200000,3670.7186797028703,2771.011722980234,3043.711377279167,730.2779999999995,213748081141.44308,1162,0.5,deaths
2025-05-01,CSIS,russia,all_df_CSIS_101,estimate_high,250000,3670.7186797028703,2771.011722980234,3043.711377279167,730.2779999999995,213748081141.44308,1162,0.5,deaths
2025-12-01,CSIS,russia,all_df_CSIS_104,estimate_low,275000,4695.506903319834,3587.392083257554,3939.0514381844155,855.3959999999984,217440986318.75696,1376,0.5,deaths
2025-12-01,CSIS,russia,all_df_CSIS_104,estimate_high,325000,4695.506903319834,3587.392083257554,3939.0514381844155,855.3959999999984,217440986318.75696,1376,0.5,deaths
2026-04-03,BBC Russia,russia,all_df_BBC Russia_108,estimate_low,319300,4885.827542396925,3670.76899309648,4115.510960876149,945.4249999999981,219234306511.7421,1499,0.5,deaths
2026-04-03,BBC Russia,russia,all_df_BBC Russia_108,estimate_high,461200,4885.827542396925,3670.76899309648,4115.510960876149,945.4249999999981,219234306511.7421,1499,0.5,deaths
2026-05-27,UK MoD,russia,all_df_UK MoD_113,estimate,500000,5116.051225860181,3776.7399681823795,4333.5275344438405,978.3409999999983,219688829108.24802,1553,1,deaths
2026-06-12,BBC Russia,russia,all_df_BBC Russia_114,estimate_low,369000,5184.429625171126,3806.9104300243725,4399.40180693055,988.7939999999982,219804645338.31296,1569,0.5,deaths
2026-06-12,BBC Russia,russia,all_df_BBC Russia_114,estimate_high,523000,5184.429625171126,3806.9104300243725,4399.40180693055,988.7939999999982,219804645338.31296,1569,0.5,deaths
2026-06-30,CSIS,russia,all_df_CSIS_116,estimate_low,400000,5292.762649169085,3893.603505691613,4500.1007818341795,997.8419999999979,219896335685.4184,1587,0.5,deaths
2026-06-30,CSIS,russia,all_df_CSIS_116,estimate_high,450000,5292.762649169085,3893.603505691613,4500.1007818341795,997.8419999999979,219896335685.4184,1587,0.5,deaths
2026-06-17,NATO officials (via media24),russia,all_df_NATO officials (via media24)_120,estimate,500000,5211.03881725622,3825.5246096257088,4424.816577426426,991.8239999999981,219823217243.30606,1574,1,deaths
2022-02-24,Meduza,russia,deaths_via_meduza_assembled_1,estimate,456.1974551665733,3.4011973816621555,3.4011973816621555,0,0.795,38305374099.68546,0,0.3333333333333333,deaths
2022-02-24,Meduza,russia,deaths_via_meduza_assembled_1,estimate_low,336.2366071075322,3.4011973816621555,3.4011973816621555,0,0.795,38305374099.68546,0,0.3333333333333333,deaths
2022-02-24,Meduza,russia,deaths_via_meduza_assembled_1,estimate_high,576.1583032256143,3.4011973816621555,3.4011973816621555,0,0.795,38305374099.68546,0,0.3333333333333333,deaths
2022-02-28,Meduza,russia,deaths_via_meduza_assembled_2,estimate,1147.2465583230148,10.48877108722013,8.830543010616596,2.995732273553991,3.3840000000000003,78205107812.52966,4,0.3333333333333333,deaths
2022-02-28,Meduza,russia,deaths_via_meduza_assembled_2,estimate_low,896.0602836009076,10.48877108722013,8.830543010616596,2.995732273553991,3.3840000000000003,78205107812.52966,4,0.3333333333333333,deaths
2022-02-28,Meduza,russia,deaths_via_meduza_assembled_2,estimate_high,1398.4328330451222,10.48877108722013,8.830543010616596,2.995732273553991,3.3840000000000003,78205107812.52966,4,0.3333333333333333,deaths
2022-03-07,Meduza,russia,deaths_via_meduza_assembled_3,estimate,1615.5610587911362,10.48877108722013,8.830543010616596,2.995732273553991,10.125,102889424961.27106,11,0.3333333333333333,deaths
2022-03-07,Meduza,russia,deaths_via_meduza_assembled_3,estimate_low,1285.249609544938,10.48877108722013,8.830543010616596,2.995732273553991,10.125,102889424961.27106,11,0.3333333333333333,deaths
2022-03-07,Meduza,russia,deaths_via_meduza_assembled_3,estimate_high,1945.8725080373342,10.48877108722013,8.830543010616596,2.995732273553991,10.125,102889424961.27106,11,0.3333333333333333,deaths
2022-03-14,Meduza,russia,deaths_via_meduza_assembled_4,estimate,1908.6324683935084,28.57179489306952,14.359972098128019,20.216767503606178,14.700000000000001,110047208409.71448,18,0.3333333333333333,deaths
2022-03-14,Meduza,russia,deaths_via_meduza_assembled_4,estimate_low,1514.9395271062724,28.57179489306952,14.359972098128019,20.216767503606178,14.700000000000001,110047208409.71448,18,0.3333333333333333,deaths
2022-03-14,Meduza,russia,deaths_via_meduza_assembled_4,estimate_high,2302.325409680744,28.57179489306952,14.359972098128019,20.216767503606178,14.700000000000001,110047208409.71448,18,0.3333333333333333,deaths
2022-03-21,Meduza,russia,deaths_via_meduza_assembled_5,estimate,2319.609811815582,62.067896913355426,38.68565741214984,51.187916841228,16.581000000000007,110793829403.92294,25,0.3333333333333333,deaths
2022-03-21,Meduza,russia,deaths_via_meduza_assembled_5,estimate_low,1844.8419947094676,62.067896913355426,38.68565741214984,51.187916841228,16.581000000000007,110793829403.92294,25,0.3333333333333333,deaths
2022-03-21,Meduza,russia,deaths_via_meduza_assembled_5,estimate_high,2794.3776289216958,62.067896913355426,38.68565741214984,51.187916841228,16.581000000000007,110793829403.92294,25,0.3333333333333333,deaths
2022-03-28,Meduza,russia,deaths_via_meduza_assembled_6,estimate,2700.4004932725043,98.01290988101583,68.56806330156259,81.79960195257671,18.110000000000007,123122954880.9401,32,0.3333333333333333,deaths
2022-03-28,Meduza,russia,deaths_via_meduza_assembled_6,estimate_low,2156.683098883499,98.01290988101583,68.56806330156259,81.79960195257671,18.110000000000007,123122954880.9401,32,0.3333333333333333,deaths
2022-03-28,Meduza,russia,deaths_via_meduza_assembled_6,estimate_high,3244.117887661508,98.01290988101583,68.56806330156259,81.79960195257671,18.110000000000007,123122954880.9401,32,0.3333333333333333,deaths
2022-04-04,Meduza,russia,deaths_via_meduza_assembled_7,estimate,2915.220708942545,121.89369696516106,86.61656391503976,101.31029813797167,23.259000000000004,148911410804.7554,39,0.3333333333333333,deaths
2022-04-04,Meduza,russia,deaths_via_meduza_assembled_7,estimate_low,2322.254637093571,121.89369696516106,86.61656391503976,101.31029813797167,23.259000000000004,148911410804.7554,39,0.3333333333333333,deaths
2022-04-04,Meduza,russia,deaths_via_meduza_assembled_7,estimate_high,3508.186780791518,121.89369696516106,86.61656391503976,101.31029813797167,23.259000000000004,148911410804.7554,39,0.3333333333333333,deaths
2022-04-11,Meduza,russia,deaths_via_meduza_assembled_8,estimate,3064.0463968760414,141.617276548154,104.85246207635682,110.3491381917855,28.042000000000005,174264625065.26407,46,0.3333333333333333,deaths
2022-04-11,Meduza,russia,deaths_via_meduza_assembled_8,estimate_low,2439.5578618383465,141.617276548154,104.85246207635682,110.3491381917855,28.042000000000005,174264625065.26407,46,0.3333333333333333,deaths
2022-04-11,Meduza,russia,deaths_via_meduza_assembled_8,estimate_high,3688.534931913735,141.617276548154,104.85246207635682,110.3491381917855,28.042000000000005,174264625065.26407,46,0.3333333333333333,deaths
2022-04-18,Meduza,russia,deaths_via_meduza_assembled_9,estimate,3336.3486130871006,149.27266719298015,107.04968665369303,116.62578168112714,33.631,176291114170.09848,53,0.3333333333333333,deaths
2022-04-18,Meduza,russia,deaths_via_meduza_assembled_9,estimate_low,2647.145520097169,149.27266719298015,107.04968665369303,116.62578168112714,33.631,176291114170.09848,53,0.3333333333333333,deaths
2022-04-18,Meduza,russia,deaths_via_meduza_assembled_9,estimate_high,4025.5517060770303,149.27266719298015,107.04968665369303,116.62578168112714,33.631,176291114170.09848,53,0.3333333333333333,deaths
2022-04-25,Meduza,russia,deaths_via_meduza_assembled_10,estimate,3632.6832730644473,160.33379037463385,112.1372829889254,124.79199794971929,38.919000000000004,179468054160.97626,60,0.3333333333333333,deaths
2022-04-25,Meduza,russia,deaths_via_meduza_assembled_10,estimate_low,2868.8966589174684,160.33379037463385,112.1372829889254,124.79199794971929,38.919000000000004,179468054160.97626,60,0.3333333333333333,deaths
2022-04-25,Meduza,russia,deaths_via_meduza_assembled_10,estimate_high,4396.469887211425,160.33379037463385,112.1372829889254,124.79199794971929,38.919000000000004,179468054160.97626,60,0.3333333333333333,deaths
2022-05-02,Meduza,russia,deaths_via_meduza_assembled_11,estimate,3873.4893110675507,172.7738278101098,120.13157797534139,129.62827985667076,42.543000000000006,180087759831.80368,67,0.3333333333333333,deaths
2022-05-02,Meduza,russia,deaths_via_meduza_assembled_11,estimate_low,3059.7521769853297,172.7738278101098,120.13157797534139,129.62827985667076,42.543000000000006,180087759831.80368,67,0.3333333333333333,deaths
2022-05-02,Meduza,russia,deaths_via_meduza_assembled_11,estimate_high,4687.22644514977,172.7738278101098,120.13157797534139,129.62827985667076,42.543000000000006,180087759831.80368,67,0.3333333333333333,deaths
2022-05-09,Meduza,russia,deaths_via_meduza_assembled_12,estimate,4071.4597849749157,201.6154393684561,142.92158131834725,154.06058535814566,44.823,181858491020.06387,74,0.3333333333333333,deaths
2022-05-09,Meduza,russia,deaths_via_meduza_assembled_12,estimate_low,3220.2111202743654,201.6154393684561,142.92158131834725,154.06058535814566,44.823,181858491020.06387,74,0.3333333333333333,deaths
2022-05-09,Meduza,russia,deaths_via_meduza_assembled_12,estimate_high,4922.708449675465,201.6154393684561,142.92158131834725,154.06058535814566,44.823,181858491020.06387,74,0.3333333333333333,deaths
2022-05-16,Meduza,russia,deaths_via_meduza_assembled_13,estimate,4362.788050902684,224.50611300802515,161.13612384715535,172.04295088934992,47.936,182090598976.717,81,0.3333333333333333,deaths
2022-05-16,Meduza,russia,deaths_via_meduza_assembled_13,estimate_low,3443.8408962523276,224.50611300802515,161.13612384715535,172.04295088934992,47.936,182090598976.717,81,0.3333333333333333,deaths
2022-05-16,Meduza,russia,deaths_via_meduza_assembled_13,estimate_high,5281.735205553038,224.50611300802515,161.13612384715535,172.04295088934992,47.936,182090598976.717,81,0.3333333333333333,deaths
2022-05-23,Meduza,russia,deaths_via_meduza_assembled_14,estimate,4670.964503066363,244.44598130211332,166.2719222842056,189.4052126615781,52.364000000000004,182920875343.60355,88,0.3333333333333333,deaths
2022-05-23,Meduza,russia,deaths_via_meduza_assembled_14,estimate_low,3671.106001584083,244.44598130211332,166.2719222842056,189.4052126615781,52.364000000000004,182920875343.60355,88,0.3333333333333333,deaths
2022-05-23,Meduza,russia,deaths_via_meduza_assembled_14,estimate_high,5670.823004548642,244.44598130211332,166.2719222842056,189.4052126615781,52.364000000000004,182920875343.60355,88,0.3333333333333333,deaths
2022-05-30,Meduza,russia,deaths_via_meduza_assembled_15,estimate,4826.680677815962,263.3776756521619,179.14274263577403,202.5975795995511,56.542,183384314701.62094,95,0.3333333333333333,deaths
2022-05-30,Meduza,russia,deaths_via_meduza_assembled_15,estimate_low,3800.047292714773,263.3776756521619,179.14274263577403,202.5975795995511,56.542,183384314701.62094,95,0.3333333333333333,deaths
2022-05-30,Meduza,russia,deaths_via_meduza_assembled_15,estimate_high,5853.314062917149,263.3776756521619,179.14274263577403,202.5975795995511,56.542,183384314701.62094,95,0.3333333333333333,deaths
2022-06-06,Meduza,russia,deaths_via_meduza_assembled_16,estimate,4926.267754740045,280.59789741108807,186.2075016635658,217.5270507231303,59.493,183816569508.79138,102,0.3333333333333333,deaths
2022-06-06,Meduza,russia,deaths_via_meduza_assembled_16,estimate_low,3886.6294205397685,280.59789741108807,186.2075016635658,217.5270507231303,59.493,183816569508.79138,102,0.3333333333333333,deaths
2022-06-06,Meduza,russia,deaths_via_meduza_assembled_16,estimate_high,5965.906088940321,280.59789741108807,186.2075016635658,217.5270507231303,59.493,183816569508.79138,102,0.3333333333333333,deaths
2022-06-13,Meduza,russia,deaths_via_meduza_assembled_17,estimate,4978.512084183554,307.23241347807823,209.22497477821017,237.00698668770158,61.498,184025308653.89917,109,0.3333333333333333,deaths
2022-06-13,Meduza,russia,deaths_via_meduza_assembled_17,estimate_low,3944.370499980062,307.23241347807823,209.22497477821017,237.00698668770158,61.498,184025308653.89917,109,0.3333333333333333,deaths
2022-06-13,Meduza,russia,deaths_via_meduza_assembled_17,estimate_high,6012.653668387044,307.23241347807823,209.22497477821017,237.00698668770158,61.498,184025308653.89917,109,0.3333333333333333,deaths
2022-06-20,Meduza,russia,deaths_via_meduza_assembled_18,estimate,5216.205411658887,329.8397683227194,229.63891971895123,246.79708155288262,64.648,184253945621.59726,116,0.3333333333333333,deaths
2022-06-20,Meduza,russia,deaths_via_meduza_assembled_18,estimate_low,4114.500597838662,329.8397683227194,229.63891971895123,246.79708155288262,64.648,184253945621.59726,116,0.3333333333333333,deaths
2022-06-20,Meduza,russia,deaths_via_meduza_assembled_18,estimate_high,6317.910225479109,329.8397683227194,229.63891971895123,246.79708155288262,64.648,184253945621.59726,116,0.3333333333333333,deaths
2022-06-27,Meduza,russia,deaths_via_meduza_assembled_19,estimate,5486.220836200461,353.7295482546462,252.37769818259233,255.91002957885016,68.997,184766016075.05753,123,0.3333333333333333,deaths
2022-06-27,Meduza,russia,deaths_via_meduza_assembled_19,estimate_low,4298.337762805729,353.7295482546462,252.37769818259233,255.91002957885016,68.997,184766016075.05753,123,0.3333333333333333,deaths
2022-06-27,Meduza,russia,deaths_via_meduza_assembled_19,estimate_high,6674.103909595191,353.7295482546462,252.37769818259233,255.91002957885016,68.997,184766016075.05753,123,0.3333333333333333,deaths
2022-07-04,Meduza,russia,deaths_via_meduza_assembled_20,estimate,5721.692778431991,385.16438980954194,281.80788195447707,276.36540489606983,70.58200000000001,185245930335.5865,130,0.3333333333333333,deaths
2022-07-04,Meduza,russia,deaths_via_meduza_assembled_20,estimate_low,4485.348523374843,385.16438980954194,281.80788195447707,276.36540489606983,70.58200000000001,185245930335.5865,130,0.3333333333333333,deaths
2022-07-04,Meduza,russia,deaths_via_meduza_assembled_20,estimate_high,6958.037033489138,385.16438980954194,281.80788195447707,276.36540489606983,70.58200000000001,185245930335.5865,130,0.3333333333333333,deaths
2022-07-11,Meduza,russia,deaths_via_meduza_assembled_21,estimate,5814.515035120004,419.2660772883903,311.49206488930173,303.6842643175401,74.03400000000002,185337975402.2358,137,0.3333333333333333,deaths
2022-07-11,Meduza,russia,deaths_via_meduza_assembled_21,estimate_low,4568.658777854805,419.2660772883903,311.49206488930173,303.6842643175401,74.03400000000002,185337975402.2358,137,0.3333333333333333,deaths
2022-07-11,Meduza,russia,deaths_via_meduza_assembled_21,estimate_high,7060.3712923852,419.2660772883903,311.49206488930173,303.6842643175401,74.03400000000002,185337975402.2358,137,0.3333333333333333,deaths
2022-07-18,Meduza,russia,deaths_via_meduza_assembled_22,estimate,6154.801779183192,448.3952183413189,337.01374237919435,326.31478635710596,77.87100000000002,185379334062.70874,144,0.3333333333333333,deaths
2022-07-18,Meduza,russia,deaths_via_meduza_assembled_22,estimate_low,4818.443264248195,448.3952183413189,337.01374237919435,326.31478635710596,77.87100000000002,185379334062.70874,144,0.3333333333333333,deaths
2022-07-18,Meduza,russia,deaths_via_meduza_assembled_22,estimate_high,7491.160294118185,448.3952183413189,337.01374237919435,326.31478635710596,77.87100000000002,185379334062.70874,144,0.3333333333333333,deaths
2022-07-25,Meduza,russia,deaths_via_meduza_assembled_23,estimate,6196.3754054279325,477.4232277142917,362.2924999587883,349.06077670682055,81.11200000000002,185586265572.10876,151,0.3333333333333333,deaths
2022-07-25,Meduza,russia,deaths_via_meduza_assembled_23,estimate_low,4849.709328786727,477.4232277142917,362.2924999587883,349.06077670682055,81.11200000000002,185586265572.10876,151,0.3333333333333333,deaths
2022-07-25,Meduza,russia,deaths_via_meduza_assembled_23,estimate_high,7543.041482069134,477.4232277142917,362.2924999587883,349.06077670682055,81.11200000000002,185586265572.10876,151,0.3333333333333333,deaths
2022-08-01,Meduza,russia,deaths_via_meduza_assembled_24,estimate,6312.091406986573,512.6542751957815,394.7618560912102,375.5801993343936,84.22900000000001,185721281517.40125,158,0.3333333333333333,deaths
2022-08-01,Meduza,russia,deaths_via_meduza_assembled_24,estimate_low,4933.21573280266,512.6542751957815,394.7618560912102,375.5801993343936,84.22900000000001,185721281517.40125,158,0.3333333333333333,deaths
2022-08-01,Meduza,russia,deaths_via_meduza_assembled_24,estimate_high,7690.967081170483,512.6542751957815,394.7618560912102,375.5801993343936,84.22900000000001,185721281517.40125,158,0.3333333333333333,deaths
2022-08-08,Meduza,russia,deaths_via_meduza_assembled_25,estimate,6452.305100445377,539.635850188555,419.95936596492453,391.73258046331847,88.09700000000001,185837408593.8428,165,0.3333333333333333,deaths
2022-08-08,Meduza,russia,deaths_via_meduza_assembled_25,estimate_low,5036.526656924507,539.635850188555,419.95936596492453,391.73258046331847,88.09700000000001,185837408593.8428,165,0.3333333333333333,deaths
2022-08-08,Meduza,russia,deaths_via_meduza_assembled_25,estimate_high,7868.083543966243,539.635850188555,419.95936596492453,391.73258046331847,88.09700000000001,185837408593.8428,165,0.3333333333333333,deaths
2022-08-15,Meduza,russia,deaths_via_meduza_assembled_26,estimate,6617.410158044892,570.6423364661508,446.1969738908114,416.1373129281459,92.706,185934121980.78577,172,0.3333333333333333,deaths
2022-08-15,Meduza,russia,deaths_via_meduza_assembled_26,estimate_low,5176.481228028323,570.6423364661508,446.1969738908114,416.1373129281459,92.706,185934121980.78577,172,0.3333333333333333,deaths
2022-08-15,Meduza,russia,deaths_via_meduza_assembled_26,estimate_high,8058.339088061457,570.6423364661508,446.1969738908114,416.1373129281459,92.706,185934121980.78577,172,0.3333333333333333,deaths
2022-08-22,Meduza,russia,deaths_via_meduza_assembled_27,estimate,6762.644372116271,587.1001419641518,459.38987774154896,425.8721451146519,95.775,186024044380.30676,179,0.3333333333333333,deaths
2022-08-22,Meduza,russia,deaths_via_meduza_assembled_27,estimate_low,5296.255737297629,587.1001419641518,459.38987774154896,425.8721451146519,95.775,186024044380.30676,179,0.3333333333333333,deaths
2022-08-22,Meduza,russia,deaths_via_meduza_assembled_27,estimate_high,8229.03300693491,587.1001419641518,459.38987774154896,425.8721451146519,95.775,186024044380.30676,179,0.3333333333333333,deaths
2022-08-29,Meduza,russia,deaths_via_meduza_assembled_28,estimate,7129.600719333021,619.4660879241851,490.258413505803,445.7319320006273,97.23,186208677571.808,186,0.3333333333333333,deaths
2022-08-29,Meduza,russia,deaths_via_meduza_assembled_28,estimate_low,5578.564387252521,619.4660879241851,490.258413505803,445.7319320006273,97.23,186208677571.808,186,0.3333333333333333,deaths
2022-08-29,Meduza,russia,deaths_via_meduza_assembled_28,estimate_high,8680.637051413516,619.4660879241851,490.258413505803,445.7319320006273,97.23,186208677571.808,186,0.3333333333333333,deaths
2022-09-05,Meduza,russia,deaths_via_meduza_assembled_29,estimate,7645.619982014097,644.1115912239144,514.2718157453486,452.3963410209777,100.82199999999999,186449080612.52695,193,0.3333333333333333,deaths
2022-09-05,Meduza,russia,deaths_via_meduza_assembled_29,estimate_low,5980.898494229284,644.1115912239144,514.2718157453486,452.3963410209777,100.82199999999999,186449080612.52695,193,0.3333333333333333,deaths
2022-09-05,Meduza,russia,deaths_via_meduza_assembled_29,estimate_high,9310.341469798906,644.1115912239144,514.2718157453486,452.3963410209777,100.82199999999999,186449080612.52695,193,0.3333333333333333,deaths
2022-09-12,Meduza,russia,deaths_via_meduza_assembled_30,estimate,8083.278373078646,661.4540503688464,530.8738179307217,458.38780556808564,105.61799999999998,194870861318.30078,200,0.3333333333333333,deaths
2022-09-12,Meduza,russia,deaths_via_meduza_assembled_30,estimate_low,6304.63367916729,661.4540503688464,530.8738179307217,458.38780556808564,105.61799999999998,194870861318.30078,200,0.3333333333333333,deaths
2022-09-12,Meduza,russia,deaths_via_meduza_assembled_30,estimate_high,9861.923066989997,661.4540503688464,530.8738179307217,458.38780556808564,105.61799999999998,194870861318.30078,200,0.3333333333333333,deaths
2022-09-19,Meduza,russia,deaths_via_meduza_assembled_31,estimate,8560.700771051024,667.8101580295423,537.2299255914176,458.38780556808564,111.30199999999998,195201888821.44058,207,0.3333333333333333,deaths
2022-09-19,Meduza,russia,deaths_via_meduza_assembled_31,estimate_low,6698.3140921736685,667.8101580295423,537.2299255914176,458.38780556808564,111.30199999999998,195201888821.44058,207,0.3333333333333333,deaths
2022-09-19,Meduza,russia,deaths_via_meduza_assembled_31,estimate_high,10423.087449928375,667.8101580295423,537.2299255914176,458.38780556808564,111.30199999999998,195201888821.44058,207,0.3333333333333333,deaths
2022-09-26,Meduza,russia,deaths_via_meduza_assembled_32,estimate,9347.639211348687,669.1964523906621,538.6162199525373,458.38780556808564,116.52499999999998,195604088554.32822,214,0.3333333333333333,deaths
2022-09-26,Meduza,russia,deaths_via_meduza_assembled_32,estimate_low,7309.1517521443875,669.1964523906621,538.6162199525373,458.38780556808564,116.52499999999998,195604088554.32822,214,0.3333333333333333,deaths
2022-09-26,Meduza,russia,deaths_via_meduza_assembled_32,estimate_high,11386.126670552982,669.1964523906621,538.6162199525373,458.38780556808564,116.52499999999998,195604088554.32822,214,0.3333333333333333,deaths
2022-10-03,Meduza,russia,deaths_via_meduza_assembled_33,estimate,10120.1525450111,680.2065204015155,546.6995485613237,461.7890029497478,122.22399999999998,197323596171.74103,221,0.3333333333333333,deaths
2022-10-03,Meduza,russia,deaths_via_meduza_assembled_33,estimate_low,7923.235483098655,680.2065204015155,546.6995485613237,461.7890029497478,122.22399999999998,197323596171.74103,221,0.3333333333333333,deaths
2022-10-03,Meduza,russia,deaths_via_meduza_assembled_33,estimate_high,12317.069606923542,680.2065204015155,546.6995485613237,461.7890029497478,122.22399999999998,197323596171.74103,221,0.3333333333333333,deaths
2022-10-10,Meduza,russia,deaths_via_meduza_assembled_34,estimate,10464.985372022182,691.4973018155044,554.195090505208,467.82925766102517,124.76499999999999,198954869518.26376,228,0.3333333333333333,deaths
2022-10-10,Meduza,russia,deaths_via_meduza_assembled_34,estimate_low,8210.501564810842,691.4973018155044,554.195090505208,467.82925766102517,124.76499999999999,198954869518.26376,228,0.3333333333333333,deaths
2022-10-10,Meduza,russia,deaths_via_meduza_assembled_34,estimate_high,12719.469179233516,691.4973018155044,554.195090505208,467.82925766102517,124.76499999999999,198954869518.26376,228,0.3333333333333333,deaths
2022-10-17,Meduza,russia,deaths_via_meduza_assembled_35,estimate,11029.110274752704,701.6319010890039,564.1065462273932,468.5224048415851,127.54699999999998,199263926762.65356,235,0.3333333333333333,deaths
2022-10-17,Meduza,russia,deaths_via_meduza_assembled_35,estimate_low,8652.603275795094,701.6319010890039,564.1065462273932,468.5224048415851,127.54699999999998,199263926762.65356,235,0.3333333333333333,deaths
2022-10-17,Meduza,russia,deaths_via_meduza_assembled_35,estimate_high,13405.617273710308,701.6319010890039,564.1065462273932,468.5224048415851,127.54699999999998,199263926762.65356,235,0.3333333333333333,deaths
2022-10-24,Meduza,russia,deaths_via_meduza_assembled_36,estimate,11812.012839900215,702.7305133776721,564.1065462273932,469.6210171302532,132.47899999999998,199517563570.96732,242,0.3333333333333333,deaths
2022-10-24,Meduza,russia,deaths_via_meduza_assembled_36,estimate_low,9278.514012744794,702.7305133776721,564.1065462273932,469.6210171302532,132.47899999999998,199517563570.96732,242,0.3333333333333333,deaths
2022-10-24,Meduza,russia,deaths_via_meduza_assembled_36,estimate_high,14345.511667055629,702.7305133776721,564.1065462273932,469.6210171302532,132.47899999999998,199517563570.96732,242,0.3333333333333333,deaths
2022-10-31,Meduza,russia,deaths_via_meduza_assembled_37,estimate,12982.284939838828,703.423660558232,564.7996934079531,469.6210171302532,137.29199999999997,199803252865.77325,249,0.3333333333333333,deaths
2022-10-31,Meduza,russia,deaths_via_meduza_assembled_37,estimate_low,10219.79422660369,703.423660558232,564.7996934079531,469.6210171302532,137.29199999999997,199803252865.77325,249,0.3333333333333333,deaths
2022-10-31,Meduza,russia,deaths_via_meduza_assembled_37,estimate_high,15744.775653073959,703.423660558232,564.7996934079531,469.6210171302532,137.29199999999997,199803252865.77325,249,0.3333333333333333,deaths
2022-11-07,Meduza,russia,deaths_via_meduza_assembled_38,estimate,13955.326731441293,706.3140323161282,567.6900651658493,469.6210171302532,142.12600000000003,199926171622.8375,256,0.3333333333333333,deaths
2022-11-07,Meduza,russia,deaths_via_meduza_assembled_38,estimate_low,11033.49301143878,706.3140323161282,567.6900651658493,469.6210171302532,142.12600000000003,199926171622.8375,256,0.3333333333333333,deaths
2022-11-07,Meduza,russia,deaths_via_meduza_assembled_38,estimate_high,16877.1604514438,706.3140323161282,567.6900651658493,469.6210171302532,142.12600000000003,199926171622.8375,256,0.3333333333333333,deaths
2022-11-14,Meduza,russia,deaths_via_meduza_assembled_39,estimate,14966.502782896492,708.1057917853562,567.6900651658493,471.4127765994813,145.93900000000002,204927611892.5836,263,0.3333333333333333,deaths
2022-11-14,Meduza,russia,deaths_via_meduza_assembled_39,estimate_low,11842.212645704634,708.1057917853562,567.6900651658493,471.4127765994813,145.93900000000002,204927611892.5836,263,0.3333333333333333,deaths
2022-11-14,Meduza,russia,deaths_via_meduza_assembled_39,estimate_high,18090.792920088345,708.1057917853562,567.6900651658493,471.4127765994813,145.93900000000002,204927611892.5836,263,0.3333333333333333,deaths
2022-11-21,Meduza,russia,deaths_via_meduza_assembled_40,estimate,15573.997207592618,708.1057917853562,567.6900651658493,471.4127765994813,152.26300000000006,205066930957.28906,270,0.3333333333333333,deaths
2022-11-21,Meduza,russia,deaths_via_meduza_assembled_40,estimate_low,12362.69498552033,708.1057917853562,567.6900651658493,471.4127765994813,152.26300000000006,205066930957.28906,270,0.3333333333333333,deaths
2022-11-21,Meduza,russia,deaths_via_meduza_assembled_40,estimate_high,18785.2994296649,708.1057917853562,567.6900651658493,471.4127765994813,152.26300000000006,205066930957.28906,270,0.3333333333333333,deaths
2022-11-28,Meduza,russia,deaths_via_meduza_assembled_41,estimate,16564.1117389844,708.1057917853562,567.6900651658493,471.4127765994813,158.91900000000004,205136469863.44995,277,0.3333333333333333,deaths
2022-11-28,Meduza,russia,deaths_via_meduza_assembled_41,estimate_low,13157.799091816638,708.1057917853562,567.6900651658493,471.4127765994813,158.91900000000004,205136469863.44995,277,0.3333333333333333,deaths
2022-11-28,Meduza,russia,deaths_via_meduza_assembled_41,estimate_high,19970.424386152157,708.1057917853562,567.6900651658493,471.4127765994813,158.91900000000004,205136469863.44995,277,0.3333333333333333,deaths
2022-12-05,Meduza,russia,deaths_via_meduza_assembled_42,estimate,17780.357468070517,710.7448491149714,567.6900651658493,474.0518339290965,164.668,205258874556.40945,284,0.3333333333333333,deaths
2022-12-05,Meduza,russia,deaths_via_meduza_assembled_42,estimate_low,14157.89426312716,710.7448491149714,567.6900651658493,474.0518339290965,164.668,205258874556.40945,284,0.3333333333333333,deaths
2022-12-05,Meduza,russia,deaths_via_meduza_assembled_42,estimate_high,21402.820673013866,710.7448491149714,567.6900651658493,474.0518339290965,164.668,205258874556.40945,284,0.3333333333333333,deaths
2022-12-12,Meduza,russia,deaths_via_meduza_assembled_43,estimate,18541.937070548105,710.7448491149714,567.6900651658493,474.0518339290965,171.038,205270994494.25412,291,0.3333333333333333,deaths
2022-12-12,Meduza,russia,deaths_via_meduza_assembled_43,estimate_low,14792.642058184287,710.7448491149714,567.6900651658493,474.0518339290965,171.038,205270994494.25412,291,0.3333333333333333,deaths
2022-12-12,Meduza,russia,deaths_via_meduza_assembled_43,estimate_high,22291.232082911913,710.7448491149714,567.6900651658493,474.0518339290965,171.038,205270994494.25412,291,0.3333333333333333,deaths
2022-12-19,Meduza,russia,deaths_via_meduza_assembled_44,estimate,19504.825157023108,710.7448491149714,567.6900651658493,474.0518339290965,176.85399999999998,205356851342.86798,298,0.3333333333333333,deaths
2022-12-19,Meduza,russia,deaths_via_meduza_assembled_44,estimate_low,15603.824363415695,710.7448491149714,567.6900651658493,474.0518339290965,176.85399999999998,205356851342.86798,298,0.3333333333333333,deaths
2022-12-19,Meduza,russia,deaths_via_meduza_assembled_44,estimate_high,23405.825950630508,710.7448491149714,567.6900651658493,474.0518339290965,176.85399999999998,205356851342.86798,298,0.3333333333333333,deaths
2022-12-26,Meduza,russia,deaths_via_meduza_assembled_45,estimate,20745.791642968117,710.7448491149714,567.6900651658493,474.0518339290965,182.94,205365779884.26877,305,0.3333333333333333,deaths
2022-12-26,Meduza,russia,deaths_via_meduza_assembled_45,estimate_low,16656.05817799065,710.7448491149714,567.6900651658493,474.0518339290965,182.94,205365779884.26877,305,0.3333333333333333,deaths
2022-12-26,Meduza,russia,deaths_via_meduza_assembled_45,estimate_high,24835.525107945574,710.7448491149714,567.6900651658493,474.0518339290965,182.94,205365779884.26877,305,0.3333333333333333,deaths
2023-01-02,Meduza,russia,deaths_via_meduza_assembled_46,estimate,21786.254792303007,713.3839064445866,570.3291224954645,474.0518339290965,187.523,205541605199.9962,312,0.3333333333333333,deaths
2023-01-02,Meduza,russia,deaths_via_meduza_assembled_46,estimate_low,17518.355487926074,713.3839064445866,570.3291224954645,474.0518339290965,187.523,205541605199.9962,312,0.3333333333333333,deaths
2023-01-02,Meduza,russia,deaths_via_meduza_assembled_46,estimate_high,26054.15409667993,713.3839064445866,570.3291224954645,474.0518339290965,187.523,205541605199.9962,312,0.3333333333333333,deaths
2023-01-09,Meduza,russia,deaths_via_meduza_assembled_47,estimate,22547.252443613048,714.0770536251465,571.0222696760244,474.0518339290965,192.577,205685163624.58826,319,0.3333333333333333,deaths
2023-01-09,Meduza,russia,deaths_via_meduza_assembled_47,estimate_low,18166.362046842685,714.0770536251465,571.0222696760244,474.0518339290965,192.577,205685163624.58826,319,0.3333333333333333,deaths
2023-01-09,Meduza,russia,deaths_via_meduza_assembled_47,estimate_high,26928.142840383403,714.0770536251465,571.0222696760244,474.0518339290965,192.577,205685163624.58826,319,0.3333333333333333,deaths
2023-01-16,Meduza,russia,deaths_via_meduza_assembled_48,estimate,23453.801316342946,714.7702008057064,571.7154168565843,474.0518339290965,198.57700000000003,205755931490.95203,326,0.3333333333333333,deaths
2023-01-16,Meduza,russia,deaths_via_meduza_assembled_48,estimate_low,18923.164780720548,714.7702008057064,571.7154168565843,474.0518339290965,198.57700000000003,205755931490.95203,326,0.3333333333333333,deaths
2023-01-16,Meduza,russia,deaths_via_meduza_assembled_48,estimate_high,27984.43785196534,714.7702008057064,571.7154168565843,474.0518339290965,198.57700000000003,205755931490.95203,326,0.3333333333333333,deaths
2023-01-23,Meduza,russia,deaths_via_meduza_assembled_49,estimate,24549.477084517,720.0483154649369,576.9935315158148,474.0518339290965,204.43099999999998,205932817667.76822,333,0.3333333333333333,deaths
2023-01-23,Meduza,russia,deaths_via_meduza_assembled_49,estimate_low,19839.216838590768,720.0483154649369,576.9935315158148,474.0518339290965,204.43099999999998,205932817667.76822,333,0.3333333333333333,deaths
2023-01-23,Meduza,russia,deaths_via_meduza_assembled_49,estimate_high,29259.737330443226,720.0483154649369,576.9935315158148,474.0518339290965,204.43099999999998,205932817667.76822,333,0.3333333333333333,deaths
2023-01-30,Meduza,russia,deaths_via_meduza_assembled_50,estimate,25996.82964585754,720.0483154649369,576.9935315158148,474.0518339290965,209.80499999999998,206018094245.34888,340,0.3333333333333333,deaths
2023-01-30,Meduza,russia,deaths_via_meduza_assembled_50,estimate_low,21042.30183304083,720.0483154649369,576.9935315158148,474.0518339290965,209.80499999999998,206018094245.34888,340,0.3333333333333333,deaths
2023-01-30,Meduza,russia,deaths_via_meduza_assembled_50,estimate_high,30951.357458674243,720.0483154649369,576.9935315158148,474.0518339290965,209.80499999999998,206018094245.34888,340,0.3333333333333333,deaths
2023-02-06,Meduza,russia,deaths_via_meduza_assembled_51,estimate,27566.07818906128,720.0483154649369,576.9935315158148,474.0518339290965,215.72499999999997,206077092138.72836,347,0.3333333333333333,deaths
2023-02-06,Meduza,russia,deaths_via_meduza_assembled_51,estimate_low,22363.803090104047,720.0483154649369,576.9935315158148,474.0518339290965,215.72499999999997,206077092138.72836,347,0.3333333333333333,deaths
2023-02-06,Meduza,russia,deaths_via_meduza_assembled_51,estimate_high,32768.35328801851,720.0483154649369,576.9935315158148,474.0518339290965,215.72499999999997,206077092138.72836,347,0.3333333333333333,deaths
2023-02-13,Meduza,russia,deaths_via_meduza_assembled_52,estimate,28692.28934763253,720.0483154649369,576.9935315158148,474.0518339290965,219.59599999999995,206145075054.87326,354,0.3333333333333333,deaths
2023-02-13,Meduza,russia,deaths_via_meduza_assembled_52,estimate_low,23336.835680773947,720.0483154649369,576.9935315158148,474.0518339290965,219.59599999999995,206145075054.87326,354,0.3333333333333333,deaths
2023-02-13,Meduza,russia,deaths_via_meduza_assembled_52,estimate_high,34047.743014491105,720.0483154649369,576.9935315158148,474.0518339290965,219.59599999999995,206145075054.87326,354,0.3333333333333333,deaths
2023-02-20,Meduza,russia,deaths_via_meduza_assembled_53,estimate,29728.846187800315,720.0483154649369,576.9935315158148,474.0518339290965,224.91099999999992,206198763877.28436,361,0.3333333333333333,deaths
2023-02-20,Meduza,russia,deaths_via_meduza_assembled_53,estimate_low,24236.137282450003,720.0483154649369,576.9935315158148,474.0518339290965,224.91099999999992,206198763877.28436,361,0.3333333333333333,deaths
2023-02-20,Meduza,russia,deaths_via_meduza_assembled_53,estimate_high,35221.55509315062,720.0483154649369,576.9935315158148,474.0518339290965,224.91099999999992,206198763877.28436,361,0.3333333333333333,deaths
2023-02-27,Meduza,russia,deaths_via_meduza_assembled_54,estimate,30700.913441626806,720.0483154649369,576.9935315158148,474.0518339290965,230.38099999999991,206264064044.2735,368,0.3333333333333333,deaths
2023-02-27,Meduza,russia,deaths_via_meduza_assembled_54,estimate_low,25079.583589265687,720.0483154649369,576.9935315158148,474.0518339290965,230.38099999999991,206264064044.2735,368,0.3333333333333333,deaths
2023-02-27,Meduza,russia,deaths_via_meduza_assembled_54,estimate_high,36322.24329398792,720.0483154649369,576.9935315158148,474.0518339290965,230.38099999999991,206264064044.2735,368,0.3333333333333333,deaths
2023-03-06,Meduza,russia,deaths_via_meduza_assembled_55,estimate,31729.802697531213,729.5979811425168,582.810642675778,481.373022485836,234.76499999999987,206525959581.8413,375,0.3333333333333333,deaths
2023-03-06,Meduza,russia,deaths_via_meduza_assembled_55,estimate_low,25962.09391105819,729.5979811425168,582.810642675778,481.373022485836,234.76499999999987,206525959581.8413,375,0.3333333333333333,deaths
2023-03-06,Meduza,russia,deaths_via_meduza_assembled_55,estimate_high,37497.51148400423,729.5979811425168,582.810642675778,481.373022485836,234.76499999999987,206525959581.8413,375,0.3333333333333333,deaths
2023-03-13,Meduza,russia,deaths_via_meduza_assembled_56,estimate,32904.25316554329,746.778356992896,595.2070050477513,493.7530484384896,239.9319999999999,206569584795.88336,382,0.3333333333333333,deaths
2023-03-13,Meduza,russia,deaths_via_meduza_assembled_56,estimate_low,26943.495574906203,746.778356992896,595.2070050477513,493.7530484384896,239.9319999999999,206569584795.88336,382,0.3333333333333333,deaths
2023-03-13,Meduza,russia,deaths_via_meduza_assembled_56,estimate_high,38865.010756180374,746.778356992896,595.2070050477513,493.7530484384896,239.9319999999999,206569584795.88336,382,0.3333333333333333,deaths
2023-03-20,Meduza,russia,deaths_via_meduza_assembled_57,estimate,34094.904203203,763.8731774852808,602.5517241019011,509.27617134642327,245.0349999999999,206625961368.83844,389,0.3333333333333333,deaths
2023-03-20,Meduza,russia,deaths_via_meduza_assembled_57,estimate_low,27933.054453989625,763.8731774852808,602.5517241019011,509.27617134642327,245.0349999999999,206625961368.83844,389,0.3333333333333333,deaths
2023-03-20,Meduza,russia,deaths_via_meduza_assembled_57,estimate_high,40256.75395241637,763.8731774852808,602.5517241019011,509.27617134642327,245.0349999999999,206625961368.83844,389,0.3333333333333333,deaths
2023-03-27,Meduza,russia,deaths_via_meduza_assembled_58,estimate,34750.08814352629,794.8157891566756,619.9311969407722,538.7018396844052,250.3649999999999,206644395046.9921,396,0.3333333333333333,deaths
2023-03-27,Meduza,russia,deaths_via_meduza_assembled_58,estimate_low,28508.945486181263,794.8157891566756,619.9311969407722,538.7018396844052,250.3649999999999,206644395046.9921,396,0.3333333333333333,deaths
2023-03-27,Meduza,russia,deaths_via_meduza_assembled_58,estimate_high,40991.23080087133,794.8157891566756,619.9311969407722,538.7018396844052,250.3649999999999,206644395046.9921,396,0.3333333333333333,deaths
2023-04-03,Meduza,russia,deaths_via_meduza_assembled_59,estimate,35455.6515925633,803.1867998379138,621.0298092294404,546.8905288088494,256.0949999999999,206663619123.49585,403,0.3333333333333333,deaths
2023-04-03,Meduza,russia,deaths_via_meduza_assembled_59,estimate_low,29107.51862525606,803.1867998379138,621.0298092294404,546.8905288088494,256.0949999999999,206663619123.49585,403,0.3333333333333333,deaths
2023-04-03,Meduza,russia,deaths_via_meduza_assembled_59,estimate_high,41803.78455987055,803.1867998379138,621.0298092294404,546.8905288088494,256.0949999999999,206663619123.49585,403,0.3333333333333333,deaths
2023-04-10,Meduza,russia,deaths_via_meduza_assembled_60,estimate,36075.36052740503,816.9400093696809,627.2989055131466,558.829388453767,262.10599999999994,206704954785.6808,410,0.3333333333333333,deaths
2023-04-10,Meduza,russia,deaths_via_meduza_assembled_60,estimate_low,29611.87893616048,816.9400093696809,627.2989055131466,558.829388453767,262.10599999999994,206704954785.6808,410,0.3333333333333333,deaths
2023-04-10,Meduza,russia,deaths_via_meduza_assembled_60,estimate_high,42538.84211864959,816.9400093696809,627.2989055131466,558.829388453767,262.10599999999994,206704954785.6808,410,0.3333333333333333,deaths
2023-04-17,Meduza,russia,deaths_via_meduza_assembled_61,estimate,36774.29351577586,831.7725858787547,632.6364435928479,572.7658769382844,268.05,206729899025.8938,417,0.3333333333333333,deaths
2023-04-17,Meduza,russia,deaths_via_meduza_assembled_61,estimate_low,30200.735865610797,831.7725858787547,632.6364435928479,572.7658769382844,268.05,206729899025.8938,417,0.3333333333333333,deaths
2023-04-17,Meduza,russia,deaths_via_meduza_assembled_61,estimate_high,43347.85116594094,831.7725858787547,632.6364435928479,572.7658769382844,268.05,206729899025.8938,417,0.3333333333333333,deaths
2023-04-24,Meduza,russia,deaths_via_meduza_assembled_62,estimate,37276.64407687309,847.5226220269077,639.6211599129662,587.3287898804091,273.16,206806060141.74634,424,0.3333333333333333,deaths
2023-04-24,Meduza,russia,deaths_via_meduza_assembled_62,estimate_low,30637.4518783164,847.5226220269077,639.6211599129662,587.3287898804091,273.16,206806060141.74634,424,0.3333333333333333,deaths
2023-04-24,Meduza,russia,deaths_via_meduza_assembled_62,estimate_high,43915.83627542979,847.5226220269077,639.6211599129662,587.3287898804091,273.16,206806060141.74634,424,0.3333333333333333,deaths
2023-05-01,Meduza,russia,deaths_via_meduza_assembled_63,estimate,37716.51736385365,867.1172748192973,647.2339909433734,603.3762162554996,278.232,206817001612.48923,431,0.3333333333333333,deaths
2023-05-01,Meduza,russia,deaths_via_meduza_assembled_63,estimate_low,31027.976150183807,867.1172748192973,647.2339909433734,603.3762162554996,278.232,206817001612.48923,431,0.3333333333333333,deaths
2023-05-01,Meduza,russia,deaths_via_meduza_assembled_63,estimate_high,44405.05857752351,867.1172748192973,647.2339909433734,603.3762162554996,278.232,206817001612.48923,431,0.3333333333333333,deaths
2023-05-08,Meduza,russia,deaths_via_meduza_assembled_64,estimate,38439.185121002454,897.8715907799788,669.3812133330368,630.8762187901511,282.514,206818438860.608,438,0.3333333333333333,deaths
2023-05-08,Meduza,russia,deaths_via_meduza_assembled_64,estimate_low,31667.729685415725,897.8715907799788,669.3812133330368,630.8762187901511,282.514,206818438860.608,438,0.3333333333333333,deaths
2023-05-08,Meduza,russia,deaths_via_meduza_assembled_64,estimate_high,45210.640556589206,897.8715907799788,669.3812133330368,630.8762187901511,282.514,206818438860.608,438,0.3333333333333333,deaths
2023-05-15,Meduza,russia,deaths_via_meduza_assembled_65,estimate,39098.403568454494,923.0328332588098,685.396597401259,654.016080706507,286.129,206875435505.18805,445,0.3333333333333333,deaths
2023-05-15,Meduza,russia,deaths_via_meduza_assembled_65,estimate_low,32243.170036330226,923.0328332588098,685.396597401259,654.016080706507,286.129,206875435505.18805,445,0.3333333333333333,deaths
2023-05-15,Meduza,russia,deaths_via_meduza_assembled_65,estimate_high,45953.63710057878,923.0328332588098,685.396597401259,654.016080706507,286.129,206875435505.18805,445,0.3333333333333333,deaths
2023-05-22,Meduza,russia,deaths_via_meduza_assembled_66,estimate,39690.5978460048,956.5706750211023,711.85110796548,682.5710146560842,290.13,206918691988.25214,452,0.3333333333333333,deaths
2023-05-22,Meduza,russia,deaths_via_meduza_assembled_66,estimate_low,32746.927218288427,956.5706750211023,711.85110796548,682.5710146560842,290.13,206918691988.25214,452,0.3333333333333333,deaths
2023-05-22,Meduza,russia,deaths_via_meduza_assembled_66,estimate_high,46634.2684737212,956.5706750211023,711.85110796548,682.5710146560842,290.13,206918691988.25214,452,0.3333333333333333,deaths
2023-05-29,Meduza,russia,deaths_via_meduza_assembled_67,estimate,40240.99474241111,982.4162753139279,723.6577174550978,706.7662158593834,294.638,206926147729.1403,459,0.3333333333333333,deaths
2023-05-29,Meduza,russia,deaths_via_meduza_assembled_67,estimate_low,33235.7929417581,982.4162753139279,723.6577174550978,706.7662158593834,294.638,206926147729.1403,459,0.3333333333333333,deaths
2023-05-29,Meduza,russia,deaths_via_meduza_assembled_67,estimate_high,47246.19654306413,982.4162753139279,723.6577174550978,706.7662158593834,294.638,206926147729.1403,459,0.3333333333333333,deaths
2023-06-05,Meduza,russia,deaths_via_meduza_assembled_68,estimate,41217.15243891551,1012.6224277840678,739.4400203185571,735.3666644548896,297.38899999999995,206965982833.67578,466,0.3333333333333333,deaths
2023-06-05,Meduza,russia,deaths_via_meduza_assembled_68,estimate_low,34077.17638608687,1012.6224277840678,739.4400203185571,735.3666644548896,297.38899999999995,206965982833.67578,466,0.3333333333333333,deaths
2023-06-05,Meduza,russia,deaths_via_meduza_assembled_68,estimate_high,48357.12849174416,1012.6224277840678,739.4400203185571,735.3666644548896,297.38899999999995,206965982833.67578,466,0.3333333333333333,deaths
2023-06-12,Meduza,russia,deaths_via_meduza_assembled_69,estimate,42257.335319155594,1042.0006014609467,766.1593859241548,756.2086603065218,302.61099999999993,207613034070.30212,473,0.3333333333333333,deaths
2023-06-12,Meduza,russia,deaths_via_meduza_assembled_69,estimate_low,34976.8034416436,1042.0006014609467,766.1593859241548,756.2086603065218,302.61099999999993,207613034070.30212,473,0.3333333333333333,deaths
2023-06-12,Meduza,russia,deaths_via_meduza_assembled_69,estimate_high,49537.8671966676,1042.0006014609467,766.1593859241548,756.2086603065218,302.61099999999993,207613034070.30212,473,0.3333333333333333,deaths
2023-06-19,Meduza,russia,deaths_via_meduza_assembled_70,estimate,43209.5209347991,1069.6489073091384,785.6056780638908,780.9977647069766,307.16799999999984,207950588719.21338,480,0.3333333333333333,deaths
2023-06-19,Meduza,russia,deaths_via_meduza_assembled_70,estimate_low,35783.605406661714,1069.6489073091384,785.6056780638908,780.9977647069766,307.16799999999984,207950588719.21338,480,0.3333333333333333,deaths
2023-06-19,Meduza,russia,deaths_via_meduza_assembled_70,estimate_high,50635.436462936486,1069.6489073091384,785.6056780638908,780.9977647069766,307.16799999999984,207950588719.21338,480,0.3333333333333333,deaths
2023-06-26,Meduza,russia,deaths_via_meduza_assembled_71,estimate,44207.90314401769,1101.079148758724,808.6329082374374,809.4873925978626,311.4139999999998,207976685580.42627,487,0.3333333333333333,deaths
2023-06-26,Meduza,russia,deaths_via_meduza_assembled_71,estimate_low,36662.86519610728,1101.079148758724,808.6329082374374,809.4873925978626,311.4139999999998,207976685580.42627,487,0.3333333333333333,deaths
2023-06-26,Meduza,russia,deaths_via_meduza_assembled_71,estimate_high,51752.9410919281,1101.079148758724,808.6329082374374,809.4873925978626,311.4139999999998,207976685580.42627,487,0.3333333333333333,deaths
2023-07-03,Meduza,russia,deaths_via_meduza_assembled_72,estimate,44996.93196410503,1128.7257732299463,831.3544902425189,831.0695080870146,315.8049999999998,208003747063.33197,494,0.3333333333333333,deaths
2023-07-03,Meduza,russia,deaths_via_meduza_assembled_72,estimate_low,37353.08262624842,1128.7257732299463,831.3544902425189,831.0695080870146,315.8049999999998,208003747063.33197,494,0.3333333333333333,deaths
2023-07-03,Meduza,russia,deaths_via_meduza_assembled_72,estimate_high,52640.781301961644,1128.7257732299463,831.3544902425189,831.0695080870146,315.8049999999998,208003747063.33197,494,0.3333333333333333,deaths
2023-07-10,Meduza,russia,deaths_via_meduza_assembled_73,estimate,45563.414890074375,1166.533836904586,863.7079644950703,863.7053648827701,320.31099999999975,208046498003.423,501,0.3333333333333333,deaths
2023-07-10,Meduza,russia,deaths_via_meduza_assembled_73,estimate_low,37865.40683158237,1166.533836904586,863.7079644950703,863.7053648827701,320.31099999999975,208046498003.423,501,0.3333333333333333,deaths
2023-07-10,Meduza,russia,deaths_via_meduza_assembled_73,estimate_high,53261.42294856639,1166.533836904586,863.7079644950703,863.7053648827701,320.31099999999975,208046498003.423,501,0.3333333333333333,deaths
2023-07-17,Meduza,russia,deaths_via_meduza_assembled_74,estimate,46174.467566101375,1202.723597286207,891.9135982883414,897.0426100754637,323.70199999999977,208063048395.84164,508,0.3333333333333333,deaths
2023-07-17,Meduza,russia,deaths_via_meduza_assembled_74,estimate_low,38407.72113549684,1202.723597286207,891.9135982883414,897.0426100754637,323.70199999999977,208063048395.84164,508,0.3333333333333333,deaths
2023-07-17,Meduza,russia,deaths_via_meduza_assembled_74,estimate_high,53941.21399670593,1202.723597286207,891.9135982883414,897.0426100754637,323.70199999999977,208063048395.84164,508,0.3333333333333333,deaths
2023-07-24,Meduza,russia,deaths_via_meduza_assembled_75,estimate,47016.01865069925,1236.5577513479966,914.5248162938761,928.6052934507719,327.73899999999975,208093892503.1265,515,0.3333333333333333,deaths
2023-07-24,Meduza,russia,deaths_via_meduza_assembled_75,estimate_low,39099.96410348248,1236.5577513479966,914.5248162938761,928.6052934507719,327.73899999999975,208093892503.1265,515,0.3333333333333333,deaths
2023-07-24,Meduza,russia,deaths_via_meduza_assembled_75,estimate_high,54932.073197916034,1236.5577513479966,914.5248162938761,928.6052934507719,327.73899999999975,208093892503.1265,515,0.3333333333333333,deaths
2023-07-31,Meduza,russia,deaths_via_meduza_assembled_76,estimate,47867.699438943906,1270.8105746797148,938.0747219542027,960.3635011574538,332.0789999999998,208336171863.94263,522,0.3333333333333333,deaths
2023-07-31,Meduza,russia,deaths_via_meduza_assembled_76,estimate_low,39804.75445569449,1270.8105746797148,938.0747219542027,960.3635011574538,332.0789999999998,208336171863.94263,522,0.3333333333333333,deaths
2023-07-31,Meduza,russia,deaths_via_meduza_assembled_76,estimate_high,55930.644422193334,1270.8105746797148,938.0747219542027,960.3635011574538,332.0789999999998,208336171863.94263,522,0.3333333333333333,deaths
2023-08-07,Meduza,russia,deaths_via_meduza_assembled_77,estimate,48497.38586318704,1286.7059107056498,951.707846953325,974.1519282470083,334.96699999999976,208345095254.01532,529,0.3333333333333333,deaths
2023-08-07,Meduza,russia,deaths_via_meduza_assembled_77,estimate_low,40368.82349627898,1286.7059107056498,951.707846953325,974.1519282470083,334.96699999999976,208345095254.01532,529,0.3333333333333333,deaths
2023-08-07,Meduza,russia,deaths_via_meduza_assembled_77,estimate_high,56625.94823009511,1286.7059107056498,951.707846953325,974.1519282470083,334.96699999999976,208345095254.01532,529,0.3333333333333333,deaths
2023-08-14,Meduza,russia,deaths_via_meduza_assembled_78,estimate,49314.621092341404,1302.2980384990226,965.5664170007498,987.1489324622481,338.25699999999966,208367074712.70654,536,0.3333333333333333,deaths
2023-08-14,Meduza,russia,deaths_via_meduza_assembled_78,estimate_low,41070.616239781666,1302.2980384990226,965.5664170007498,987.1489324622481,338.25699999999966,208367074712.70654,536,0.3333333333333333,deaths
2023-08-14,Meduza,russia,deaths_via_meduza_assembled_78,estimate_high,57558.62594490115,1302.2980384990226,965.5664170007498,987.1489324622481,338.25699999999966,208367074712.70654,536,0.3333333333333333,deaths
2023-08-21,Meduza,russia,deaths_via_meduza_assembled_79,estimate,50102.19255628943,1347.9533917824801,1008.8542039770009,1023.9504754779576,340.1939999999997,208374419378.53735,543,0.3333333333333333,deaths
2023-08-21,Meduza,russia,deaths_via_meduza_assembled_79,estimate_low,41744.850338879536,1347.9533917824801,1008.8542039770009,1023.9504754779576,340.1939999999997,208374419378.53735,543,0.3333333333333333,deaths
2023-08-21,Meduza,russia,deaths_via_meduza_assembled_79,estimate_high,58459.53477369933,1347.9533917824801,1008.8542039770009,1023.9504754779576,340.1939999999997,208374419378.53735,543,0.3333333333333333,deaths
2023-08-28,Meduza,russia,deaths_via_meduza_assembled_80,estimate,50911.95099150226,1393.9199849219656,1052.6083284587005,1060.7425997643836,343.21899999999965,208409759784.8726,550,0.3333333333333333,deaths
2023-08-28,Meduza,russia,deaths_via_meduza_assembled_80,estimate_low,42450.51186998613,1393.9199849219656,1052.6083284587005,1060.7425997643836,343.21899999999965,208409759784.8726,550,0.3333333333333333,deaths
2023-08-28,Meduza,russia,deaths_via_meduza_assembled_80,estimate_high,59373.39011301839,1393.9199849219656,1052.6083284587005,1060.7425997643836,343.21899999999965,208409759784.8726,550,0.3333333333333333,deaths
2023-09-04,Meduza,russia,deaths_via_meduza_assembled_81,estimate,51643.81243978148,1437.4303317930958,1093.526506014467,1095.8762924496573,346.97899999999964,208427333276.25565,557,0.3333333333333333,deaths
2023-09-04,Meduza,russia,deaths_via_meduza_assembled_81,estimate_low,43097.61724453049,1437.4303317930958,1093.526506014467,1095.8762924496573,346.97899999999964,208427333276.25565,557,0.3333333333333333,deaths
2023-09-04,Meduza,russia,deaths_via_meduza_assembled_81,estimate_high,60190.007635032474,1437.4303317930958,1093.526506014467,1095.8762924496573,346.97899999999964,208427333276.25565,557,0.3333333333333333,deaths
2023-09-11,Meduza,russia,deaths_via_meduza_assembled_82,estimate,52476.25769531176,1479.9621157065953,1133.0907697499736,1130.7395464442066,349.26799999999963,208437579244.46484,564,0.3333333333333333,deaths
2023-09-11,Meduza,russia,deaths_via_meduza_assembled_82,estimate_low,43815.50341690303,1479.9621157065953,1133.0907697499736,1130.7395464442066,349.26799999999963,208437579244.46484,564,0.3333333333333333,deaths
2023-09-11,Meduza,russia,deaths_via_meduza_assembled_82,estimate_high,61137.011973720495,1479.9621157065953,1133.0907697499736,1130.7395464442066,349.26799999999963,208437579244.46484,564,0.3333333333333333,deaths
2023-09-18,Meduza,russia,deaths_via_meduza_assembled_83,estimate,53189.85625477757,1515.753687635871,1164.808854428783,1160.7122827044493,352.1069999999997,208445637275.85648,571,0.3333333333333333,deaths
2023-09-18,Meduza,russia,deaths_via_meduza_assembled_83,estimate_low,44425.810780256215,1515.753687635871,1164.808854428783,1160.7122827044493,352.1069999999997,208445637275.85648,571,0.3333333333333333,deaths
2023-09-18,Meduza,russia,deaths_via_meduza_assembled_83,estimate_high,61953.90172929894,1515.753687635871,1164.808854428783,1160.7122827044493,352.1069999999997,208445637275.85648,571,0.3333333333333333,deaths
2023-09-25,Meduza,russia,deaths_via_meduza_assembled_84,estimate,53981.40647924703,1560.5840494801757,1206.570649850045,1198.0431668555912,354.86499999999967,208457903239.00723,578,0.3333333333333333,deaths
2023-09-25,Meduza,russia,deaths_via_meduza_assembled_84,estimate_low,45097.17823432695,1560.5840494801757,1206.570649850045,1198.0431668555912,354.86499999999967,208457903239.00723,578,0.3333333333333333,deaths
2023-09-25,Meduza,russia,deaths_via_meduza_assembled_84,estimate_high,62865.63472416711,1560.5840494801757,1206.570649850045,1198.0431668555912,354.86499999999967,208457903239.00723,578,0.3333333333333333,deaths
2023-10-02,Meduza,russia,deaths_via_meduza_assembled_85,estimate,55100.415714686504,1609.5286974138933,1244.8831590475825,1241.7063594498527,356.9509999999996,208472533274.8283,585,0.3333333333333333,deaths
2023-10-02,Meduza,russia,deaths_via_meduza_assembled_85,estimate_low,46040.01688657257,1609.5286974138933,1244.8831590475825,1241.7063594498527,356.9509999999996,208472533274.8283,585,0.3333333333333333,deaths
2023-10-02,Meduza,russia,deaths_via_meduza_assembled_85,estimate_high,64160.81454280044,1609.5286974138933,1244.8831590475825,1241.7063594498527,356.9509999999996,208472533274.8283,585,0.3333333333333333,deaths
2023-10-09,Meduza,russia,deaths_via_meduza_assembled_86,estimate,56861.475802442474,1644.9407765439742,1275.0963835778396,1272.1139234498091,361.01399999999967,208478535352.6988,592,0.3333333333333333,deaths
2023-10-09,Meduza,russia,deaths_via_meduza_assembled_86,estimate_low,47588.701707683256,1644.9407765439742,1275.0963835778396,1272.1139234498091,361.01399999999967,208478535352.6988,592,0.3333333333333333,deaths
2023-10-09,Meduza,russia,deaths_via_meduza_assembled_86,estimate_high,66134.2498972017,1644.9407765439742,1275.0963835778396,1272.1139234498091,361.01399999999967,208478535352.6988,592,0.3333333333333333,deaths
2023-10-16,Meduza,russia,deaths_via_meduza_assembled_87,estimate,58432.71923605182,1677.3951768213487,1301.2356554680061,1299.7605492098198,364.84899999999965,208491114078.56003,599,0.3333333333333333,deaths
2023-10-16,Meduza,russia,deaths_via_meduza_assembled_87,estimate_low,48976.403310601076,1677.3951768213487,1301.2356554680061,1299.7605492098198,364.84899999999965,208491114078.56003,599,0.3333333333333333,deaths
2023-10-16,Meduza,russia,deaths_via_meduza_assembled_87,estimate_high,67889.03516150257,1677.3951768213487,1301.2356554680061,1299.7605492098198,364.84899999999965,208491114078.56003,599,0.3333333333333333,deaths
2023-10-23,Meduza,russia,deaths_via_meduza_assembled_88,estimate,59888.422211401565,1705.455479367023,1321.4333528713964,1323.0165422479442,369.50499999999965,208520837960.9103,606,0.3333333333333333,deaths
2023-10-23,Meduza,russia,deaths_via_meduza_assembled_88,estimate_low,50258.15163707881,1705.455479367023,1321.4333528713964,1323.0165422479442,369.50499999999965,208520837960.9103,606,0.3333333333333333,deaths
2023-10-23,Meduza,russia,deaths_via_meduza_assembled_88,estimate_high,69518.69278572433,1705.455479367023,1321.4333528713964,1323.0165422479442,369.50499999999965,208520837960.9103,606,0.3333333333333333,deaths
2023-10-30,Meduza,russia,deaths_via_meduza_assembled_89,estimate,61401.635891147846,1734.7630723267139,1346.816087061563,1345.4056461037223,374.64999999999964,208546747300.27457,613,0.3333333333333333,deaths
2023-10-30,Meduza,russia,deaths_via_meduza_assembled_89,estimate_low,51576.61469162547,1734.7630723267139,1346.816087061563,1345.4056461037223,374.64999999999964,208546747300.27457,613,0.3333333333333333,deaths
2023-10-30,Meduza,russia,deaths_via_meduza_assembled_89,estimate_high,71226.65709067023,1734.7630723267139,1346.816087061563,1345.4056461037223,374.64999999999964,208546747300.27457,613,0.3333333333333333,deaths
2023-11-06,Meduza,russia,deaths_via_meduza_assembled_90,estimate,62682.74275179793,1759.3301392003796,1366.962804052124,1363.3353979644232,379.5149999999996,208552256916.55182,620,0.3333333333333333,deaths
2023-11-06,Meduza,russia,deaths_via_meduza_assembled_90,estimate_low,52712.12250090207,1759.3301392003796,1366.962804052124,1363.3353979644232,379.5149999999996,208552256916.55182,620,0.3333333333333333,deaths
2023-11-06,Meduza,russia,deaths_via_meduza_assembled_90,estimate_high,72653.36300269379,1759.3301392003796,1366.962804052124,1363.3353979644232,379.5149999999996,208552256916.55182,620,0.3333333333333333,deaths
2023-11-13,Meduza,russia,deaths_via_meduza_assembled_91,estimate,64261.8114099944,1779.9324561519018,1383.1565265212055,1377.3429823706242,384.4549999999996,208569070598.91138,627,0.3333333333333333,deaths
2023-11-13,Meduza,russia,deaths_via_meduza_assembled_91,estimate_low,54085.91897920517,1779.9324561519018,1383.1565265212055,1377.3429823706242,384.4549999999996,208569070598.91138,627,0.3333333333333333,deaths
2023-11-13,Meduza,russia,deaths_via_meduza_assembled_91,estimate_high,74437.70384078364,1779.9324561519018,1383.1565265212055,1377.3429823706242,384.4549999999996,208569070598.91138,627,0.3333333333333333,deaths
2023-11-20,Meduza,russia,deaths_via_meduza_assembled_92,estimate,65556.55621587446,1787.2048545444716,1385.4591116141996,1383.719709318523,390.66299999999956,208578192924.2809,634,0.3333333333333333,deaths
2023-11-20,Meduza,russia,deaths_via_meduza_assembled_92,estimate_low,55245.81629665766,1787.2048545444716,1385.4591116141996,1383.719709318523,390.66299999999956,208578192924.2809,634,0.3333333333333333,deaths
2023-11-20,Meduza,russia,deaths_via_meduza_assembled_92,estimate_high,75867.29613509128,1787.2048545444716,1385.4591116141996,1383.719709318523,390.66299999999956,208578192924.2809,634,0.3333333333333333,deaths
2023-11-27,Meduza,russia,deaths_via_meduza_assembled_93,estimate,67578.65498167506,1790.942524162755,1387.9440182639876,1385.511468787751,396.79599999999965,208583782099.68488,641,0.3333333333333333,deaths
2023-11-27,Meduza,russia,deaths_via_meduza_assembled_93,estimate_low,57014.961724397224,1790.942524162755,1387.9440182639876,1385.511468787751,396.79599999999965,208583782099.68488,641,0.3333333333333333,deaths
2023-11-27,Meduza,russia,deaths_via_meduza_assembled_93,estimate_high,78142.34823895291,1790.942524162755,1387.9440182639876,1385.511468787751,396.79599999999965,208583782099.68488,641,0.3333333333333333,deaths
2023-12-04,Meduza,russia,deaths_via_meduza_assembled_94,estimate,69350.56742001887,1795.730015905537,1389.3303126251074,1388.4018405456472,402.61499999999967,208651770047.6508,648,0.3333333333333333,deaths
2023-12-04,Meduza,russia,deaths_via_meduza_assembled_94,estimate_low,58570.73895641674,1795.730015905537,1389.3303126251074,1388.4018405456472,402.61499999999967,208651770047.6508,648,0.3333333333333333,deaths
2023-12-04,Meduza,russia,deaths_via_meduza_assembled_94,estimate_high,80130.395883621,1795.730015905537,1389.3303126251074,1388.4018405456472,402.61499999999967,208651770047.6508,648,0.3333333333333333,deaths
2023-12-11,Meduza,russia,deaths_via_meduza_assembled_95,estimate,71210.63497656977,1796.828628194205,1390.0234598056672,1388.4018405456472,409.17099999999965,208700455835.53745,655,0.3333333333333333,deaths
2023-12-11,Meduza,russia,deaths_via_meduza_assembled_95,estimate_low,60216.17376432974,1796.828628194205,1390.0234598056672,1388.4018405456472,409.17099999999965,208700455835.53745,655,0.3333333333333333,deaths
2023-12-11,Meduza,russia,deaths_via_meduza_assembled_95,estimate_high,82205.0961888098,1796.828628194205,1390.0234598056672,1388.4018405456472,409.17099999999965,208700455835.53745,655,0.3333333333333333,deaths
2023-12-18,Meduza,russia,deaths_via_meduza_assembled_96,estimate,73016.19475831924,1798.7745383432605,1391.9693699547227,1388.4018405456472,415.67499999999967,208708897732.16632,662,0.3333333333333333,deaths
2023-12-18,Meduza,russia,deaths_via_meduza_assembled_96,estimate_low,61819.30302303238,1798.7745383432605,1391.9693699547227,1388.4018405456472,415.67499999999967,208708897732.16632,662,0.3333333333333333,deaths
2023-12-18,Meduza,russia,deaths_via_meduza_assembled_96,estimate_high,84213.08649360608,1798.7745383432605,1391.9693699547227,1388.4018405456472,415.67499999999967,208708897732.16632,662,0.3333333333333333,deaths
2023-12-25,Meduza,russia,deaths_via_meduza_assembled_97,estimate,74470.70339507751,1803.9674951941506,1393.7611294239507,1391.6207163705153,421.55699999999973,208725779977.19366,669,0.3333333333333333,deaths
2023-12-25,Meduza,russia,deaths_via_meduza_assembled_97,estimate_low,63134.33051357791,1803.9674951941506,1393.7611294239507,1391.6207163705153,421.55699999999973,208725779977.19366,669,0.3333333333333333,deaths
2023-12-25,Meduza,russia,deaths_via_meduza_assembled_97,estimate_high,85807.07627657709,1803.9674951941506,1393.7611294239507,1391.6207163705153,421.55699999999973,208725779977.19366,669,0.3333333333333333,deaths
2024-01-01,Meduza,russia,deaths_via_meduza_assembled_98,estimate,75651.56059168838,1821.716993751122,1396.9391832542985,1408.5484827782375,426.4469999999997,208736110724.40738,676,0.3333333333333333,deaths
2024-01-01,Meduza,russia,deaths_via_meduza_assembled_98,estimate_low,64179.08273053382,1821.716993751122,1396.9391832542985,1408.5484827782375,426.4469999999997,208736110724.40738,676,0.3333333333333333,deaths
2024-01-01,Meduza,russia,deaths_via_meduza_assembled_98,estimate_high,87124.03845284293,1821.716993751122,1396.9391832542985,1408.5484827782375,426.4469999999997,208736110724.40738,676,0.3333333333333333,deaths
2024-01-08,Meduza,russia,deaths_via_meduza_assembled_99,estimate,76941.62700031587,1826.5044854939038,1396.9391832542985,1413.1536529642253,432.5739999999997,208759737961.87936,683,0.3333333333333333,deaths
2024-01-08,Meduza,russia,deaths_via_meduza_assembled_99,estimate_low,65311.11056451938,1826.5044854939038,1396.9391832542985,1413.1536529642253,432.5739999999997,208759737961.87936,683,0.3333333333333333,deaths
2024-01-08,Meduza,russia,deaths_via_meduza_assembled_99,estimate_high,88572.14343611234,1826.5044854939038,1396.9391832542985,1413.1536529642253,432.5739999999997,208759737961.87936,683,0.3333333333333333,deaths
2024-01-15,Meduza,russia,deaths_via_meduza_assembled_100,estimate,78538.56484924511,1826.5044854939038,1396.9391832542985,1413.1536529642253,437.7029999999997,208767010579.45438,690,0.3333333333333333,deaths
2024-01-15,Meduza,russia,deaths_via_meduza_assembled_100,estimate_low,66728.38066963264,1826.5044854939038,1396.9391832542985,1413.1536529642253,437.7029999999997,208767010579.45438,690,0.3333333333333333,deaths
2024-01-15,Meduza,russia,deaths_via_meduza_assembled_100,estimate_high,90348.74902885756,1826.5044854939038,1396.9391832542985,1413.1536529642253,437.7029999999997,208767010579.45438,690,0.3333333333333333,deaths
2024-01-22,Meduza,russia,deaths_via_meduza_assembled_101,estimate,80238.31324165534,1834.9606539834824,1400.404919157098,1418.5289313719097,442.9619999999996,208780139262.19138,697,0.3333333333333333,deaths
2024-01-22,Meduza,russia,deaths_via_meduza_assembled_101,estimate_low,68223.58743409891,1834.9606539834824,1400.404919157098,1418.5289313719097,442.9619999999996,208780139262.19138,697,0.3333333333333333,deaths
2024-01-22,Meduza,russia,deaths_via_meduza_assembled_101,estimate_high,92253.03904921174,1834.9606539834824,1400.404919157098,1418.5289313719097,442.9619999999996,208780139262.19138,697,0.3333333333333333,deaths
2024-01-29,Meduza,russia,deaths_via_meduza_assembled_102,estimate,81594.46496225527,1836.3469483446022,1401.0980663376579,1419.2220785524696,449.0639999999997,208798264293.0164,704,0.3333333333333333,deaths
2024-01-29,Meduza,russia,deaths_via_meduza_assembled_102,estimate_low,69418.54775455726,1836.3469483446022,1401.0980663376579,1419.2220785524696,449.0639999999997,208798264293.0164,704,0.3333333333333333,deaths
2024-01-29,Meduza,russia,deaths_via_meduza_assembled_102,estimate_high,93770.38216995323,1836.3469483446022,1401.0980663376579,1419.2220785524696,449.0639999999997,208798264293.0164,704,0.3333333333333333,deaths
2024-02-05,Meduza,russia,deaths_via_meduza_assembled_103,estimate,83106.76294606684,1850.553419324472,1406.2910231885483,1430.4710384716054,454.2129999999996,208826331308.8582,711,0.3333333333333333,deaths
2024-02-05,Meduza,russia,deaths_via_meduza_assembled_103,estimate_low,70745.61535376399,1850.553419324472,1406.2910231885483,1430.4710384716054,454.2129999999996,208826331308.8582,711,0.3333333333333333,deaths
2024-02-05,Meduza,russia,deaths_via_meduza_assembled_103,estimate_high,95467.91053836964,1850.553419324472,1406.2910231885483,1430.4710384716054,454.2129999999996,208826331308.8582,711,0.3333333333333333,deaths
2024-02-12,Meduza,russia,deaths_via_meduza_assembled_104,estimate,84872.4224287392,1856.236999091811,1407.3896354772164,1435.4614710583844,460.2529999999996,208847285904.75555,718,0.3333333333333333,deaths
2024-02-12,Meduza,russia,deaths_via_meduza_assembled_104,estimate_low,72304.01582775182,1856.236999091811,1407.3896354772164,1435.4614710583844,460.2529999999996,208847285904.75555,718,0.3333333333333333,deaths
2024-02-12,Meduza,russia,deaths_via_meduza_assembled_104,estimate_high,97440.82902972652,1856.236999091811,1407.3896354772164,1435.4614710583844,460.2529999999996,208847285904.75555,718,0.3333333333333333,deaths
2024-02-19,Meduza,russia,deaths_via_meduza_assembled_105,estimate,87057.14970671573,1864.2513348291106,1409.1813949464445,1442.782659615124,466.2459999999995,208921828887.00888,725,0.3333333333333333,deaths
2024-02-19,Meduza,russia,deaths_via_meduza_assembled_105,estimate_low,74235.16778884229,1864.2513348291106,1409.1813949464445,1442.782659615124,466.2459999999995,208921828887.00888,725,0.3333333333333333,deaths
2024-02-19,Meduza,russia,deaths_via_meduza_assembled_105,estimate_high,99879.13162458912,1864.2513348291106,1409.1813949464445,1442.782659615124,466.2459999999995,208921828887.00888,725,0.3333333333333333,deaths
2024-02-26,Meduza,russia,deaths_via_meduza_assembled_106,estimate,89022.23899452451,1881.2326073138936,1420.8138796464723,1454.7947590866397,471.9019999999995,208948911943.07397,732,0.3333333333333333,deaths
2024-02-26,Meduza,russia,deaths_via_meduza_assembled_106,estimate_low,75963.938641523,1881.2326073138936,1420.8138796464723,1454.7947590866397,471.9019999999995,208948911943.07397,732,0.3333333333333333,deaths
2024-02-26,Meduza,russia,deaths_via_meduza_assembled_106,estimate_high,102080.53934752596,1881.2326073138936,1420.8138796464723,1454.7947590866397,471.9019999999995,208948911943.07397,732,0.3333333333333333,deaths
2024-03-04,Meduza,russia,deaths_via_meduza_assembled_107,estimate,90753.452776743,1912.8533320957986,1447.0676168458585,1481.6225468492007,475.7669999999995,208968527675.80338,739,0.3333333333333333,deaths
2024-03-04,Meduza,russia,deaths_via_meduza_assembled_107,estimate_low,77515.56216715965,1912.8533320957986,1447.0676168458585,1481.6225468492007,475.7669999999995,208968527675.80338,739,0.3333333333333333,deaths
2024-03-04,Meduza,russia,deaths_via_meduza_assembled_107,estimate_high,103991.34338632629,1912.8533320957986,1447.0676168458585,1481.6225468492007,475.7669999999995,208968527675.80338,739,0.3333333333333333,deaths
2024-03-11,Meduza,russia,deaths_via_meduza_assembled_108,estimate,92465.41524326421,1949.1485578091615,1474.5121243645685,1514.7712546139885,479.4559999999995,208996561857.07208,746,0.3333333333333333,deaths
2024-03-11,Meduza,russia,deaths_via_meduza_assembled_108,estimate_low,79060.31406280838,1949.1485578091615,1474.5121243645685,1514.7712546139885,479.4559999999995,208996561857.07208,746,0.3333333333333333,deaths
2024-03-11,Meduza,russia,deaths_via_meduza_assembled_108,estimate_high,105870.51642372001,1949.1485578091615,1474.5121243645685,1514.7712546139885,479.4559999999995,208996561857.07208,746,0.3333333333333333,deaths
2024-03-18,Meduza,russia,deaths_via_meduza_assembled_109,estimate,94231.97238006807,1968.6422208620004,1486.8931498175552,1529.9438263778025,485.41399999999953,209011708846.52048,753,0.3333333333333333,deaths
2024-03-18,Meduza,russia,deaths_via_meduza_assembled_109,estimate_low,80634.01901192652,1968.6422208620004,1486.8931498175552,1529.9438263778025,485.41399999999953,209011708846.52048,753,0.3333333333333333,deaths
2024-03-18,Meduza,russia,deaths_via_meduza_assembled_109,estimate_high,107829.92574820957,1968.6422208620004,1486.8931498175552,1529.9438263778025,485.41399999999953,209011708846.52048,753,0.3333333333333333,deaths
2024-03-25,Meduza,russia,deaths_via_meduza_assembled_110,estimate,95506.14687771979,1994.4095090062867,1508.3189965968725,1548.8923508879698,490.75099999999946,209036347345.84192,760,0.3333333333333333,deaths
2024-03-25,Meduza,russia,deaths_via_meduza_assembled_110,estimate_low,81776.16937588598,1994.4095090062867,1508.3189965968725,1548.8923508879698,490.75099999999946,209036347345.84192,760,0.3333333333333333,deaths
2024-03-25,Meduza,russia,deaths_via_meduza_assembled_110,estimate_high,109236.12437955356,1994.4095090062867,1508.3189965968725,1548.8923508879698,490.75099999999946,209036347345.84192,760,0.3333333333333333,deaths
2024-04-01,Meduza,russia,deaths_via_meduza_assembled_111,estimate,97155.89472122098,2035.9534479852193,1545.2699467930415,1585.0146843660023,494.47199999999947,209053047652.63763,767,0.3333333333333333,deaths
2024-04-01,Meduza,russia,deaths_via_meduza_assembled_111,estimate_low,83249.48029627763,2035.9534479852193,1545.2699467930415,1585.0146843660023,494.47199999999947,209053047652.63763,767,0.3333333333333333,deaths
2024-04-01,Meduza,russia,deaths_via_meduza_assembled_111,estimate_high,111062.30914616428,2035.9534479852193,1545.2699467930415,1585.0146843660023,494.47199999999947,209053047652.63763,767,0.3333333333333333,deaths
2024-04-08,Meduza,russia,deaths_via_meduza_assembled_112,estimate,98854.95422342044,2077.4033115710454,1580.6114667693425,1622.1502580069343,498.4549999999995,209089835820.63098,774,0.3333333333333333,deaths
2024-04-08,Meduza,russia,deaths_via_meduza_assembled_112,estimate_low,84771.20224449161,2077.4033115710454,1580.6114667693425,1622.1502580069343,498.4549999999995,209089835820.63098,774,0.3333333333333333,deaths
2024-04-08,Meduza,russia,deaths_via_meduza_assembled_112,estimate_high,112938.70620234925,2077.4033115710454,1580.6114667693425,1622.1502580069343,498.4549999999995,209089835820.63098,774,0.3333333333333333,deaths
2024-04-15,Meduza,russia,deaths_via_meduza_assembled_113,estimate,100530.74809518328,2120.988633381628,1619.0221817934344,1661.0000102307226,501.7969999999995,209115006485.97348,781,0.3333333333333333,deaths
2024-04-15,Meduza,russia,deaths_via_meduza_assembled_113,estimate_low,86256.24588425073,2120.988633381628,1619.0221817934344,1661.0000102307226,501.7969999999995,209115006485.97348,781,0.3333333333333333,deaths
2024-04-15,Meduza,russia,deaths_via_meduza_assembled_113,estimate_high,114805.2503061158,2120.988633381628,1619.0221817934344,1661.0000102307226,501.7969999999995,209115006485.97348,781,0.3333333333333333,deaths
2024-04-22,Meduza,russia,deaths_via_meduza_assembled_114,estimate,102370.2968428738,2149.3120532874423,1639.6157629462487,1682.8245991188985,507.07199999999943,209131854429.1324,788,0.3333333333333333,deaths
2024-04-22,Meduza,russia,deaths_via_meduza_assembled_114,estimate_low,87917.58121667776,2149.3120532874423,1639.6157629462487,1682.8245991188985,507.07199999999943,209131854429.1324,788,0.3333333333333333,deaths
2024-04-22,Meduza,russia,deaths_via_meduza_assembled_114,estimate_high,116823.01246906981,2149.3120532874423,1639.6157629462487,1682.8245991188985,507.07199999999943,209131854429.1324,788,0.3333333333333333,deaths
2024-04-29,Meduza,russia,deaths_via_meduza_assembled_115,estimate,104575.6516186937,2171.518707981564,1650.220365848994,1701.0913171653542,511.74999999999943,209159380688.15555,795,0.3333333333333333,deaths
2024-04-29,Meduza,russia,deaths_via_meduza_assembled_115,estimate_low,89901.87812018023,2171.518707981564,1650.220365848994,1701.0913171653542,511.74999999999943,209159380688.15555,795,0.3333333333333333,deaths
2024-04-29,Meduza,russia,deaths_via_meduza_assembled_115,estimate_high,119249.42511720715,2171.518707981564,1650.220365848994,1701.0913171653542,511.74999999999943,209159380688.15555,795,0.3333333333333333,deaths
2024-05-06,Meduza,russia,deaths_via_meduza_assembled_116,estimate,106815.19758703845,2210.6429098532,1682.6391327873212,1736.717354722363,513.6709999999994,209199990391.25528,802,0.3333333333333333,deaths
2024-05-06,Meduza,russia,deaths_via_meduza_assembled_116,estimate_low,91936.95804448196,2210.6429098532,1682.6391327873212,1736.717354722363,513.6709999999994,209199990391.25528,802,0.3333333333333333,deaths
2024-05-06,Meduza,russia,deaths_via_meduza_assembled_116,estimate_high,121693.43712959495,2210.6429098532,1682.6391327873212,1736.717354722363,513.6709999999994,209199990391.25528,802,0.3333333333333333,deaths
2024-05-13,Meduza,russia,deaths_via_meduza_assembled_117,estimate,109008.71323237788,2247.935814190094,1716.057233812944,1767.768276925963,517.5449999999995,209357249969.95364,809,0.3333333333333333,deaths
2024-05-13,Meduza,russia,deaths_via_meduza_assembled_117,estimate_low,93935.37460680756,2247.935814190094,1716.057233812944,1767.768276925963,517.5449999999995,209357249969.95364,809,0.3333333333333333,deaths
2024-05-13,Meduza,russia,deaths_via_meduza_assembled_117,estimate_high,124082.05185794822,2247.935814190094,1716.057233812944,1767.768276925963,517.5449999999995,209357249969.95364,809,0.3333333333333333,deaths
2024-05-20,Meduza,russia,deaths_via_meduza_assembled_118,estimate,111403.94376910354,2277.6464146676462,1737.8518187962702,1793.6870987291709,521.0499999999994,209475964798.43646,816,0.3333333333333333,deaths
2024-05-20,Meduza,russia,deaths_via_meduza_assembled_118,estimate_low,96106.66199865384,2277.6464146676462,1737.8518187962702,1793.6870987291709,521.0499999999994,209475964798.43646,816,0.3333333333333333,deaths
2024-05-20,Meduza,russia,deaths_via_meduza_assembled_118,estimate_high,126701.22553955324,2277.6464146676462,1737.8518187962702,1793.6870987291709,521.0499999999994,209475964798.43646,816,0.3333333333333333,deaths
2024-05-27,Meduza,russia,deaths_via_meduza_assembled_119,estimate,113574.43448877662,2319.862904628356,1776.7119306273728,1828.9839157984488,524.2209999999995,209508003874.29712,823,0.3333333333333333,deaths
2024-05-27,Meduza,russia,deaths_via_meduza_assembled_119,estimate_low,98069.29757604106,2319.862904628356,1776.7119306273728,1828.9839157984488,524.2209999999995,209508003874.29712,823,0.3333333333333333,deaths
2024-05-27,Meduza,russia,deaths_via_meduza_assembled_119,estimate_high,129079.57140151216,2319.862904628356,1776.7119306273728,1828.9839157984488,524.2209999999995,209508003874.29712,823,0.3333333333333333,deaths
2024-06-03,Meduza,russia,deaths_via_meduza_assembled_120,estimate,115571.30611892068,2355.8783507902344,1808.0356636119823,1858.804550851858,528.1329999999995,209535131551.1761,830,0.3333333333333333,deaths
2024-06-03,Meduza,russia,deaths_via_meduza_assembled_120,estimate_low,99873.01071924997,2355.8783507902344,1808.0356636119823,1858.804550851858,528.1329999999995,209535131551.1761,830,0.3333333333333333,deaths
2024-06-03,Meduza,russia,deaths_via_meduza_assembled_120,estimate_high,131269.60151859137,2355.8783507902344,1808.0356636119823,1858.804550851858,528.1329999999995,209535131551.1761,830,0.3333333333333333,deaths
2024-06-10,Meduza,russia,deaths_via_meduza_assembled_121,estimate,117495.03740569661,2390.540020325265,1839.333269040448,1886.1812846715497,532.1729999999995,209617290329.19812,837,0.3333333333333333,deaths
2024-06-10,Meduza,russia,deaths_via_meduza_assembled_121,estimate_low,101617.04739455793,2390.540020325265,1839.333269040448,1886.1812846715497,532.1729999999995,209617290329.19812,837,0.3333333333333333,deaths
2024-06-10,Meduza,russia,deaths_via_meduza_assembled_121,estimate_high,133373.02741683528,2390.540020325265,1839.333269040448,1886.1812846715497,532.1729999999995,209617290329.19812,837,0.3333333333333333,deaths
2024-06-17,Meduza,russia,deaths_via_meduza_assembled_122,estimate,119703.58986911821,2418.7998985945383,1863.6842060413908,1906.0821860902342,537.0309999999996,209670676794.26648,844,0.3333333333333333,deaths
2024-06-17,Meduza,russia,deaths_via_meduza_assembled_122,estimate_low,103600.34744304561,2418.7998985945383,1863.6842060413908,1906.0821860902342,537.0309999999996,209670676794.26648,844,0.3333333333333333,deaths
2024-06-17,Meduza,russia,deaths_via_meduza_assembled_122,estimate_high,135806.83229519078,2418.7998985945383,1863.6842060413908,1906.0821860902342,537.0309999999996,209670676794.26648,844,0.3333333333333333,deaths
2024-06-24,Meduza,russia,deaths_via_meduza_assembled_123,estimate,121965.74203233473,2452.54718982299,1891.7396696711457,1935.4791708333494,539.7219999999995,209689367213.31815,851,0.3333333333333333,deaths
2024-06-24,Meduza,russia,deaths_via_meduza_assembled_123,estimate_low,105646.02656851342,2452.54718982299,1891.7396696711457,1935.4791708333494,539.7219999999995,209689367213.31815,851,0.3333333333333333,deaths
2024-06-24,Meduza,russia,deaths_via_meduza_assembled_123,estimate_high,138285.457496156,2452.54718982299,1891.7396696711457,1935.4791708333494,539.7219999999995,209689367213.31815,851,0.3333333333333333,deaths
2024-07-01,Meduza,russia,deaths_via_meduza_assembled_124,estimate,124391.58242948298,2490.9891840015234,1924.0404841666668,1969.9816974651408,541.9539999999995,209704334648.52142,858,0.3333333333333333,deaths
2024-07-01,Meduza,russia,deaths_via_meduza_assembled_124,estimate_low,107841.16451139495,2490.9891840015234,1924.0404841666668,1969.9816974651408,541.9539999999995,209704334648.52142,858,0.3333333333333333,deaths
2024-07-01,Meduza,russia,deaths_via_meduza_assembled_124,estimate_high,140942.00034757098,2490.9891840015234,1924.0404841666668,1969.9816974651408,541.9539999999995,209704334648.52142,858,0.3333333333333333,deaths
2024-07-08,Meduza,russia,deaths_via_meduza_assembled_125,estimate,126759.22544085965,2539.502409546214,1967.295736538259,2013.9985307610398,545.0699999999995,209746933152.84976,865,0.3333333333333333,deaths
2024-07-08,Meduza,russia,deaths_via_meduza_assembled_125,estimate_low,109998.86163536788,2539.502409546214,1967.295736538259,2013.9985307610398,545.0699999999995,209746933152.84976,865,0.3333333333333333,deaths
2024-07-08,Meduza,russia,deaths_via_meduza_assembled_125,estimate_high,143519.5892463514,2539.502409546214,1967.295736538259,2013.9985307610398,545.0699999999995,209746933152.84976,865,0.3333333333333333,deaths
2024-07-15,Meduza,russia,deaths_via_meduza_assembled_126,estimate,129142.00637281264,2585.9472884170186,2007.8996194555152,2056.2550969162803,547.6699999999995,209776087808.02228,872,0.3333333333333333,deaths
2024-07-15,Meduza,russia,deaths_via_meduza_assembled_126,estimate_low,112128.15297630476,2585.9472884170186,2007.8996194555152,2056.2550969162803,547.6699999999995,209776087808.02228,872,0.3333333333333333,deaths
2024-07-15,Meduza,russia,deaths_via_meduza_assembled_126,estimate_high,146155.8597693205,2585.9472884170186,2007.8996194555152,2056.2550969162803,547.6699999999995,209776087808.02228,872,0.3333333333333333,deaths
2024-07-22,Meduza,russia,deaths_via_meduza_assembled_127,estimate,131692.80783480807,2632.8128275120102,2047.5482421445413,2099.9931133734726,550.9939999999993,209882025034.5615,879,0.3333333333333333,deaths
2024-07-22,Meduza,russia,deaths_via_meduza_assembled_127,estimate_low,114401.78160528654,2632.8128275120102,2047.5482421445413,2099.9931133734726,550.9939999999993,209882025034.5615,879,0.3333333333333333,deaths
2024-07-22,Meduza,russia,deaths_via_meduza_assembled_127,estimate_high,148983.83406432957,2632.8128275120102,2047.5482421445413,2099.9931133734726,550.9939999999993,209882025034.5615,879,0.3333333333333333,deaths
2024-07-29,Meduza,russia,deaths_via_meduza_assembled_128,estimate,134038.91011898097,2674.6897468240613,2081.9375922706918,2138.6619846807916,554.7569999999993,209912173460.87286,886,0.3333333333333333,deaths
2024-07-29,Meduza,russia,deaths_via_meduza_assembled_128,estimate_low,116486.46301896195,2674.6897468240613,2081.9375922706918,2138.6619846807916,554.7569999999993,209912173460.87286,886,0.3333333333333333,deaths
2024-07-29,Meduza,russia,deaths_via_meduza_assembled_128,estimate_high,151591.35721899997,2674.6897468240613,2081.9375922706918,2138.6619846807916,554.7569999999993,209912173460.87286,886,0.3333333333333333,deaths
2024-08-05,Meduza,russia,deaths_via_meduza_assembled_129,estimate,136948.5388763692,2716.4315569865444,2119.129170446418,2174.754506328639,558.7199999999992,209957392254.03287,893,0.3333333333333333,deaths
2024-08-05,Meduza,russia,deaths_via_meduza_assembled_129,estimate_low,119061.59512621447,2716.4315569865444,2119.129170446418,2174.754506328639,558.7199999999992,209957392254.03287,893,0.3333333333333333,deaths
2024-08-05,Meduza,russia,deaths_via_meduza_assembled_129,estimate_high,154835.48262652388,2716.4315569865444,2119.129170446418,2174.754506328639,558.7199999999992,209957392254.03287,893,0.3333333333333333,deaths
2024-08-12,Meduza,russia,deaths_via_meduza_assembled_130,estimate,139962.70237666793,2757.3995988939732,2154.2994873802095,2211.568176636319,562.0379999999993,209984278395.1019,900,0.3333333333333333,deaths
2024-08-12,Meduza,russia,deaths_via_meduza_assembled_130,estimate_low,121764.51915332825,2757.3995988939732,2154.2994873802095,2211.568176636319,562.0379999999993,209984278395.1019,900,0.3333333333333333,deaths
2024-08-12,Meduza,russia,deaths_via_meduza_assembled_130,estimate_high,158160.88560000758,2757.3995988939732,2154.2994873802095,2211.568176636319,562.0379999999993,209984278395.1019,900,0.3333333333333333,deaths
2024-08-19,Meduza,russia,deaths_via_meduza_assembled_131,estimate,142850.77581046397,2803.6051260660333,2195.57108763914,2252.9458983711866,563.9009999999994,210048504220.86655,907,0.3333333333333333,deaths
2024-08-19,Meduza,russia,deaths_via_meduza_assembled_131,estimate_low,124357.64387852645,2803.6051260660333,2195.57108763914,2252.9458983711866,563.9009999999994,210048504220.86655,907,0.3333333333333333,deaths
2024-08-19,Meduza,russia,deaths_via_meduza_assembled_131,estimate_high,161343.90774240144,2803.6051260660333,2195.57108763914,2252.9458983711866,563.9009999999994,210048504220.86655,907,0.3333333333333333,deaths
2024-08-26,Meduza,russia,deaths_via_meduza_assembled_132,estimate,145772.22022423893,2852.4068832420435,2233.73156785536,2297.6770610113103,566.5989999999994,210152777551.22516,914,0.3333333333333333,deaths
2024-08-26,Meduza,russia,deaths_via_meduza_assembled_132,estimate_low,126992.55302674991,2852.4068832420435,2233.73156785536,2297.6770610113103,566.5989999999994,210152777551.22516,914,0.3333333333333333,deaths
2024-08-26,Meduza,russia,deaths_via_meduza_assembled_132,estimate_high,164551.88742172788,2852.4068832420435,2233.73156785536,2297.6770610113103,566.5989999999994,210152777551.22516,914,0.3333333333333333,deaths
2024-09-02,Meduza,russia,deaths_via_meduza_assembled_133,estimate,148527.8726756955,2903.4187329283513,2277.424996282093,2345.534185773464,571.1229999999994,210282569286.52896,921,0.3333333333333333,deaths
2024-09-02,Meduza,russia,deaths_via_meduza_assembled_133,estimate_low,129444.61561328237,2903.4187329283513,2277.424996282093,2345.534185773464,571.1229999999994,210282569286.52896,921,0.3333333333333333,deaths
2024-09-02,Meduza,russia,deaths_via_meduza_assembled_133,estimate_high,167611.12973810855,2903.4187329283513,2277.424996282093,2345.534185773464,571.1229999999994,210282569286.52896,921,0.3333333333333333,deaths
2024-09-09,Meduza,russia,deaths_via_meduza_assembled_134,estimate,151323.81632854414,2954.0971441023894,2317.7760954855744,2394.1797404936933,574.3949999999993,210388830105.04156,928,0.3333333333333333,deaths
2024-09-09,Meduza,russia,deaths_via_meduza_assembled_134,estimate_low,131940.00683524727,2954.0971441023894,2317.7760954855744,2394.1797404936933,574.3949999999993,210388830105.04156,928,0.3333333333333333,deaths
2024-09-09,Meduza,russia,deaths_via_meduza_assembled_134,estimate_high,170707.62582184098,2954.0971441023894,2317.7760954855744,2394.1797404936933,574.3949999999993,210388830105.04156,928,0.3333333333333333,deaths
2024-09-16,Meduza,russia,deaths_via_meduza_assembled_135,estimate,154431.37718610134,3003.3509443467183,2357.579661662841,2440.6460755835733,579.2969999999995,210495923897.37067,935,0.3333333333333333,deaths
2024-09-16,Meduza,russia,deaths_via_meduza_assembled_135,estimate_low,134740.6835448992,3003.3509443467183,2357.579661662841,2440.6460755835733,579.2969999999995,210495923897.37067,935,0.3333333333333333,deaths
2024-09-16,Meduza,russia,deaths_via_meduza_assembled_135,estimate_high,174122.07082730348,3003.3509443467183,2357.579661662841,2440.6460755835733,579.2969999999995,210495923897.37067,935,0.3333333333333333,deaths
2024-09-23,Meduza,russia,deaths_via_meduza_assembled_136,estimate,157777.85199927157,3053.919361565535,2398.1333723448674,2489.27485117439,581.9479999999994,210604189461.34354,942,0.3333333333333333,deaths
2024-09-23,Meduza,russia,deaths_via_meduza_assembled_136,estimate_low,137756.84616793346,3053.919361565535,2398.1333723448674,2489.27485117439,581.9479999999994,210604189461.34354,942,0.3333333333333333,deaths
2024-09-23,Meduza,russia,deaths_via_meduza_assembled_136,estimate_high,177798.85783060972,3053.919361565535,2398.1333723448674,2489.27485117439,581.9479999999994,210604189461.34354,942,0.3333333333333333,deaths
2024-09-30,Meduza,russia,deaths_via_meduza_assembled_137,estimate,160778.01418415297,3100.674827544814,2436.7208818696568,2533.092411339311,585.7699999999994,210702186294.43372,949,0.3333333333333333,deaths
2024-09-30,Meduza,russia,deaths_via_meduza_assembled_137,estimate_low,140448.6239243972,3100.674827544814,2436.7208818696568,2533.092411339311,585.7699999999994,210702186294.43372,949,0.3333333333333333,deaths
2024-09-30,Meduza,russia,deaths_via_meduza_assembled_137,estimate_high,181107.40444390877,3100.674827544814,2436.7208818696568,2533.092411339311,585.7699999999994,210702186294.43372,949,0.3333333333333333,deaths
2024-10-07,Meduza,russia,deaths_via_meduza_assembled_138,estimate,163843.59217195047,3149.00108805548,2477.5654201687253,2578.2600486433125,590.6109999999994,210774375031.4106,956,0.3333333333333333,deaths
2024-10-07,Meduza,russia,deaths_via_meduza_assembled_138,estimate_low,143208.0310047727,3149.00108805548,2477.5654201687253,2578.2600486433125,590.6109999999994,210774375031.4106,956,0.3333333333333333,deaths
2024-10-07,Meduza,russia,deaths_via_meduza_assembled_138,estimate_high,184479.15333912827,3149.00108805548,2477.5654201687253,2578.2600486433125,590.6109999999994,210774375031.4106,956,0.3333333333333333,deaths
2024-10-14,Meduza,russia,deaths_via_meduza_assembled_139,estimate,167142.35237271554,3179.7306339621327,2502.0088087454005,2604.6621158680796,595.1119999999993,210892790787.37943,963,0.3333333333333333,deaths
2024-10-14,Meduza,russia,deaths_via_meduza_assembled_139,estimate_low,146146.86773996658,3179.7306339621327,2502.0088087454005,2604.6621158680796,595.1119999999993,210892790787.37943,963,0.3333333333333333,deaths
2024-10-14,Meduza,russia,deaths_via_meduza_assembled_139,estimate_high,188137.83700546456,3179.7306339621327,2502.0088087454005,2604.6621158680796,595.1119999999993,210892790787.37943,963,0.3333333333333333,deaths
2024-10-21,Meduza,russia,deaths_via_meduza_assembled_140,estimate,170438.05481244213,3193.3779719920276,2502.0088087454005,2618.1116281546447,598.8649999999993,211017086955.62927,970,0.3333333333333333,deaths
2024-10-21,Meduza,russia,deaths_via_meduza_assembled_140,estimate_low,149096.6411155472,3193.3779719920276,2502.0088087454005,2618.1116281546447,598.8649999999993,211017086955.62927,970,0.3333333333333333,deaths
2024-10-21,Meduza,russia,deaths_via_meduza_assembled_140,estimate_high,191779.46850933717,3193.3779719920276,2502.0088087454005,2618.1116281546447,598.8649999999993,211017086955.62927,970,0.3333333333333333,deaths
2024-10-28,Meduza,russia,deaths_via_meduza_assembled_141,estimate,173438.47900543522,3218.6898382287513,2516.71060927935,2640.5947627137066,602.4319999999992,211186431050.05008,977,0.3333333333333333,deaths
2024-10-28,Meduza,russia,deaths_via_meduza_assembled_141,estimate_low,151786.40197689092,3218.6898382287513,2516.71060927935,2640.5947627137066,602.4319999999992,211186431050.05008,977,0.3333333333333333,deaths
2024-10-28,Meduza,russia,deaths_via_meduza_assembled_141,estimate_high,195090.55603397964,3218.6898382287513,2516.71060927935,2640.5947627137066,602.4319999999992,211186431050.05008,977,0.3333333333333333,deaths
2024-11-04,Meduza,russia,deaths_via_meduza_assembled_142,estimate,176337.37709532617,3241.8259896522213,2531.6102274397795,2660.433785172491,607.2029999999993,211358126820.34875,984,0.3333333333333333,deaths
2024-11-04,Meduza,russia,deaths_via_meduza_assembled_142,estimate_low,154348.39066299907,3241.8259896522213,2531.6102274397795,2660.433785172491,607.2029999999993,211358126820.34875,984,0.3333333333333333,deaths
2024-11-04,Meduza,russia,deaths_via_meduza_assembled_142,estimate_high,198326.36352765342,3241.8259896522213,2531.6102274397795,2660.433785172491,607.2029999999993,211358126820.34875,984,0.3333333333333333,deaths
2024-11-11,Meduza,russia,deaths_via_meduza_assembled_143,estimate,179910.91803102425,3251.026279688344,2531.6102274397795,2669.516292172957,611.6289999999992,211548442551.28116,991,0.3333333333333333,deaths
2024-11-11,Meduza,russia,deaths_via_meduza_assembled_143,estimate_low,157464.8441226346,3251.026279688344,2531.6102274397795,2669.516292172957,611.6289999999992,211548442551.28116,991,0.3333333333333333,deaths
2024-11-11,Meduza,russia,deaths_via_meduza_assembled_143,estimate_high,202356.99193941403,3251.026279688344,2531.6102274397795,2669.516292172957,611.6289999999992,211548442551.28116,991,0.3333333333333333,deaths
2024-11-18,Meduza,russia,deaths_via_meduza_assembled_144,estimate,183119.30374453458,3256.401558096028,2535.4814284506874,2673.387493183865,616.9289999999994,211622278336.01434,998,0.3333333333333333,deaths
2024-11-18,Meduza,russia,deaths_via_meduza_assembled_144,estimate_low,160297.801276801,3256.401558096028,2535.4814284506874,2673.387493183865,616.9289999999994,211622278336.01434,998,0.3333333333333333,deaths
2024-11-18,Meduza,russia,deaths_via_meduza_assembled_144,estimate_high,205940.80621226827,3256.401558096028,2535.4814284506874,2673.387493183865,616.9289999999994,211622278336.01434,998,0.3333333333333333,deaths
2024-11-25,Meduza,russia,deaths_via_meduza_assembled_145,estimate,187431.95818876062,3266.600695890665,2538.4771607242415,2683.0476344777694,622.1449999999994,211834906126.33057,1005,0.3333333333333333,deaths
2024-11-25,Meduza,russia,deaths_via_meduza_assembled_145,estimate_low,164089.51009539547,3266.600695890665,2538.4771607242415,2683.0476344777694,622.1449999999994,211834906126.33057,1005,0.3333333333333333,deaths
2024-11-25,Meduza,russia,deaths_via_meduza_assembled_145,estimate_high,210774.4062821259,3266.600695890665,2538.4771607242415,2683.0476344777694,622.1449999999994,211834906126.33057,1005,0.3333333333333333,deaths
2024-12-02,Meduza,russia,deaths_via_meduza_assembled_146,estimate,191161.53455824516,3267.986990251785,2538.4771607242415,2684.433928838889,628.2679999999992,211912098445.51178,1012,0.3333333333333333,deaths
2024-12-02,Meduza,russia,deaths_via_meduza_assembled_146,estimate_low,167375.78801708567,3267.986990251785,2538.4771607242415,2684.433928838889,628.2679999999992,211912098445.51178,1012,0.3333333333333333,deaths
2024-12-02,Meduza,russia,deaths_via_meduza_assembled_146,estimate_high,214947.2810994048,3267.986990251785,2538.4771607242415,2684.433928838889,628.2679999999992,211912098445.51178,1012,0.3333333333333333,deaths
2024-12-09,Meduza,russia,deaths_via_meduza_assembled_147,estimate,194497.57100148822,3267.986990251785,2538.4771607242415,2684.433928838889,634.9799999999992,212041972505.6911,1019,0.3333333333333333,deaths
2024-12-09,Meduza,russia,deaths_via_meduza_assembled_147,estimate_low,170347.2597115914,3267.986990251785,2538.4771607242415,2684.433928838889,634.9799999999992,212041972505.6911,1019,0.3333333333333333,deaths
2024-12-09,Meduza,russia,deaths_via_meduza_assembled_147,estimate_high,218647.88229138515,3267.986990251785,2538.4771607242415,2684.433928838889,634.9799999999992,212041972505.6911,1019,0.3333333333333333,deaths
2024-12-16,Meduza,russia,deaths_via_meduza_assembled_148,estimate,198431.85826042067,3270.184214829121,2538.4771607242415,2686.6311534162255,640.5999999999993,212153952609.91806,1026,0.3333333333333333,deaths
2024-12-16,Meduza,russia,deaths_via_meduza_assembled_148,estimate_low,173844.57831937945,3270.184214829121,2538.4771607242415,2686.6311534162255,640.5999999999993,212153952609.91806,1026,0.3333333333333333,deaths
2024-12-16,Meduza,russia,deaths_via_meduza_assembled_148,estimate_high,223019.13820146202,3270.184214829121,2538.4771607242415,2686.6311534162255,640.5999999999993,212153952609.91806,1026,0.3333333333333333,deaths
2024-12-23,Meduza,russia,deaths_via_meduza_assembled_149,estimate,202740.72478288296,3280.6635851420565,2544.2297333630668,2693.5063855035023,646.2289999999992,212265430889.76724,1033,0.3333333333333333,deaths
2024-12-23,Meduza,russia,deaths_via_meduza_assembled_149,estimate_low,177685.0840308262,3280.6635851420565,2544.2297333630668,2693.5063855035023,646.2289999999992,212265430889.76724,1033,0.3333333333333333,deaths
2024-12-23,Meduza,russia,deaths_via_meduza_assembled_149,estimate_high,227796.3655349398,3280.6635851420565,2544.2297333630668,2693.5063855035023,646.2289999999992,212265430889.76724,1033,0.3333333333333333,deaths
2024-12-30,Meduza,russia,deaths_via_meduza_assembled_150,estimate,206266.99663506693,3280.6635851420565,2544.2297333630668,2693.5063855035023,652.7319999999992,212485259341.98642,1040,0.3333333333333333,deaths
2024-12-30,Meduza,russia,deaths_via_meduza_assembled_150,estimate_low,180847.63379297208,3280.6635851420565,2544.2297333630668,2693.5063855035023,652.7319999999992,212485259341.98642,1040,0.3333333333333333,deaths
2024-12-30,Meduza,russia,deaths_via_meduza_assembled_150,estimate_high,231686.35947716187,3280.6635851420565,2544.2297333630668,2693.5063855035023,652.7319999999992,212485259341.98642,1040,0.3333333333333333,deaths
2025-01-06,Meduza,russia,deaths_via_meduza_assembled_151,estimate,209920.84379435933,3292.0078552409964,2551.8926712135285,2701.5207212408013,657.0509999999991,212575286101.57004,1047,0.3333333333333333,deaths
2025-01-06,Meduza,russia,deaths_via_meduza_assembled_151,estimate_low,184126.04100522894,3292.0078552409964,2551.8926712135285,2701.5207212408013,657.0509999999991,212575286101.57004,1047,0.3333333333333333,deaths
2025-01-06,Meduza,russia,deaths_via_meduza_assembled_151,estimate_high,235715.64658348978,3292.0078552409964,2551.8926712135285,2701.5207212408013,657.0509999999991,212575286101.57004,1047,0.3333333333333333,deaths
2025-01-13,Meduza,russia,deaths_via_meduza_assembled_152,estimate,213773.30243227215,3304.5730558194264,2556.6801629563106,2711.731693493086,662.3969999999991,212641075306.33246,1054,0.3333333333333333,deaths
2025-01-13,Meduza,russia,deaths_via_meduza_assembled_152,estimate_low,187599.44831802524,3304.5730558194264,2556.6801629563106,2711.731693493086,662.3969999999991,212641075306.33246,1054,0.3333333333333333,deaths
2025-01-13,Meduza,russia,deaths_via_meduza_assembled_152,estimate_high,239947.1565465191,3304.5730558194264,2556.6801629563106,2711.731693493086,662.3969999999991,212641075306.33246,1054,0.3333333333333333,deaths
2025-01-20,Meduza,russia,deaths_via_meduza_assembled_153,estimate,217589.08769788625,3311.7400936963386,2557.7787752449785,2718.49326626189,667.3949999999993,212718448225.82724,1061,0.3333333333333333,deaths
2025-01-20,Meduza,russia,deaths_via_meduza_assembled_153,estimate_low,191026.09764044595,3311.7400936963386,2557.7787752449785,2718.49326626189,667.3949999999993,212718448225.82724,1061,0.3333333333333333,deaths
2025-01-20,Meduza,russia,deaths_via_meduza_assembled_153,estimate_high,244152.0777553266,3311.7400936963386,2557.7787752449785,2718.49326626189,667.3949999999993,212718448225.82724,1061,0.3333333333333333,deaths
2025-01-27,Meduza,russia,deaths_via_meduza_assembled_154,estimate,221144.9078601149,3316.7099069959145,2559.5705347142066,2721.6713200922377,673.6049999999994,212774411439.25906,1068,0.3333333333333333,deaths
2025-01-27,Meduza,russia,deaths_via_meduza_assembled_154,estimate_low,194220.80147009023,3316.7099069959145,2559.5705347142066,2721.6713200922377,673.6049999999994,212774411439.25906,1068,0.3333333333333333,deaths
2025-01-27,Meduza,russia,deaths_via_meduza_assembled_154,estimate_high,248069.01425013965,3316.7099069959145,2559.5705347142066,2721.6713200922377,673.6049999999994,212774411439.25906,1068,0.3333333333333333,deaths
2025-02-03,Meduza,russia,deaths_via_meduza_assembled_155,estimate,224025.2927771231,3325.7851146938997,2563.0362706170063,2728.3559318199054,679.2299999999994,213040118096.45282,1075,0.3333333333333333,deaths
2025-02-03,Meduza,russia,deaths_via_meduza_assembled_155,estimate_low,196786.10652802628,3325.7851146938997,2563.0362706170063,2728.3559318199054,679.2299999999994,213040118096.45282,1075,0.3333333333333333,deaths
2025-02-03,Meduza,russia,deaths_via_meduza_assembled_155,estimate_high,251264.47902621998,3325.7851146938997,2563.0362706170063,2728.3559318199054,679.2299999999994,213040118096.45282,1075,0.3333333333333333,deaths
2025-02-10,Meduza,russia,deaths_via_meduza_assembled_156,estimate,227280.04168553176,3337.3324415855877,2568.2292274678966,2738.7056424730217,684.1139999999995,213106400400.17487,1082,0.3333333333333333,deaths
2025-02-10,Meduza,russia,deaths_via_meduza_assembled_156,estimate_low,199708.45268488856,3337.3324415855877,2568.2292274678966,2738.7056424730217,684.1139999999995,213106400400.17487,1082,0.3333333333333333,deaths
2025-02-10,Meduza,russia,deaths_via_meduza_assembled_156,estimate_high,254851.63068617505,3337.3324415855877,2568.2292274678966,2738.7056424730217,684.1139999999995,213106400400.17487,1082,0.3333333333333333,deaths
2025-02-17,Meduza,russia,deaths_via_meduza_assembled_157,estimate,230269.41682632233,3351.813810343874,2573.3997114629346,2751.6038617987783,688.3079999999995,213156950839.1824,1089,0.3333333333333333,deaths
2025-02-17,Meduza,russia,deaths_via_meduza_assembled_157,estimate_low,202363.64313250213,3351.813810343874,2573.3997114629346,2751.6038617987783,688.3079999999995,213156950839.1824,1089,0.3333333333333333,deaths
2025-02-17,Meduza,russia,deaths_via_meduza_assembled_157,estimate_high,258175.1905201426,3351.813810343874,2573.3997114629346,2751.6038617987783,688.3079999999995,213156950839.1824,1089,0.3333333333333333,deaths
2025-02-24,Meduza,russia,deaths_via_meduza_assembled_158,estimate,233292.4014997641,3372.880516086757,2580.258276497726,2771.192490875995,690.9589999999995,213238733137.78555,1096,0.3333333333333333,deaths
2025-02-24,Meduza,russia,deaths_via_meduza_assembled_158,estimate_low,205026.32209499564,3372.880516086757,2580.258276497726,2771.192490875995,690.9589999999995,213238733137.78555,1096,0.3333333333333333,deaths
2025-02-24,Meduza,russia,deaths_via_meduza_assembled_158,estimate_high,261558.48090453265,3372.880516086757,2580.258276497726,2771.192490875995,690.9589999999995,213238733137.78555,1096,0.3333333333333333,deaths
2025-03-03,Meduza,russia,deaths_via_meduza_assembled_159,estimate,236368.31244417935,3398.398735944801,2600.151330615271,2793.1354277329783,695.0789999999994,213321253565.31323,1103,0.3333333333333333,deaths
2025-03-03,Meduza,russia,deaths_via_meduza_assembled_159,estimate_low,207757.2700360621,3398.398735944801,2600.151330615271,2793.1354277329783,695.0789999999994,213321253565.31323,1103,0.3333333333333333,deaths
2025-03-03,Meduza,russia,deaths_via_meduza_assembled_159,estimate_high,264979.3548522967,3398.398735944801,2600.151330615271,2793.1354277329783,695.0789999999994,213321253565.31323,1103,0.3333333333333333,deaths
2025-03-10,Meduza,russia,deaths_via_meduza_assembled_160,estimate,239930.33781691274,3441.105683059896,2622.0390457386375,2835.4721910184617,698.8339999999994,213367636462.2882,1110,0.3333333333333333,deaths
2025-03-10,Meduza,russia,deaths_via_meduza_assembled_160,estimate_low,210940.11875513644,3441.105683059896,2622.0390457386375,2835.4721910184617,698.8339999999994,213367636462.2882,1110,0.3333333333333333,deaths
2025-03-10,Meduza,russia,deaths_via_meduza_assembled_160,estimate_high,268920.5568786891,3441.105683059896,2622.0390457386375,2835.4721910184617,698.8339999999994,213367636462.2882,1110,0.3333333333333333,deaths
2025-03-17,Meduza,russia,deaths_via_meduza_assembled_161,estimate,243554.21828265412,3473.1668049916934,2642.9897014648304,2864.339109775144,704.5269999999995,213393562535.6379,1117,0.3333333333333333,deaths
2025-03-17,Meduza,russia,deaths_via_meduza_assembled_161,estimate_low,214143.19578283676,3473.1668049916934,2642.9897014648304,2864.339109775144,704.5269999999995,213393562535.6379,1117,0.3333333333333333,deaths
2025-03-17,Meduza,russia,deaths_via_meduza_assembled_161,estimate_high,272965.24078247155,3473.1668049916934,2642.9897014648304,2864.339109775144,704.5269999999995,213393562535.6379,1117,0.3333333333333333,deaths
2025-03-24,Meduza,russia,deaths_via_meduza_assembled_162,estimate,247382.86000692635,3508.996290470224,2664.6273587078726,2897.770985200006,708.1629999999997,213419973532.10388,1124,0.3333333333333333,deaths
2025-03-24,Meduza,russia,deaths_via_meduza_assembled_162,estimate_low,217493.55174956803,3508.996290470224,2664.6273587078726,2897.770985200006,708.1629999999997,213419973532.10388,1124,0.3333333333333333,deaths
2025-03-24,Meduza,russia,deaths_via_meduza_assembled_162,estimate_high,277272.16826428473,3508.996290470224,2664.6273587078726,2897.770985200006,708.1629999999997,213419973532.10388,1124,0.3333333333333333,deaths
2025-03-31,Meduza,russia,deaths_via_meduza_assembled_163,estimate,251128.0967803481,3536.697850368663,2672.16212136491,2924.59838335905,713.5919999999996,213524541536.54926,1131,0.3333333333333333,deaths
2025-03-31,Meduza,russia,deaths_via_meduza_assembled_163,estimate_low,220793.84847700677,3536.697850368663,2672.16212136491,2924.59838335905,713.5919999999996,213524541536.54926,1131,0.3333333333333333,deaths
2025-03-31,Meduza,russia,deaths_via_meduza_assembled_163,estimate_high,281462.3450836895,3536.697850368663,2672.16212136491,2924.59838335905,713.5919999999996,213524541536.54926,1131,0.3333333333333333,deaths
2025-04-07,Meduza,russia,deaths_via_meduza_assembled_164,estimate,254582.15409460268,3551.3252906431762,2681.0927478340836,2937.208379925669,719.0319999999996,213568598085.16016,1138,0.3333333333333333,deaths
2025-04-07,Meduza,russia,deaths_via_meduza_assembled_164,estimate_low,223812.4427248147,3551.3252906431762,2681.0927478340836,2937.208379925669,719.0319999999996,213568598085.16016,1138,0.3333333333333333,deaths
2025-04-07,Meduza,russia,deaths_via_meduza_assembled_164,estimate_high,285351.8654643907,3551.3252906431762,2681.0927478340836,2937.208379925669,719.0319999999996,213568598085.16016,1138,0.3333333333333333,deaths
2025-04-14,Meduza,russia,deaths_via_meduza_assembled_165,estimate,257988.5953344489,3574.408082747362,2697.627471653696,2953.661904411952,723.5899999999996,213620810544.5087,1145,0.3333333333333333,deaths
2025-04-14,Meduza,russia,deaths_via_meduza_assembled_165,estimate_low,226779.34617096197,3574.408082747362,2697.627471653696,2953.661904411952,723.5899999999996,213620810544.5087,1145,0.3333333333333333,deaths
2025-04-14,Meduza,russia,deaths_via_meduza_assembled_165,estimate_high,289197.84449793585,3574.408082747362,2697.627471653696,2953.661904411952,723.5899999999996,213620810544.5087,1145,0.3333333333333333,deaths
2025-04-21,Meduza,russia,deaths_via_meduza_assembled_166,estimate,261487.90146981826,3616.2302928942945,2733.3047264883107,2991.4788922818066,726.2589999999997,213648463976.26752,1152,0.3333333333333333,deaths
2025-04-21,Meduza,russia,deaths_via_meduza_assembled_166,estimate_low,229834.62721292613,3616.2302928942945,2733.3047264883107,2991.4788922818066,726.2589999999997,213648463976.26752,1152,0.3333333333333333,deaths
2025-04-21,Meduza,russia,deaths_via_meduza_assembled_166,estimate_high,293141.1757267104,3616.2302928942945,2733.3047264883107,2991.4788922818066,726.2589999999997,213648463976.26752,1152,0.3333333333333333,deaths
2025-04-28,Meduza,russia,deaths_via_meduza_assembled_167,estimate,265175.43823150726,3654.9585578389824,2759.554257372468,3028.8258596895453,728.8969999999996,213708856038.7792,1159,0.3333333333333333,deaths
2025-04-28,Meduza,russia,deaths_via_meduza_assembled_167,estimate_low,233053.6042123494,3654.9585578389824,2759.554257372468,3028.8258596895453,728.8969999999996,213708856038.7792,1159,0.3333333333333333,deaths
2025-04-28,Meduza,russia,deaths_via_meduza_assembled_167,estimate_high,297297.2722506652,3654.9585578389824,2759.554257372468,3028.8258596895453,728.8969999999996,213708856038.7792,1159,0.3333333333333333,deaths
2025-05-05,Meduza,russia,deaths_via_meduza_assembled_168,estimate,269085.0698208975,3694.652981519653,2789.98312383407,3066.002323026108,731.9979999999996,213815019114.06064,1166,0.3333333333333333,deaths
2025-05-05,Meduza,russia,deaths_via_meduza_assembled_168,estimate_low,236444.30847529022,3694.652981519653,2789.98312383407,3066.002323026108,731.9979999999996,213815019114.06064,1166,0.3333333333333333,deaths
2025-05-05,Meduza,russia,deaths_via_meduza_assembled_168,estimate_high,301725.83116650477,3694.652981519653,2789.98312383407,3066.002323026108,731.9979999999996,213815019114.06064,1166,0.3333333333333333,deaths
2025-05-12,Meduza,russia,deaths_via_meduza_assembled_169,estimate,272515.3727897986,3717.64984391272,2807.5850941744866,3083.935175664487,737.1749999999998,213877761289.62592,1173,0.3333333333333333,deaths
2025-05-12,Meduza,russia,deaths_via_meduza_assembled_169,estimate_low,239433.40853176403,3717.64984391272,2807.5850941744866,3083.935175664487,737.1749999999998,213877761289.62592,1173,0.3333333333333333,deaths
2025-05-12,Meduza,russia,deaths_via_meduza_assembled_169,estimate_high,305597.3370478332,3717.64984391272,2807.5850941744866,3083.935175664487,737.1749999999998,213877761289.62592,1173,0.3333333333333333,deaths
2025-05-19,Meduza,russia,deaths_via_meduza_assembled_170,estimate,275808.5042538215,3739.5500581336496,2824.7866478663414,3100.672294985269,741.9369999999999,214046904696.8858,1180,0.3333333333333333,deaths
2025-05-19,Meduza,russia,deaths_via_meduza_assembled_170,estimate_low,242258.2109133906,3739.5500581336496,2824.7866478663414,3100.672294985269,741.9369999999999,214046904696.8858,1180,0.3333333333333333,deaths
2025-05-19,Meduza,russia,deaths_via_meduza_assembled_170,estimate_high,309358.7975942524,3739.5500581336496,2824.7866478663414,3100.672294985269,741.9369999999999,214046904696.8858,1180,0.3333333333333333,deaths
2025-05-26,Meduza,russia,deaths_via_meduza_assembled_171,estimate,278726.76731308026,3768.620631739204,2847.127502625797,3122.847743143571,746.5349999999999,214197371249.8714,1187,0.3333333333333333,deaths
2025-05-26,Meduza,russia,deaths_via_meduza_assembled_171,estimate_low,244740.26018444842,3768.620631739204,2847.127502625797,3122.847743143571,746.5349999999999,214197371249.8714,1187,0.3333333333333333,deaths
2025-05-26,Meduza,russia,deaths_via_meduza_assembled_171,estimate_high,312713.2744417121,3768.620631739204,2847.127502625797,3122.847743143571,746.5349999999999,214197371249.8714,1187,0.3333333333333333,deaths
2025-06-02,Meduza,russia,deaths_via_meduza_assembled_172,estimate,281754.2673297624,3797.7676883666854,2869.008328353699,3146.599667397925,751.302,214321851244.9613,1194,0.3333333333333333,deaths
2025-06-02,Meduza,russia,deaths_via_meduza_assembled_172,estimate_low,247349.43311946053,3797.7676883666854,2869.008328353699,3146.599667397925,751.302,214321851244.9613,1194,0.3333333333333333,deaths
2025-06-02,Meduza,russia,deaths_via_meduza_assembled_172,estimate_high,316159.10154006426,3797.7676883666854,2869.008328353699,3146.599667397925,751.302,214321851244.9613,1194,0.3333333333333333,deaths
2025-06-09,Meduza,russia,deaths_via_meduza_assembled_173,estimate,284506.6191202437,3838.757990160997,2903.1111642903047,3183.9061959926316,753.8029999999999,214458432352.38702,1201,0.3333333333333333,deaths
2025-06-09,Meduza,russia,deaths_via_meduza_assembled_173,estimate_low,249726.26853080987,3838.757990160997,2903.1111642903047,3183.9061959926316,753.8029999999999,214458432352.38702,1201,0.3333333333333333,deaths
2025-06-09,Meduza,russia,deaths_via_meduza_assembled_173,estimate_high,319286.9697096775,3838.757990160997,2903.1111642903047,3183.9061959926316,753.8029999999999,214458432352.38702,1201,0.3333333333333333,deaths
2025-06-16,Meduza,russia,deaths_via_meduza_assembled_174,estimate,287141.72533730697,3874.914038663769,2933.1855931574537,3215.9304118694095,757.699,214588034251.53653,1208,0.3333333333333333,deaths
2025-06-16,Meduza,russia,deaths_via_meduza_assembled_174,estimate_low,251969.36150581043,3874.914038663769,2933.1855931574537,3215.9304118694095,757.699,214588034251.53653,1208,0.3333333333333333,deaths
2025-06-16,Meduza,russia,deaths_via_meduza_assembled_174,estimate_high,322314.0891688034,3874.914038663769,2933.1855931574537,3215.9304118694095,757.699,214588034251.53653,1208,0.3333333333333333,deaths
2025-06-23,Meduza,russia,deaths_via_meduza_assembled_175,estimate,289612.0940585225,3908.4567591818213,2958.442676058272,3246.2786793431374,761.5389999999999,214727298598.44565,1215,0.3333333333333333,deaths
2025-06-23,Meduza,russia,deaths_via_meduza_assembled_175,estimate_low,254050.65170215207,3908.4567591818213,2958.442676058272,3246.2786793431374,761.5389999999999,214727298598.44565,1215,0.3333333333333333,deaths
2025-06-23,Meduza,russia,deaths_via_meduza_assembled_175,estimate_high,325173.53641489276,3908.4567591818213,2958.442676058272,3246.2786793431374,761.5389999999999,214727298598.44565,1215,0.3333333333333333,deaths
2025-06-30,Meduza,russia,deaths_via_meduza_assembled_176,estimate,292581.1069806719,3945.100372318753,2989.3933685546717,3278.3758796830325,765.4989999999998,214766005870.1165,1222,0.3333333333333333,deaths
2025-06-30,Meduza,russia,deaths_via_meduza_assembled_176,estimate_low,256537.0762136046,3945.100372318753,2989.3933685546717,3278.3758796830325,765.4989999999998,214766005870.1165,1222,0.3333333333333333,deaths
2025-06-30,Meduza,russia,deaths_via_meduza_assembled_176,estimate_high,328625.137747739,3945.100372318753,2989.3933685546717,3278.3758796830325,765.4989999999998,214766005870.1165,1222,0.3333333333333333,deaths
2022-07-20,CIA,russia,all_df_CIA_7,estimate,60000,456.727045345755,344.18539920196287,332.9676493864593,78.82000000000004,185431408385.05154,146,1,casualties
2022-08-11,US officials (via NYT),russia,all_df_US officials (via NYT)_11,estimate_low,70000,554.0010993437838,432.50322426987276,403.0570536167644,89.92500000000001,185844853725.28168,168,0.5,casualties
2022-08-11,US officials (via NYT),russia,all_df_US officials (via NYT)_11,estimate_high,80000,554.0010993437838,432.50322426987276,403.0570536167644,89.92500000000001,185844853725.28168,168,0.5,casualties
2023-02-15,US DoD,russia,all_df_US DoD_20,estimate_low,189500,720.0483154649369,576.9935315158148,474.0518339290965,220.92999999999992,206182781011.40173,356,0.5,casualties
2023-02-15,US DoD,russia,all_df_US DoD_20,estimate_high,223000,720.0483154649369,576.9935315158148,474.0518339290965,220.92999999999992,206182781011.40173,356,0.5,casualties
2023-02-28,The Centre for Strategic and International Studies,russia,all_df_The Centre for Strategic and International Studies_24,estimate_low,200000,720.0483154649369,576.9935315158148,474.0518339290965,231.13199999999992,206264456535.49872,369,0.5,casualties
2023-02-28,The Centre for Strategic and International Studies,russia,all_df_The Centre for Strategic and International Studies_24,estimate_high,250000,720.0483154649369,576.9935315158148,474.0518339290965,231.13199999999992,206264456535.49872,369,0.5,casualties
2023-08-18,US officials (via NYT),russia,all_df_US officials (via NYT)_33,estimate_low,290000,1327.5192839599856,989.3870736516857,1007.442044600488,339.26999999999964,208371796160.44772,540,0.5,casualties
2023-08-18,US officials (via NYT),russia,all_df_US officials (via NYT)_33,estimate_high,300000,1327.5192839599856,989.3870736516857,1007.442044600488,339.26999999999964,208371796160.44772,540,0.5,casualties
2024-01-30,CIA,russia,all_df_CIA_46,estimate,315000,1838.426389886282,1401.0980663376579,1421.3015200941495,449.47099999999966,208798264293.0164,705,1,casualties
2024-05-03,French foreign minister,russia,all_df_French foreign minister_54,estimate,500000,2193.3088553287034,1667.6103303825073,1721.2535317525826,512.6999999999994,209170230754.5894,799,1,casualties
2024-05-30,UK Foreign ministry,russia,all_df_UK Foreign ministry_55,estimate,465000,2336.616517817376,1792.1127339353027,1842.2864851630736,526.3649999999996,209526988901.0955,826,1,casualties
2024-06-27,US officials (via NYT),russia,all_df_US officials (via NYT)_61,estimate,350000,2467.6903142292526,1904.6260879053987,1948.637210187206,540.8449999999995,209695676494.75613,854,1,casualties
2024-10-10,US officials (via NYT),russia,all_df_US officials (via NYT)_70,estimate,615000,3163.806511485189,2490.9934636774465,2590.064568517554,592.1359999999994,210875023090.4581,959,1,casualties
2024-10-15,NATO nations (via NYT),russia,all_df_NATO nations (via NYT)_72,estimate_low,600000,3182.2955833195942,2502.0088087454005,2607.1470225178678,595.9399999999993,210896565848.49164,964,0.5,casualties
2024-10-15,NATO nations (via NYT),russia,all_df_NATO nations (via NYT)_72,estimate_high,700000,3182.2955833195942,2502.0088087454005,2607.1470225178678,595.9399999999993,210896565848.49164,964,0.5,casualties
2024-11-19,Western intelligence agencies (via WSJ),russia,all_df_Western intelligence agencies (via WSJ)_76,estimate,600000,3260.272759106936,2538.4771607242415,2676.7196976940404,617.5139999999994,211639295400.633,999,1,casualties
2025-01-01,IISS,russia,all_df_IISS_84,estimate,783000,3280.6635851420565,2544.2297333630668,2693.5063855035023,653.9459999999991,212506053517.72998,1042,1,casualties
2025-04-03,US DoD,russia,all_df_US DoD_92,estimate,790000,3543.2701329113565,2676.949613107692,2929.4581957634114,715.9359999999996,213550561941.9896,1134,1,casualties
2022-04-23,NATO officials (via WP),russia,all_df_NATO officials (via WP)_98,estimate_low,30000,154.9356276731161,109.24691123102924,120.31466113524108,38.007000000000005,179423446721.9148,58,0.5,casualties
2022-04-23,NATO officials (via WP),russia,all_df_NATO officials (via WP)_98,estimate_high,40000,154.9356276731161,109.24691123102924,120.31466113524108,38.007000000000005,179423446721.9148,58,0.5,casualties
2025-12-01,CSIS,russia,all_df_CSIS_103,estimate,1200000,4695.506903319834,3587.392083257554,3939.0514381844155,855.3959999999984,217440986318.75696,1376,1,casualties
2025-12-31,Dutch Military Intelligence and Security Service (MIVD),russia,all_df_Dutch Military Intelligence and Security Service (MIVD)_111,estimate,1200000,4714.790818263472,3595.155104566573,3951.6221539435337,881.2929999999983,218004915476.9452,1406,1,casualties
2026-06-30,CSIS,russia,all_df_CSIS_115,estimate,1490000,5292.762649169085,3893.603505691613,4500.1007818341795,997.8419999999979,219896335685.4184,1587,1,casualties
2026-06-17,NATO officials (via media24),russia,all_df_NATO officials (via media24)_119,estimate_low,1300000,5211.03881725622,3825.5246096257088,4424.816577426426,991.8239999999981,219823217243.30606,1574,0.5,casualties
2026-06-17,NATO officials (via media24),russia,all_df_NATO officials (via media24)_119,estimate_high,1400000,5211.03881725622,3825.5246096257088,4424.816577426426,991.8239999999981,219823217243.30606,1574,0.5,casualties
2022-04-01,UK MoD,russia,casualties_via_mod_1,estimate,11966,114.4082053571303,81.33844925580924,95.60651566331548,20.763000000000005,130038273630.80951,36,1,casualties
2022-05-01,UK MoD,russia,casualties_via_mod_2,estimate,17756,171.6752155214417,119.43843079478144,129.62827985667076,42.154,180087153147.70642,66,1,casualties
2022-06-01,UK MoD,russia,casualties_via_mod_3,estimate,24917,269.08145812681806,183.31712990566965,207.0402308560414,57.302,183427040417.20087,97,1,casualties
2022-07-01,UK MoD,russia,casualties_via_mod_4,estimate,30077,369.48523828695676,267.04239253573604,264.925813856364,69.917,184945284856.81674,127,1,casualties
2022-08-01,UK MoD,russia,casualties_via_mod_5,estimate,35440,512.6542751957815,394.7618560912102,375.5801993343936,84.22900000000001,185721281517.40125,158,1,casualties
2022-09-01,UK MoD,russia,casualties_via_mod_6,estimate,42756,630.8214820011685,501.0977198700208,449.75728369136243,98.636,186277045889.4814,189,1,casualties
2022-10-01,UK MoD,russia,casualties_via_mod_7,estimate,53376,677.2107881279615,546.0064013807638,459.48641785675375,120.46499999999997,196234996319.03247,219,1,casualties
2022-11-01,UK MoD,russia,casualties_via_mod_8,estimate,66241,704.1168077387919,565.492840588513,469.6210171302532,137.74699999999999,199851201608.86267,250,1,casualties
2022-12-01,UK MoD,russia,casualties_via_mod_9,estimate,83011,708.1057917853562,567.6900651658493,471.4127765994813,161.57000000000002,205144509792.49445,280,1,casualties
2023-01-01,UK MoD,russia,casualties_via_mod_10,estimate,99658,711.4379962955313,568.3832123464092,474.0518339290965,187.081,205539547894.4531,311,1,casualties
2023-02-01,UK MoD,russia,casualties_via_mod_11,estimate,121389,720.0483154649369,576.9935315158148,474.0518339290965,211.55499999999998,206021423859.17422,342,1,casualties
2023-03-01,UK MoD,russia,casualties_via_mod_12,estimate,142949,720.0483154649369,576.9935315158148,474.0518339290965,231.6959999999999,206273737260.76337,370,1,casualties
2023-04-01,UK MoD,russia,casualties_via_mod_13,estimate,167005,803.1867998379138,621.0298092294404,546.8905288088494,254.28199999999993,206661093376.1862,401,1,casualties
2023-05-01,UK MoD,russia,casualties_via_mod_14,estimate,184045,867.1172748192973,647.2339909433734,603.3762162554996,278.232,206817001612.48923,431,1,casualties
2023-06-01,UK MoD,russia,casualties_via_mod_15,estimate,201467,994.3154558840736,726.7487599084561,718.4590599965312,296.0799999999999,206928771927.3334,462,1,casualties
2023-07-01,UK MoD,russia,casualties_via_mod_16,estimate,221477,1119.5550056330899,824.5257781708772,822.6411461093049,314.6219999999998,207997983586.25168,492,1,casualties
2023-08-01,UK MoD,russia,casualties_via_mod_17,estimate,240232,1275.8475272821283,942.505538753046,964.6119963995031,332.72899999999976,208337924897.19412,523,1,casualties
2023-09-01,UK MoD,russia,casualties_via_mod_18,estimate,257096,1420.283963381291,1077.576847950224,1082.1909110783893,345.2019999999996,208414608248.85422,554,1,casualties
2023-10-01,UK MoD,russia,casualties_via_mod_19,estimate,272096,1603.3759647191891,1239.2700309411944,1236.428244790622,356.48599999999965,208472326983.68466,584,1,casualties
2023-11-01,UK MoD,russia,casualties_via_mod_20,estimate,294075,1743.956063060355,1354.1091047413356,1353.620652536484,375.84699999999964,208548190115.93298,615,1,casualties
2023-12-01,UK MoD,russia,casualties_via_mod_21,estimate,322635,1794.6314036168687,1389.3303126251074,1387.303228256979,400.01199999999966,208599517955.52847,645,1,casualties
2024-01-01,UK MoD,russia,casualties_via_mod_22,estimate,352612,1821.716993751122,1396.9391832542985,1408.5484827782375,426.4469999999997,208736110724.40738,676,1,casualties
2024-02-01,UK MoD,russia,casualties_via_mod_23,estimate,378838,1843.7734974169996,1404.093798611212,1425.3958646563715,450.87299999999965,208817961643.92264,707,1,casualties
2024-03-01,UK MoD,russia,casualties_via_mod_24,estimate,407345,1901.616318247681,1438.8466756775772,1471.9150741805904,473.8339999999995,208964201976.14716,736,1,casualties
2024-04-01,UK MoD,russia,casualties_via_mod_25,estimate,435555,2035.9534479852193,1545.2699467930415,1585.0146843660023,494.47199999999947,209053047652.63763,767,1,casualties
2024-05-01,UK MoD,russia,casualties_via_mod_26,estimate,462525,2182.5327363936335,1658.9642164110244,1711.327842492063,512.0149999999994,209165989050.4084,797,1,casualties
2024-06-01,UK MoD,russia,casualties_via_mod_27,estimate,501647,2345.619218824574,1799.4266207669361,1849.9437679560517,527.2789999999995,209531977041.12344,828,1,casualties
2024-07-01,UK MoD,russia,casualties_via_mod_28,estimate,536537,2490.9891840015234,1924.0404841666668,1969.9816974651408,541.9539999999995,209704334648.52142,858,1,casualties
2024-08-01,UK MoD,russia,casualties_via_mod_29,estimate,571877,2692.951098744712,2097.8740991363134,2155.03038166925,556.0659999999992,209933470017.3032,889,1,casualties
2024-09-01,UK MoD,russia,casualties_via_mod_30,estimate,608674,2896.042224802025,2271.0917166539534,2338.5920290677645,570.5109999999994,210277100539.65878,920,1,casualties
2024-10-01,UK MoD,russia,casualties_via_mod_31,estimate,646804,3108.562786881414,2443.385290890007,2540.631970168612,586.3719999999994,210713819536.3168,950,1,casualties
2024-11-01,UK MoD,russia,casualties_via_mod_32,estimate,688778,3232.904932634064,2526.1295885164373,2652.6639841764872,605.5159999999992,211262548259.72998,981,1,casualties
2024-12-01,UK MoD,russia,casualties_via_mod_33,estimate,734468,3267.986990251785,2538.4771607242415,2684.433928838889,627.3859999999993,211911320314.3541,1011,1,casualties
2025-01-01,UK MoD,russia,casualties_via_mod_34,estimate,783138,3280.6635851420565,2544.2297333630668,2693.5063855035023,653.9459999999991,212506053517.72998,1042,1,casualties
2025-02-01,UK MoD,russia,casualties_via_mod_35,estimate,831374,3324.39882033278,2563.0362706170063,2726.9696374587857,677.6389999999994,212987140832.06967,1073,1,casualties
2025-03-01,UK MoD,russia,casualties_via_mod_36,estimate,866514,3397.705588764241,2599.458183434711,2793.1354277329783,693.3329999999994,213313255037.17,1101,1,casualties
2025-04-01,UK MoD,russia,casualties_via_mod_37,estimate,907682,3539.2627997261243,2674.464706457904,2925.696995647718,714.4479999999996,213536858370.1869,1132,1,casualties
2025-05-01,UK MoD,russia,casualties_via_mod_38,estimate,943952,3670.7186797028703,2771.011722980234,3043.711377279167,730.2779999999995,213748081141.44308,1162,1,casualties
2025-06-01,UK MoD,russia,casualties_via_mod_39,estimate,978455,3792.790954624265,2864.8186736116727,3142.2302195454577,750.837,214283447010.3584,1193,1,casualties
2025-07-01,UK MoD,russia,casualties_via_mod_40,estimate,1010885,3950.564204123779,2994.1295670030663,3283.179900727766,765.9349999999998,214766802785.24963,1223,1,casualties
2025-08-01,UK MoD,russia,casualties_via_mod_41,estimate,1044117,4153.923941405981,3174.2496548687827,3465.4241935364216,780.3669999999995,215272936637.65613,1254,1,casualties
2025-09-01,UK MoD,russia,casualties_via_mod_42,estimate,1072978,4359.088543267691,3358.1332794483487,3647.7071220075272,792.267999999999,215990824050.5397,1285,1,casualties
2025-10-01,UK MoD,russia,casualties_via_mod_43,estimate,1101478,4532.835551837809,3492.531840039505,3808.4878575282773,806.4289999999986,216340659306.66116,1315,1,casualties
2025-11-01,UK MoD,russia,casualties_via_mod_44,estimate,1132726,4643.737297548813,3552.4997637264987,3906.0435910589563,829.9459999999984,216631567299.72873,1346,1,casualties
2025-12-01,UK MoD,russia,casualties_via_mod_45,estimate,1163716,4695.506903319834,3587.392083257554,3939.0514381844155,855.3959999999984,217440986318.75696,1376,1,casualties
2026-01-01,UK MoD,russia,casualties_via_mod_46,estimate,1198746,4715.483965444032,3595.155104566573,3952.315301124094,881.8779999999983,218004915476.9452,1407,1,casualties
2026-02-01,UK MoD,russia,casualties_via_mod_47,estimate,1230459,4727.803116743614,3595.155104566573,3964.6266702832336,905.7689999999982,218399845615.74738,1438,1,casualties
